{"type":"FeatureCollection", "features": [
{"type":"Feature","geometry":{"type":"Polygon","coordinates":[[[120.57182232500008,17.786033365000037],[120.6022255060001,17.809284779000055],[120.69086868800002,17.83457964200005],[120.713090887,17.85995599300003],[120.72824914700004,17.892507978000026],[120.74365221500011,17.90140434400007],[120.75553122500003,17.903190151000043],[120.76318424700004,17.906137922000028],[120.76998125200011,17.906942824000055],[120.77580326800012,17.90923164700007],[120.78375228200004,17.911236471000052],[120.82604262300005,17.95475861500006],[120.85020468100005,17.962860961000043],[120.86494466500007,17.961519929000076],[120.89458557200008,17.951472294000038],[120.9203956020001,17.95626482200003],[120.9312599850001,17.973635974000043],[120.9469459710001,17.99709437600006],[120.93812287900003,18.01240294400003],[120.93225689000009,18.01389628700002],[120.9277503080001,18.020743286000023],[120.92795495700011,18.023135386000032],[120.93339553900013,18.02913028100005],[120.93546188900007,18.06899515000003],[120.92814130400008,18.088193385000068],[120.97006946800002,18.18186392000007],[120.93879022400006,18.22089488100005],[120.92676405500005,18.241938255000036],[120.91666636100001,18.28456025600007],[120.94836326600011,18.38169343000004],[120.94704360700008,18.42062579300005],[120.95867309800006,18.46320241200004],[120.97107508500005,18.523350293000075],[120.97350044600013,18.54150853500005],[120.97645367700012,18.568958937000048],[120.97152073900008,18.57949237900004],[120.95546249800009,18.559624402000058],[120.92800873600004,18.559397641000032],[120.89732007100008,18.572443782000047],[120.86849404900009,18.61074516800005],[120.85288653600003,18.647526628000037],[120.81606590100013,18.63146098200008],[120.78498690700006,18.624524222000048],[120.77766979400008,18.600878073000043],[120.7871003460001,18.568201960000067],[120.76150944400003,18.53956400500004],[120.72517807700002,18.52894981400004],[120.6694201160001,18.531711337000047],[120.62456250900004,18.54570767900003],[120.59802483600005,18.517911887000025],[120.58195433100002,18.514660053000057],[120.5636528010001,18.49142517700005],[120.59390701900008,18.414015010000067],[120.59999656500008,18.37675214800003],[120.59729645400012,18.333825110000078],[120.58906044300011,18.30863481900008],[120.56909203200007,18.28197932300003],[120.54865267100001,18.233600720000027],[120.52351140500002,18.204803687000037],[120.51223627900004,18.135350546000033],[120.47091102600007,18.08597968200007],[120.47856773900001,18.07902007900003],[120.48026778000006,18.016806657000075],[120.49763223400008,18.003474580000045],[120.47603697300008,17.978723403000057],[120.46188261800012,17.939657187000027],[120.42928257500012,17.915602186000054],[120.44338379200008,17.90272064800007],[120.48002829200006,17.898077388000043],[120.5281210910001,17.878524456000036],[120.54059008000002,17.824333185000057],[120.57182232500008,17.786033365000037]]]},"properties":{"adm1_psgc":100000000,"adm2_psgc":102800000,"adm2_en":"Ilocos Norte","geo_level":"Prov","len_crs":309785,"area_crs":3276945154,"len_km":309,"area_km2":3276},"id":102800000},
{"type":"Feature","geometry":{"type":"Polygon","coordinates":[[[120.57182232500008,17.786033365000037],[120.54059008000002,17.824333185000057],[120.5281210910001,17.878524456000036],[120.48002829200006,17.898077388000043],[120.44338379200008,17.90272064800007],[120.44005329900004,17.867140905000042],[120.45311075100005,17.819130408000035],[120.43743370800006,17.815526339000026],[120.40263634400003,17.794080668000053],[120.40569696300007,17.78136622000005],[120.42606927300005,17.774510965000047],[120.43523230500013,17.731811538000045],[120.41964541900008,17.72810716300006],[120.415776563,17.70888861900005],[120.38320818900002,17.692943489000072],[120.35281905200009,17.635678444000064],[120.34437655300009,17.577796981000063],[120.35184339200009,17.548208770000027],[120.39159110500009,17.516358779000033],[120.41357341600009,17.516623544000026],[120.43594567000004,17.47842835400007],[120.43231981200006,17.45112303400003],[120.44616410200001,17.446770551000043],[120.4612753570001,17.40782160400005],[120.44902888,17.374967630000064],[120.45456856300007,17.36126159800005],[120.44411514300008,17.337288655000066],[120.42820388100007,17.337522943000067],[120.42839832000006,17.31631017800004],[120.417079553,17.253710443000045],[120.42041851700004,17.231737774000063],[120.41427879900006,17.204509846000064],[120.42630269900006,17.16897719900004],[120.43368908600009,17.12645238300007],[120.43625797100003,17.083883638000028],[120.44818463300011,17.04352363600003],[120.4498729720001,16.998169936000068],[120.444812522,16.974010931000063],[120.42319849600007,16.93403539300004],[120.41079750900008,16.920904919000066],[120.43577346200004,16.900497252000033],[120.46426010700009,16.914504663000056],[120.48999382900001,16.90546628500005],[120.51072422900006,16.918236059000037],[120.51914827100008,16.906534240000045],[120.51142394200008,16.887283762000038],[120.50695831400003,16.846549994000043],[120.53520039300008,16.816054985000047],[120.53514004700003,16.787169211000048],[120.54890816500007,16.767490429000077],[120.54544368800009,16.728928588000027],[120.53478210300011,16.720904921000056],[120.54907367400006,16.695017388000053],[120.56473922900011,16.684409525000035],[120.5650648840001,16.669766382000034],[120.57452221100006,16.67126486700004],[120.59903624900006,16.738317935000055],[120.58961744100009,16.747182695000053],[120.58601613200004,16.836661373000027],[120.61018355700003,16.840016965000075],[120.61305110600006,16.85698522900003],[120.61957456200001,16.869539409000026],[120.62453594000011,16.877777002000073],[120.64433170600012,16.897367019000058],[120.669563,16.911981],[120.73856888600005,16.915983209000046],[120.7415088660001,16.918565303000037],[120.74335770300003,16.921163842000055],[120.74713567000005,16.924390954000042],[120.74751261300004,16.926550587000058],[120.78527385300004,16.92133500700004],[120.7800911270001,17.016488273000046],[120.76761284700002,17.066790583000053],[120.77482395200002,17.10802099300002],[120.77550995500009,17.107928017000063],[120.78679712000009,17.122858056000045],[120.79287747800004,17.13167457500003],[120.81235520500002,17.155871674000025],[120.80474638400005,17.17126978500005],[120.78622417600002,17.158848836000054],[120.75133329500011,17.15525632500004],[120.73368256900007,17.167989204000037],[120.70276014000002,17.174974877000064],[120.68144676200005,17.18662150900008],[120.6759968650001,17.211330383000075],[120.67967790900003,17.214881007000034],[120.68203495800005,17.21805789900003],[120.68346968400009,17.22615385000006],[120.67987649900009,17.23521480500006],[120.68243014600012,17.241009618000078],[120.6795,17.242668397000042],[120.67308314500009,17.24240648500006],[120.67840099500005,17.25683886900003],[120.63616998800002,17.275628543000032],[120.61928233200003,17.294434202000044],[120.61194929200009,17.302219217000076],[120.59361117000005,17.310185620000027],[120.56675985500011,17.30715998400006],[120.53861061300007,17.343604767000045],[120.5378136380001,17.356986044000053],[120.55201458300009,17.38510003700003],[120.5623710210001,17.40185605300007],[120.56956304800008,17.413888546000067],[120.57486594900001,17.423109443000044],[120.57786001500004,17.430012811000037],[120.58165948100009,17.471827468000072],[120.56549074100006,17.50175551600006],[120.54333671200003,17.492196233000076],[120.53978400800008,17.495105695000063],[120.53374303500004,17.49841254400008],[120.51159320200009,17.49823266400005],[120.47441593400005,17.484247811000042],[120.46816717700004,17.51472706000004],[120.47573633200011,17.53441784400007],[120.48060836900004,17.53931052100006],[120.48607339800004,17.54301726200003],[120.48753841300004,17.544978136000054],[120.48964597200006,17.55323366400006],[120.49006352200001,17.55874330700004],[120.4891025390001,17.56080319300003],[120.4875845880001,17.566985840000026],[120.48809572800008,17.58461679900006],[120.49781832400004,17.625130266000042],[120.51638505600012,17.649240339000077],[120.52968731700003,17.692937735000037],[120.53877010400005,17.713123117000062],[120.54274383600011,17.735323652000037],[120.57182232500008,17.786033365000037]]]},"properties":{"adm1_psgc":100000000,"adm2_psgc":102900000,"adm2_en":"Ilocos Sur","geo_level":"Prov","len_crs":452374,"area_crs":2467458323,"len_km":452,"area_km2":2467},"id":102900000},
{"type":"Feature","geometry":{"type":"Polygon","coordinates":[[[120.5650648840001,16.669766382000034],[120.56473922900011,16.684409525000035],[120.54907367400006,16.695017388000053],[120.53478210300011,16.720904921000056],[120.54544368800009,16.728928588000027],[120.54890816500007,16.767490429000077],[120.53514004700003,16.787169211000048],[120.53520039300008,16.816054985000047],[120.50695831400003,16.846549994000043],[120.51142394200008,16.887283762000038],[120.51914827100008,16.906534240000045],[120.51072422900006,16.918236059000037],[120.48999382900001,16.90546628500005],[120.46426010700009,16.914504663000056],[120.43577346200004,16.900497252000033],[120.41079750900008,16.920904919000066],[120.39798862300006,16.879663127000075],[120.37349629100004,16.857718180000067],[120.33528829000012,16.83673898400002],[120.32519550100007,16.799130766000072],[120.34119219000003,16.735108901000046],[120.33250059400007,16.671132731000053],[120.31053996600006,16.64868405400005],[120.316417795,16.629300101000073],[120.29732813300008,16.604885739000053],[120.30120534600007,16.581581564000036],[120.32080571000006,16.568388156000022],[120.31887288900009,16.543244817000073],[120.3042632260001,16.505451922000077],[120.32744159500011,16.478839367000035],[120.33471454400002,16.43134799100005],[120.32121695400006,16.38247930000006],[120.33017748500005,16.37700978500004],[120.34361002100003,16.345948905000053],[120.33972041600009,16.307229315000036],[120.34790061800003,16.28190458400007],[120.37491984300004,16.27013902400006],[120.40133064300005,16.249058478000048],[120.41726211800005,16.20473609300006],[120.5066795030001,16.206713226000034],[120.51182322200009,16.23220132700004],[120.51317824500006,16.236187199000028],[120.51669938400006,16.249475371000077],[120.50082950600007,16.293355268000028],[120.494724172,16.347753779000076],[120.4690371590001,16.37975687500005],[120.44461437400001,16.38612987700003],[120.45330749300001,16.407515257000053],[120.46101800400004,16.417714876000048],[120.4667313660001,16.41773058200004],[120.46713918000013,16.423943744000038],[120.46996988700005,16.424879316000037],[120.47311491200001,16.47272088900007],[120.4673463900001,16.502706239000076],[120.48809029900006,16.540866315000073],[120.49326212200003,16.54365854400004],[120.5126313620001,16.550257849000044],[120.51203773400003,16.571698316000035],[120.51785667800004,16.594691728000043],[120.54121983300001,16.638014294000072],[120.5650648840001,16.669766382000034]]]},"properties":{"adm1_psgc":100000000,"adm2_psgc":103300000,"adm2_en":"La Union","geo_level":"Prov","len_crs":262415,"area_crs":1414080983,"len_km":262,"area_km2":1414},"id":103300000},
{"type":"Feature","geometry":{"type":"MultiPolygon","coordinates":[[[[119.91216765100012,16.39342735000002],[119.9273988650001,16.389879045000043],[119.96124428600001,16.36946695300003],[119.96127291700009,16.39872865900003],[119.93368374500005,16.42496817500006],[119.91397544300004,16.422775155000068],[119.91216765100012,16.39342735000002]]],[[[120.41726211800005,16.20473609300006],[120.42313200600006,16.162379255000072],[120.39496227900008,16.128543179000076],[120.35948532600003,16.093014466000053],[120.32808684000007,16.069481077000034],[120.28393004600002,16.050265633000038],[120.21752771900003,16.03684232300003],[120.18823561700002,16.04851483400006],[120.17165083200007,16.03732917000008],[120.14400125200005,16.038412460000075],[120.09616972100002,16.069181764000067],[120.08852784300008,16.108407232000047],[120.10186390100013,16.13053090600005],[120.09609883400003,16.156413629000046],[120.04740076300004,16.177716502000067],[120.02906665700004,16.19001124800008],[120.01650739200011,16.17019259100005],[119.99359155700004,16.20129399600006],[119.97124404800002,16.21329854700002],[119.977052812,16.228443819000063],[119.93556626400006,16.23986463000006],[119.9140756040001,16.26221283700005],[119.92180482100002,16.274289454000037],[119.91421518900006,16.300979208000054],[119.92398831000003,16.31892042800007],[119.93020722400003,16.361710845000065],[119.90141155100004,16.392167997000058],[119.87997107600005,16.390971771000064],[119.85646095800007,16.368207323000036],[119.81668234300004,16.360016235000046],[119.78877653400002,16.332683557000053],[119.77371314200002,16.280572957000057],[119.77323576900005,16.248517863000075],[119.78354874100012,16.238800767000043],[119.7644079270001,16.210253697000038],[119.75490576600009,16.171478125000014],[119.76913519400011,16.165706982000074],[119.77799512500009,16.12433034400004],[119.76360343300009,16.112800072000027],[119.76411353500009,16.067404328000062],[119.75676450000002,16.05474917400005],[119.77356094800005,16.02139463000003],[119.76058173500007,16.012384094000026],[119.7620143600001,15.985133647000055],[119.74972090100005,15.965595011000058],[119.76501464700004,15.926094047000051],[119.7852818780001,15.931704098000068],[119.80454822,15.922644882000045],[119.81211371200006,15.955791413000036],[119.85466878400007,15.962626218000025],[119.90487234400007,15.86574382600003],[119.91279496000006,15.835461123000073],[119.89141148100009,15.810836636000033],[119.90962089100002,15.809136558000032],[119.91599049000001,15.80833105500005],[119.94881904800002,15.806244242000048],[119.95252756500008,15.810574364000045],[119.97349795700005,15.804924678000074],[119.99890120200008,15.819663963000044],[120.00732503300003,15.852774509000026],[120.01961753400008,15.872207125000045],[120.03641615200002,15.874149902000056],[120.04651808800008,15.853011909000031],[120.05014208300007,15.854633371000032],[120.05754732200013,15.84782251600006],[120.06114201200013,15.848567082000045],[120.07375384000011,15.83556207800007],[120.07767848100004,15.83598782200005],[120.08969512400006,15.830121261000047],[120.09452801500004,15.828904948000059],[120.09659439400002,15.830041103000035],[120.10156972400013,15.829227034000041],[120.10076150400005,15.826468997000061],[120.10584852600003,15.823275545000051],[120.14429317400004,15.82619759400006],[120.15059775300006,15.815911991000066],[120.15845308700013,15.771714149000047],[120.17777614100008,15.735479338000058],[120.21245195000006,15.687199554000074],[120.2528567830001,15.617769571000052],[120.26539332200002,15.639273167000056],[120.28368711500002,15.643883823000063],[120.28706041900011,15.642985860000062],[120.31116236500009,15.644613677000052],[120.3278619250001,15.680753150000044],[120.35839257500004,15.711756747000043],[120.36227633300007,15.735466716000072],[120.39426220300005,15.755677791000036],[120.43314231600004,15.751574314000038],[120.43787554900008,15.748882466000047],[120.46759425200003,15.722242866000038],[120.48117859500007,15.729628841000027],[120.50705687200004,15.74706390800003],[120.55103785800009,15.763746918000043],[120.58036818900007,15.82990640500003],[120.5900943040001,15.862431135000065],[120.6036309120001,15.860894016000035],[120.6150636640001,15.815561238000045],[120.66924767400008,15.826875483000038],[120.67347150400006,15.831639223000025],[120.69093991600005,15.831160646000058],[120.73089299500008,15.851010298000066],[120.79019697800004,15.827182218000072],[120.81905751900001,15.793215701000065],[120.839224725,15.83120741500005],[120.85593758500012,15.836526259000037],[120.86938474400006,15.86050447500003],[120.86968281400004,15.864851934000058],[120.87386427500007,15.896079757000056],[120.881156916,15.900257279000067],[120.90151585000001,15.912567670000042],[120.92052940700013,15.966318216000047],[120.8961103580001,16.042520563000043],[120.87446505100003,16.093515548000028],[120.87044651800012,16.118870179000055],[120.8578886040001,16.130260565000068],[120.84150888600004,16.168612326000076],[120.80119503800006,16.187660433000072],[120.76891381100006,16.198050425000076],[120.69775323600005,16.19100120800005],[120.68196558300008,16.183926918000054],[120.628418151,16.18062420900003],[120.55802100200003,16.218416174000026],[120.52020294500007,16.23344136100007],[120.51182322200009,16.23220132700004],[120.5066795030001,16.206713226000034],[120.41726211800005,16.20473609300006]]],[[[119.98968519800007,16.35010211800005],[119.97121492500004,16.349347273000035],[119.95141277900005,16.33275043900005],[119.93343578000008,16.295498688000066],[119.95466767900008,16.278945780000075],[119.96272809300002,16.260366780000027],[119.99855842700003,16.223865776000025],[120.01388756900008,16.232584679000066],[120.01938622500008,16.25083022800004],[120.00579682400007,16.260750856000072],[119.99926111,16.281138708000064],[120.0198274080001,16.31102504500006],[119.99816665500009,16.323103896000077],[119.98968519800007,16.35010211800005]]]]},"properties":{"adm1_psgc":100000000,"adm2_psgc":105500000,"adm2_en":"Pangasinan","geo_level":"Prov","len_crs":789136,"area_crs":5161200257,"len_km":789,"area_km2":5161},"id":105500000},
{"type":"Feature","geometry":{"type":"MultiPolygon","coordinates":[[[[121.80285287400011,20.688200545000026],[121.83902334500009,20.70846291900005],[121.85371311900008,20.723667880000054],[121.85665217100008,20.75136337400005],[121.876226082,20.759859551000027],[121.86785084400003,20.781479426000036],[121.88034716900007,20.794038180000026],[121.88019767400012,20.81996234900004],[121.85979046400007,20.836012216000025],[121.83686854900009,20.825403919000053],[121.82822395500011,20.789113772000064],[121.81520760500008,20.76027192200007],[121.80095918600011,20.754521984000068],[121.78276832400002,20.721662759000022],[121.80285287400011,20.688200545000026]]],[[[121.91524715200002,20.355675892000026],[121.95030493400009,20.348728030000075],[121.98071256100002,20.38329184900004],[121.9624234910001,20.41261390800003],[121.98629980400007,20.43804806300005],[122.01393450600007,20.448070017000077],[122.03567570900007,20.46795041900003],[122.02785446300004,20.481029539000073],[122.0029536280001,20.48946827800006],[121.97558691100004,20.471562048000067],[121.95695717300009,20.46866799100007],[121.96756219300005,20.44671681300002],[121.94565098900011,20.41561325300006],[121.92732569300004,20.40928706400006],[121.91524715200002,20.355675892000026]]],[[[121.85854826500008,20.26028199000007],[121.8723958920001,20.28412039600005],[121.88350032300004,20.285062047000046],[121.8889120790001,20.31325944400004],[121.87061830200003,20.340815648000046],[121.84485138900006,20.355371437000034],[121.83795049800004,20.324640487000064],[121.8406808090001,20.287724014000048],[121.85854826500008,20.26028199000007]]],[[[121.80715731700002,20.29992142900004],[121.8195575970001,20.326299685000038],[121.80001695500006,20.33409282200006],[121.79855419000012,20.308395397000027],[121.80715731700002,20.29992142900004]]]]},"properties":{"adm1_psgc":200000000,"adm2_psgc":200900000,"adm2_en":"Batanes","geo_level":"Prov","len_crs":230060,"area_crs":201280837,"len_km":230,"area_km2":201},"id":200900000},
{"type":"Feature","geometry":{"type":"MultiPolygon","coordinates":[[[[121.95962747100009,19.47584474100006],[121.99049111600004,19.50374459600005],[121.9945180970001,19.53157172000005],[121.99094934600011,19.556471327000054],[121.96944268900005,19.57392396600005],[121.94367013100008,19.55532832800003],[121.89602770200008,19.549136694000023],[121.89968606800007,19.51788525400008],[121.95962747100009,19.47584474100006]]],[[[121.51161315600007,19.244224647000063],[121.5103670090001,19.257692546000044],[121.53967262900005,19.268404838000034],[121.53945250100003,19.28776479900006],[121.522910367,19.318213812000074],[121.52933978500006,19.348736603000077],[121.5150989450001,19.38848362100003],[121.50021131200005,19.370893983000027],[121.48158188600006,19.371944167000034],[121.40689028000008,19.393340091000027],[121.39233084700004,19.388337721000028],[121.38829911200003,19.36970234400007],[121.36074723500008,19.351019670000024],[121.39081637600009,19.32857758600006],[121.39004284300006,19.300925148000033],[121.40934532900008,19.283002211000053],[121.46808673800003,19.266573349000055],[121.51161315600007,19.244224647000063]]],[[[121.238831623,19.01277019300005],[121.25384397300002,19.02859803300004],[121.24857486400005,19.061661879000038],[121.24765641300007,19.103454675000027],[121.23644782000008,19.12630365200005],[121.23153837600013,19.15601165000004],[121.21324503500011,19.167278401000033],[121.21054603800009,19.14248746000004],[121.19568852400003,19.09639591600006],[121.1991405240001,19.059833291000082],[121.21512476900011,19.03866495100004],[121.23525748600002,19.03066392500006],[121.238831623,19.01277019300005]]],[[[121.85594979400003,18.812052408000053],[121.87760347300002,18.827192575000026],[121.87882843000013,18.845662321000077],[121.89103888600005,18.86850559600003],[121.92859190500006,18.88587094300004],[121.95563991500002,18.907532332000073],[121.96056807400008,18.935473530000024],[121.97919964900008,18.935285200000067],[121.99294018800003,18.958930634000073],[121.96462497200001,18.973609008000032],[121.94489424800007,19.00180591300006],[121.89702695500011,19.00125293600007],[121.86815825600002,18.97468199900004],[121.87060851000003,18.946850638000058],[121.85108862800007,18.927983965000063],[121.87138301200002,18.893874993000054],[121.86272099900009,18.880893620000048],[121.8346055610001,18.87161035400004],[121.82624672500003,18.860767505000062],[121.83839260600007,18.82039829900003],[121.85594979400003,18.812052408000053]]],[[[121.31633801200006,18.839724181000065],[121.34548574200004,18.841540010000074],[121.37379818800002,18.850166024000035],[121.45296128000007,18.855661315000077],[121.47928180800011,18.872838815000016],[121.41511844700005,18.905782884000068],[121.37770847600007,18.898717593000068],[121.36120551600006,18.888151987000068],[121.34473650600013,18.89134155500005],[121.31224013400004,18.877496288000028],[121.28516976200001,18.884799910000023],[121.27516214500008,18.85785132800004],[121.28954569600012,18.844289756000027],[121.31633801200006,18.839724181000065]]],[[[122.17296890000013,17.58454244400002],[122.1633278490001,17.61140685200007],[122.16314383600002,17.676210140000023],[122.1685222410001,17.69865232500007],[122.14434510100011,17.73768922900007],[122.14839150600005,17.75418382500004],[122.13788191900005,17.779920099000037],[122.13990921300002,17.802975500000056],[122.15538423600003,17.813995345000016],[122.15268325200009,17.839762533000055],[122.16836572800001,17.850726985000048],[122.16563083300002,17.88351555800005],[122.1895840420001,17.911332769000065],[122.18115558900003,17.92167638600006],[122.17739595700003,17.969262805000028],[122.18835812100008,18.01631366800007],[122.17438470100002,18.032602939000068],[122.17723768600003,18.054309273000055],[122.16477260100011,18.071423221000032],[122.18174746000011,18.11664994700004],[122.19065588600007,18.11623225300008],[122.21581376700011,18.15176181200008],[122.26353889600011,18.170332990000073],[122.26609010800007,18.18598311400007],[122.28729110900008,18.199992964000046],[122.30732023300004,18.240391818000028],[122.32031544700008,18.247146152000024],[122.33383130900006,18.28468853000004],[122.33747537500005,18.308790129000048],[122.32042427600004,18.37897686800005],[122.29334246400003,18.411663025000045],[122.276972827,18.416314178000047],[122.2485903500001,18.450705274000025],[122.24047656200003,18.477016673000037],[122.24641128200005,18.488508725000028],[122.23910830200009,18.511822059000046],[122.22375948100013,18.522506965000044],[122.18955019300006,18.51154951100005],[122.14665067700001,18.507007084000062],[122.14808044500013,18.48227639700008],[122.12468801800003,18.423745764000042],[122.1324937290001,18.414217137000033],[122.131934612,18.388181351000068],[122.1178778970001,18.37452400700004],[122.06315085700011,18.342769002000068],[122.05292684000004,18.321735307000043],[122.02781465200007,18.30783786200004],[122.01116399400007,18.287890254000047],[121.93385582600003,18.266702418000023],[121.90842681300002,18.269700620000037],[121.85226362400012,18.284368354000037],[121.76363997100009,18.315198275000053],[121.64395728800002,18.358924992000027],[121.62151758600008,18.35134620900004],[121.60640043900004,18.371869421000042],[121.53602248400011,18.404502226000034],[121.48466872900009,18.435622809000048],[121.45158316900007,18.460188465000044],[121.31367422700009,18.521188671000058],[121.28902353300009,18.536927648000066],[121.19677468800012,18.60882792400002],[121.1609823140001,18.62232623400007],[121.12366305400008,18.628709585000024],[121.09748466400005,18.626217995000044],[121.09069812800011,18.61456853700002],[121.06568194700003,18.607342463000066],[121.03744608100011,18.61542819800007],[121.00148147700008,18.594725242000038],[120.99007550400006,18.59844040200005],[120.97152073900008,18.57949237900004],[120.97645367700012,18.568958937000048],[120.97350044600013,18.54150853500005],[120.97107508500005,18.523350293000075],[120.95867309800006,18.46320241200004],[121.002873797,18.466105643000045],[121.0234730630001,18.498688611000034],[121.03880811000012,18.50503012800004],[121.04146122300007,18.518527332000076],[121.04277930400009,18.52818576600003],[121.06136538900012,18.539197991000037],[121.09350099600012,18.541745912000067],[121.0929344870001,18.539144134000022],[121.09090137000011,18.534892106000033],[121.09235553000008,18.530459628000074],[121.08905418300003,18.52713754200004],[121.08906431300011,18.495391214000048],[121.11492325300001,18.53703559300004],[121.11848091500008,18.54311065400004],[121.15600338400009,18.543774998000064],[121.1678637000001,18.521977657000036],[121.2220811540001,18.500580942000056],[121.22654139600003,18.43647132900003],[121.24884436800005,18.42887990300005],[121.27823308200004,18.396643539000024],[121.28555701000005,18.388537952000032],[121.3186229800001,18.38715477900007],[121.4023827430001,18.340896047000054],[121.41583439900012,18.32357207300004],[121.44274380400009,18.318733568000024],[121.4612568030001,18.31461976800006],[121.48022320600012,18.30637117400005],[121.46462696400012,18.284910661000026],[121.48059010800013,18.26337983800005],[121.48948360700003,18.23884498300003],[121.48189198400009,18.14438367100007],[121.47512921100008,18.140159116000063],[121.4736586690001,18.13443545800004],[121.47379228800003,18.131068987000045],[121.47154483300004,18.130188593000074],[121.468931816,18.12564935000006],[121.46035909600005,18.049410337000037],[121.427838,18.035335404000023],[121.36446941600003,18.061619119000056],[121.34689143800007,18.03861084700003],[121.34547367800009,18.03382366400007],[121.34356314900003,18.03174645600006],[121.34580964700001,18.02993490500005],[121.34758725900008,18.030129477000056],[121.34927463600002,18.026755806000036],[121.3376829670001,18.01223525800003],[121.3317759140001,17.99122467000007],[121.31511820900005,17.97078315600004],[121.35745211900009,17.922368543000058],[121.34696177600006,17.879415140000045],[121.32413865500008,17.84713067200004],[121.32155435200002,17.80423081600002],[121.35867264400008,17.80464696600006],[121.38829731500005,17.793630291000053],[121.39442138600009,17.786467027000075],[121.41411788300002,17.76319366200005],[121.42825329100003,17.72960822100004],[121.43655489200012,17.693226160000044],[121.43675604700002,17.671347725000036],[121.449612956,17.661005241000055],[121.457623968,17.663079060000026],[121.45812115000003,17.668617631000075],[121.46198139100011,17.668736147000057],[121.4642331990001,17.669548829000068],[121.4663220020001,17.67232157400002],[121.47734350600003,17.66774244800007],[121.47587026100007,17.663122695000027],[121.47276627400005,17.661128743000067],[121.47267377100003,17.65953049800004],[121.48512366300008,17.647321689000027],[121.49661415900005,17.591042718000036],[121.546723013,17.580621351000048],[121.57330452200007,17.564788665000034],[121.57673416200008,17.555490541000037],[121.57976868700005,17.554454027000077],[121.59972009100011,17.548195070000077],[121.61420260300008,17.560316989000057],[121.6259729310001,17.528587955000035],[121.64723067800004,17.50048373000004],[121.70381581100003,17.50181446600004],[121.75512754700004,17.509929960000015],[121.78851574600003,17.52549255400003],[121.82031676800013,17.53140441100004],[121.89488360000009,17.530313728000067],[122.04625641700011,17.570316798000018],[122.17296890000013,17.58454244400002]]],[[[122.13331402600011,18.58171632400007],[122.11635635300003,18.56726133500007],[122.111250734,18.548616460000062],[122.12439398700009,18.540791775000063],[122.11802079000006,18.520305017000055],[122.15011540800003,18.51740799300006],[122.14623244900007,18.53209681000004],[122.15771211900007,18.55483806500007],[122.15386680000006,18.576478639000076],[122.13331402600011,18.58171632400007]]]]},"properties":{"adm1_psgc":200000000,"adm2_psgc":201500000,"adm2_en":"Cagayan","geo_level":"Prov","len_crs":1135169,"area_crs":8794377504,"len_km":1135,"area_km2":8794},"id":201500000},
{"type":"Feature","geometry":{"type":"Polygon","coordinates":[[[122.17296890000013,17.58454244400002],[122.04625641700011,17.570316798000018],[121.89488360000009,17.530313728000067],[121.82031676800013,17.53140441100004],[121.78851574600003,17.52549255400003],[121.75512754700004,17.509929960000015],[121.70381581100003,17.50181446600004],[121.64723067800004,17.50048373000004],[121.63792704800005,17.453543829000072],[121.62793480900008,17.431389672000012],[121.62909621500013,17.41831998000004],[121.60608069200009,17.421432186000064],[121.59347822600012,17.39691670600007],[121.58356253700002,17.35691499100005],[121.58219454800007,17.35355906800003],[121.56595052900002,17.351435522000028],[121.55993127700003,17.350483108000045],[121.5387001150001,17.317268562000038],[121.53017478800008,17.274919214000022],[121.53708962400003,17.266305630000037],[121.54497556000001,17.26489446200003],[121.54278393400011,17.247162222000043],[121.54913468000008,17.19652380800005],[121.56139800500011,17.183361080000054],[121.56715873800012,17.13502168600007],[121.56560436300003,17.120795691000065],[121.567020554,17.10782628800007],[121.56571902600001,17.099284737000065],[121.56604146900008,17.08572494500004],[121.5689119130001,17.072423208000032],[121.57149082100013,17.040943460000054],[121.56843673700008,17.018527584000026],[121.56743606500004,17.01727581500006],[121.5656299430001,17.016584909000066],[121.56412176700007,17.015030522000075],[121.55875504700009,17.012190567000054],[121.56071687200006,17.00945781000007],[121.56822243500005,16.909511535000032],[121.54887157900009,16.87368920000006],[121.52132234000011,16.838934767000065],[121.47913536400007,16.83597295800007],[121.45826265700008,16.826283526000058],[121.41951945100004,16.817469334000066],[121.38601317000008,16.796678027000038],[121.35409018100007,16.783638653000025],[121.3317466100001,16.76486086100004],[121.33865075400001,16.75348573900003],[121.370574905,16.75200994000005],[121.38941715600004,16.727348128000077],[121.37803094900005,16.722181686000052],[121.3902645050001,16.694436527000054],[121.3971688790001,16.649877948000036],[121.40618698600008,16.639204305000074],[121.44575299200004,16.634300799000066],[121.46601437900006,16.641396523000026],[121.5194712120001,16.631695926000074],[121.55481491400006,16.628912362000047],[121.57858267100005,16.598471049000068],[121.58379264000007,16.575755187000027],[121.59952867000004,16.57575489800007],[121.62547554000002,16.54907837400003],[121.65903144000005,16.493009112000035],[121.6838058630001,16.47574939900005],[121.69022134400007,16.45900179400007],[121.74500357300008,16.393169809000025],[121.79286491500012,16.408780795000038],[121.80059177500004,16.417749977000028],[121.88729434000004,16.449180033000065],[121.96387054100002,16.484835325000066],[122.0177337130001,16.51702452700005],[122.05880819100003,16.50925477800007],[122.21427288000007,16.47984429100006],[122.2206969460001,16.48079733000003],[122.23059986800001,16.48400908800005],[122.25081580300002,16.516272372000056],[122.276357619,16.52470019200007],[122.29826674100002,16.55179161800004],[122.32427408,16.61079278400006],[122.35061364100011,16.655135019000056],[122.35782234800001,16.677408492000037],[122.40411025100002,16.748780186000033],[122.41872644800003,16.787039113000045],[122.43348266200009,16.797123175000028],[122.43148398400001,16.831394414000044],[122.45921524000005,16.87385955900004],[122.46099050500004,16.917758164000077],[122.47582282200007,16.95136893600005],[122.46492127200008,16.96632771300005],[122.4877791450001,17.02036920300003],[122.51007473200004,17.03759480300005],[122.51993955000012,17.09063590800002],[122.51501961200006,17.136765427000057],[122.48016162300007,17.116009943000044],[122.45810080900002,17.11450352800006],[122.41855300600002,17.138062347000073],[122.41087640400008,17.170569783000076],[122.42011281500004,17.191682057000037],[122.42235368700005,17.254440021000054],[122.44369316000005,17.26380267100007],[122.43948498500004,17.287668364000066],[122.42170372600003,17.30357915200005],[122.40707924700007,17.33359686500006],[122.39356083700011,17.322508150000033],[122.37331036700003,17.352376717000027],[122.35427872700006,17.33531371500004],[122.32235627500008,17.34242186200004],[122.31180370200002,17.33243779500003],[122.28750753300007,17.338946431000068],[122.2858022470001,17.360982876000037],[122.2653315120001,17.353988048000076],[122.24575531400002,17.366183745000054],[122.2447460610001,17.409375874000034],[122.21478842500005,17.455597506000064],[122.19482784800006,17.501074138000035],[122.18474922400004,17.54193998800002],[122.19068245400001,17.547957689000043],[122.17296890000013,17.58454244400002]]]},"properties":{"adm1_psgc":200000000,"adm2_psgc":203100000,"adm2_en":"Isabela","geo_level":"Prov","len_crs":606202,"area_crs":10489909469,"len_km":606,"area_km2":10489},"id":203100000},
{"type":"Feature","geometry":{"type":"Polygon","coordinates":[[[121.44575299200004,16.634300799000066],[121.40618698600008,16.639204305000074],[121.3971688790001,16.649877948000036],[121.3902645050001,16.694436527000054],[121.37803094900005,16.722181686000052],[121.38941715600004,16.727348128000077],[121.370574905,16.75200994000005],[121.33865075400001,16.75348573900003],[121.31434472400008,16.717911633000025],[121.31541259900008,16.701307632000066],[121.28823650000005,16.68623673400003],[121.25928948300007,16.65178447000005],[121.23604050400002,16.654163596000043],[121.2339708620001,16.652488255000033],[121.23316887200008,16.650103009000077],[121.23173946300005,16.64858051000005],[121.22163417600008,16.644468338000024],[121.19690026700006,16.639026568000077],[121.16058286600004,16.63868909200005],[121.1354977630001,16.644747052000074],[121.10563417500009,16.63056137700005],[121.07213162600011,16.627830254000056],[121.03570305200004,16.61000610700006],[120.98371653300002,16.56947082300007],[120.94753998600004,16.57919712100005],[120.92950614800007,16.600053544000048],[120.90440899500003,16.595359904000077],[120.89210972500007,16.558460226000022],[120.88320633500008,16.505391507000066],[120.88426809600003,16.491429927000066],[120.889427,16.436073],[120.87814482400007,16.421579058000077],[120.87115844600008,16.384243957000024],[120.84552298100004,16.319500078000026],[120.82832254100003,16.31969874500004],[120.80005260900009,16.30484574400003],[120.78377370200008,16.246740281000033],[120.77448095400007,16.21631777500005],[120.76896590800004,16.19803365700005],[120.80119503800006,16.187660433000072],[120.84150888600004,16.168612326000076],[120.8578886040001,16.130260565000068],[120.87044651800012,16.118870179000055],[120.94003228000008,16.133600949000023],[120.98789352400001,16.125824962000024],[120.99308113400002,16.133666330000036],[120.9987737030001,16.136511258000038],[121.04773934000002,16.137989391000076],[121.0878713080001,16.11399938200003],[121.11953343000006,16.113344204000043],[121.14185030100009,16.104218253000056],[121.15619023800004,16.09640063700005],[121.17424918400003,16.090108902000054],[121.18504504700002,16.07174795900005],[121.19210574800002,15.997633897000071],[121.18785990100002,15.948386911000059],[121.19399818500007,15.922087606000046],[121.22285791500008,15.872750951000056],[121.28033899700006,15.767132018000035],[121.28476349300001,15.754418537000051],[121.3163861590001,15.800925732000048],[121.31771017400001,15.804652432000069],[121.37376803400002,15.831617787000027],[121.47114962000002,15.886741050000069],[121.46354426900007,15.926616156000026],[121.44036342000004,15.936710192000074],[121.3407596090001,16.021969981000037],[121.36543708700003,16.066626002000078],[121.32284322700004,16.093650980000064],[121.30264075500008,16.116559135000042],[121.28703627500012,16.148544101000024],[121.32651811800008,16.15783594700002],[121.33554269800004,16.17306071900003],[121.31394964800006,16.17928840600007],[121.29989098200008,16.209559719000023],[121.34825628400006,16.19670942400006],[121.38376232500002,16.201110999000036],[121.41985524200005,16.231628588000035],[121.432033595,16.254100451000053],[121.4670669950001,16.270934803000046],[121.520757752,16.339014960000043],[121.48150201400004,16.357183331000044],[121.43716017000008,16.383300146000067],[121.44860449300008,16.428118329000032],[121.40003235000007,16.434969730000034],[121.376865703,16.451005424000073],[121.3577187190001,16.498419118000076],[121.38468610900009,16.506486988000066],[121.39264336400004,16.54154879800006],[121.39985675100002,16.607053096000072],[121.41383162800003,16.618890659000037],[121.43647493700007,16.623433001000024],[121.44575299200004,16.634300799000066]]]},"properties":{"adm1_psgc":200000000,"adm2_psgc":205000000,"adm2_en":"Nueva Vizcaya","geo_level":"Prov","len_crs":403864,"area_crs":4126548282,"len_km":403,"area_km2":4126},"id":205000000},
{"type":"Feature","geometry":{"type":"Polygon","coordinates":[[[122.05880819100003,16.50925477800007],[122.0177337130001,16.51702452700005],[121.96387054100002,16.484835325000066],[121.88729434000004,16.449180033000065],[121.80059177500004,16.417749977000028],[121.79286491500012,16.408780795000038],[121.74500357300008,16.393169809000025],[121.69022134400007,16.45900179400007],[121.6838058630001,16.47574939900005],[121.65903144000005,16.493009112000035],[121.62547554000002,16.54907837400003],[121.59952867000004,16.57575489800007],[121.58379264000007,16.575755187000027],[121.57858267100005,16.598471049000068],[121.55481491400006,16.628912362000047],[121.5194712120001,16.631695926000074],[121.46601437900006,16.641396523000026],[121.44575299200004,16.634300799000066],[121.43647493700007,16.623433001000024],[121.41383162800003,16.618890659000037],[121.39985675100002,16.607053096000072],[121.39264336400004,16.54154879800006],[121.38468610900009,16.506486988000066],[121.3577187190001,16.498419118000076],[121.376865703,16.451005424000073],[121.40003235000007,16.434969730000034],[121.44860449300008,16.428118329000032],[121.43716017000008,16.383300146000067],[121.48150201400004,16.357183331000044],[121.520757752,16.339014960000043],[121.4670669950001,16.270934803000046],[121.432033595,16.254100451000053],[121.41985524200005,16.231628588000035],[121.38376232500002,16.201110999000036],[121.34825628400006,16.19670942400006],[121.29989098200008,16.209559719000023],[121.31394964800006,16.17928840600007],[121.33554269800004,16.17306071900003],[121.32651811800008,16.15783594700002],[121.28703627500012,16.148544101000024],[121.30264075500008,16.116559135000042],[121.32284322700004,16.093650980000064],[121.36543708700003,16.066626002000078],[121.3407596090001,16.021969981000037],[121.44036342000004,15.936710192000074],[121.46354426900007,15.926616156000026],[121.50129583100012,15.95018054500002],[121.5051354100001,15.949077688000044],[121.50860736900006,15.948955148000035],[121.51154832400005,15.953407426000071],[121.51551044200006,15.95826816900006],[121.51485689700007,15.96100489000003],[121.5200852600001,15.962475367000025],[121.52490515700005,15.968847435000043],[121.52882642900009,15.969868599000048],[121.57062539300013,16.01126710500006],[121.62897873000009,16.063865467000024],[121.72325119700008,16.144655707000027],[121.764923618,16.173819910000077],[121.78125155300006,16.19321946900004],[121.84589590900009,16.249155589000054],[121.86282605800012,16.27139610700004],[121.89353425500009,16.301854026000058],[121.92814156500005,16.347999956000024],[121.96723491500006,16.40023248400007],[122.01083724000013,16.449351175000057],[122.02489034600002,16.46535309900003],[122.05880819100003,16.50925477800007]]]},"properties":{"adm1_psgc":200000000,"adm2_psgc":205700000,"adm2_en":"Quirino","geo_level":"Prov","len_crs":323147,"area_crs":2767354533,"len_km":323,"area_km2":2767},"id":205700000},
{"type":"Feature","geometry":{"type":"Polygon","coordinates":[[[120.55426459000012,14.820737035000036],[120.52996468200003,14.832459915000069],[120.5180731580001,14.859971469000074],[120.50599482200005,14.861656435000043],[120.47641131900004,14.91962046200007],[120.46126986800006,14.921266418000073],[120.42280570000003,14.914471035000073],[120.40665743800001,14.88570509300007],[120.34119403900002,14.857304444000023],[120.34021008900005,14.817820355000038],[120.36109152900009,14.792929272000038],[120.3593488030001,14.776626151000073],[120.331304035,14.767899193000064],[120.32043759400005,14.75694027200007],[120.2782164140001,14.73891010900007],[120.2502833420001,14.726266689000056],[120.24818179700004,14.692287460000045],[120.29232886400007,14.655530363000024],[120.31487632400001,14.626121303000048],[120.32877685200003,14.636236736000054],[120.34858773600003,14.619553496000036],[120.36803668300001,14.625765517000048],[120.39280916200006,14.587940439000025],[120.38291627700005,14.568593554000076],[120.38998949300002,14.537892413000067],[120.37474302800003,14.524687197000045],[120.38171095100006,14.475571823000053],[120.38853580900002,14.460073983000026],[120.44478092700002,14.446346042000073],[120.46535926700007,14.421280646000067],[120.48639886800004,14.43344834000004],[120.55401782400008,14.422366258000064],[120.5763699160001,14.431959074000074],[120.60237232300005,14.461890157000026],[120.608716791,14.478447205000064],[120.60842371700005,14.533553079000054],[120.58742078800003,14.589587866000043],[120.5840988020001,14.643158220000025],[120.55383794200009,14.703961022000046],[120.54658337400008,14.726362146000042],[120.55617815100005,14.79959864900007],[120.55426459000012,14.820737035000036]]]},"properties":{"adm1_psgc":300000000,"adm2_psgc":300800000,"adm2_en":"Bataan","geo_level":"Prov","len_crs":290679,"area_crs":1246275464,"len_km":290,"area_km2":1246},"id":300800000},
{"type":"Feature","geometry":{"type":"Polygon","coordinates":[[[121.31215264300012,15.198769701000064],[121.25093778800012,15.201790574000022],[121.20653523100007,15.220440853000069],[121.18592226200008,15.265765786000035],[121.14503048900009,15.272196883000047],[121.1163055830001,15.265820260000053],[121.07470719000004,15.268369465000033],[121.00487735400009,15.245915766000055],[120.98568132400011,15.227066111000056],[120.92865891600002,15.216318620000036],[120.93341741300002,15.200785508000024],[120.92049020200012,15.181481471000039],[120.92127848400001,15.155285676000062],[120.94784750500001,15.136836239000042],[120.93328239500012,15.089088583000038],[120.90273443800004,15.08579794200006],[120.89808489900008,15.072300916000074],[120.91405588500004,15.051393264000069],[120.90889529800005,15.022694277000024],[120.8781569030001,15.007854643000027],[120.87914163500011,14.982093235000042],[120.85629099500012,14.976220701000043],[120.85594432300002,14.960212262000024],[120.83266964000008,14.95703023000004],[120.77246186800005,14.924464991000036],[120.74316107100003,14.93094760900004],[120.7257576410001,14.910641975000031],[120.7216121670001,14.873341453000021],[120.69810754700006,14.830804838000063],[120.69958991900013,14.814917805000047],[120.6872372130001,14.770876218000069],[120.72412013300004,14.763456963000067],[120.73820768600001,14.77344560900008],[120.75003958600007,14.75881515900005],[120.7691687680001,14.764475984000063],[120.80138175000002,14.754859573000033],[120.820108536,14.760218699000065],[120.8551997830001,14.729142895000047],[120.90340439300009,14.704011029000068],[120.914869177,14.708719852000064],[120.91841488700004,14.712960826000025],[120.92712730400001,14.704270054000059],[120.94315945500011,14.68961009700007],[120.95312750500011,14.694240067000067],[120.93571315800011,14.714871993000035],[120.92993598600002,14.723804501000075],[120.92596146500011,14.734299748000069],[120.93407246800008,14.733149373000058],[120.93633694300001,14.736818515000042],[120.9430263180001,14.734198211000033],[120.9492786620001,14.73419668900004],[120.95424924100008,14.728546895000022],[120.95955042400011,14.719873626000034],[120.96768144600001,14.72386791200006],[120.96950173200003,14.722038837000069],[120.97632849300008,14.725414858000024],[120.97778801200002,14.724137507000021],[120.98338951500011,14.725953012000048],[120.9901370550001,14.75706363100005],[121.00890606500003,14.756751727000054],[121.02402399100004,14.763034879000028],[121.02385302800008,14.77264812900006],[121.02796889500009,14.781271736000066],[121.03017164600011,14.782975645000022],[121.03890663000006,14.78503162200007],[121.04394383900002,14.780403640000033],[121.04825023900004,14.782252495000023],[121.05542050700002,14.782563240000059],[121.06281189200001,14.778688669000076],[121.06298962200002,14.774852559000065],[121.0701767710001,14.774535296000067],[121.07389394100005,14.77327141100005],[121.085874998,14.773785710000029],[121.08710074800001,14.767972939000064],[121.09064479400001,14.767453811000047],[121.09759307400009,14.768762164000071],[121.10445726500006,14.77068312600005],[121.11015315000009,14.774185175000069],[121.11032008100007,14.77700611100005],[121.12696550500006,14.787478795000029],[121.12482925200004,14.792828989000041],[121.12964126200008,14.796970849000047],[121.1368658130001,14.801465402000076],[121.15052962900006,14.801784266000027],[121.16528463600002,14.823417534000043],[121.19251978000013,14.820914288000036],[121.19638804400006,14.821172390000074],[121.21224008200011,14.820162852000069],[121.2171407530001,14.820228194000038],[121.22106455700009,14.819711990000032],[121.220814302,14.825712833000066],[121.21925184400004,14.833223191000052],[121.25299686000005,14.829226647000041],[121.33035662500004,14.834802543000022],[121.33317022600012,14.840967239000065],[121.33171742500008,14.84756815000003],[121.3401122450001,14.886441354000056],[121.33820501800007,14.947222596000074],[121.34785653300003,14.996370968000065],[121.33576784200011,15.041492187000072],[121.33205404700004,15.072036283000042],[121.31965715800004,15.11639764200004],[121.31879139300008,15.164067442000029],[121.31215264300012,15.198769701000064]]]},"properties":{"adm1_psgc":300000000,"adm2_psgc":301400000,"adm2_en":"Bulacan","geo_level":"Prov","len_crs":357485,"area_crs":2710754756,"len_km":357,"area_km2":2710},"id":301400000},
{"type":"Feature","geometry":{"type":"Polygon","coordinates":[[[121.28476349300001,15.754418537000051],[121.28033899700006,15.767132018000035],[121.22285791500008,15.872750951000056],[121.19399818500007,15.922087606000046],[121.18785990100002,15.948386911000059],[121.19210574800002,15.997633897000071],[121.18504504700002,16.07174795900005],[121.17424918400003,16.090108902000054],[121.15619023800004,16.09640063700005],[121.14185030100009,16.104218253000056],[121.11953343000006,16.113344204000043],[121.0878713080001,16.11399938200003],[121.04773934000002,16.137989391000076],[120.9987737030001,16.136511258000038],[120.99308113400002,16.133666330000036],[120.98789352400001,16.125824962000024],[120.94003228000008,16.133600949000023],[120.87044651800012,16.118870179000055],[120.87446505100003,16.093515548000028],[120.8961103580001,16.042520563000043],[120.92052940700013,15.966318216000047],[120.90151585000001,15.912567670000042],[120.881156916,15.900257279000067],[120.87386427500007,15.896079757000056],[120.86968281400004,15.864851934000058],[120.86938474400006,15.86050447500003],[120.85593758500012,15.836526259000037],[120.839224725,15.83120741500005],[120.81905751900001,15.793215701000065],[120.79019697800004,15.827182218000072],[120.73089299500008,15.851010298000066],[120.69093991600005,15.831160646000058],[120.67347150400006,15.831639223000025],[120.66924767400008,15.826875483000038],[120.6150636640001,15.815561238000045],[120.62845097100002,15.731305624000074],[120.65766849400005,15.662499082000068],[120.69694031000004,15.618043090000068],[120.74181079700008,15.618811382000047],[120.74803815300005,15.593195428000058],[120.7325260680001,15.583154759000026],[120.72099495400006,15.550356954000053],[120.73371261100009,15.536855206000038],[120.74540941400006,15.505163393000034],[120.74906812300004,15.472625994000053],[120.74376207000013,15.450884910000067],[120.76160618700011,15.435547245000068],[120.76236231700011,15.417785005000042],[120.74187423800004,15.381475093000065],[120.7384524040001,15.333535906000066],[120.75572014200009,15.319438281000034],[120.73421095200001,15.277158338000046],[120.73540473100003,15.257245636000048],[120.77076961700003,15.26759135700007],[120.76835413100002,15.25120829800005],[120.7901530040001,15.212853917000075],[120.8381835470001,15.201553705000034],[120.84880684000007,15.18386219200005],[120.86542324400013,15.176232549000078],[120.890312246,15.18523474500006],[120.90346552800008,15.213618034000032],[120.92865891600002,15.216318620000036],[120.98568132400011,15.227066111000056],[121.00487735400009,15.245915766000055],[121.07470719000004,15.268369465000033],[121.1163055830001,15.265820260000053],[121.14503048900009,15.272196883000047],[121.18592226200008,15.265765786000035],[121.20653523100007,15.220440853000069],[121.25093778800012,15.201790574000022],[121.31215264300012,15.198769701000064],[121.32359234400008,15.239708991000045],[121.33389083800013,15.295655260000045],[121.35379088200011,15.345691532000043],[121.33999648100006,15.382839272000068],[121.35835769500011,15.406953526000052],[121.378521524,15.485011371000047],[121.28476349300001,15.754418537000051]]]},"properties":{"adm1_psgc":300000000,"adm2_psgc":304900000,"adm2_en":"Nueva Ecija","geo_level":"Prov","len_crs":417819,"area_crs":5506443156,"len_km":417,"area_km2":5506},"id":304900000},
{"type":"Feature","geometry":{"type":"Polygon","coordinates":[[[120.73421095200001,15.277158338000046],[120.70611240500013,15.274087277000039],[120.70041309500004,15.263124283000025],[120.66793663200009,15.277760137000032],[120.63261738900007,15.259523647000037],[120.59331824000002,15.265997952000077],[120.56732752500011,15.263818960000037],[120.547660768,15.254440064000052],[120.54185476000009,15.23975216400004],[120.52199098000006,15.226423853000028],[120.49421364300007,15.225257195000042],[120.47959387600008,15.214946499000066],[120.440227616,15.20099907200006],[120.41835810100008,15.181353086000055],[120.36759662500005,15.167097115000045],[120.35605737500009,15.13502351100004],[120.36503970000001,15.108136663000039],[120.406873,15.074102701000069],[120.42228522400002,15.041691793000034],[120.42091735000007,14.990123146000032],[120.43623309200007,14.96231690400003],[120.44769220000002,14.960627217000026],[120.46126986800006,14.921266418000073],[120.47641131900004,14.91962046200007],[120.50599482200005,14.861656435000043],[120.5180731580001,14.859971469000074],[120.52996468200003,14.832459915000069],[120.55426459000012,14.820737035000036],[120.58601226000008,14.82406656300003],[120.6025850740001,14.815458633000047],[120.6523424180001,14.767872625000056],[120.6872372130001,14.770876218000069],[120.69958991900013,14.814917805000047],[120.69810754700006,14.830804838000063],[120.7216121670001,14.873341453000021],[120.7257576410001,14.910641975000031],[120.74316107100003,14.93094760900004],[120.77246186800005,14.924464991000036],[120.83266964000008,14.95703023000004],[120.85594432300002,14.960212262000024],[120.85629099500012,14.976220701000043],[120.87914163500011,14.982093235000042],[120.8781569030001,15.007854643000027],[120.90889529800005,15.022694277000024],[120.91405588500004,15.051393264000069],[120.89808489900008,15.072300916000074],[120.90273443800004,15.08579794200006],[120.93328239500012,15.089088583000038],[120.94784750500001,15.136836239000042],[120.92127848400001,15.155285676000062],[120.92049020200012,15.181481471000039],[120.93341741300002,15.200785508000024],[120.92865891600002,15.216318620000036],[120.90346552800008,15.213618034000032],[120.890312246,15.18523474500006],[120.86542324400013,15.176232549000078],[120.84880684000007,15.18386219200005],[120.8381835470001,15.201553705000034],[120.7901530040001,15.212853917000075],[120.76835413100002,15.25120829800005],[120.77076961700003,15.26759135700007],[120.73540473100003,15.257245636000048],[120.73421095200001,15.277158338000046]]]},"properties":{"adm1_psgc":300000000,"adm2_psgc":305400000,"adm2_en":"Pampanga","geo_level":"Prov","len_crs":291563,"area_crs":2115903632,"len_km":291,"area_km2":2115},"id":305400000},
{"type":"Feature","geometry":{"type":"Polygon","coordinates":[[[120.6150636640001,15.815561238000045],[120.6036309120001,15.860894016000035],[120.5900943040001,15.862431135000065],[120.58036818900007,15.82990640500003],[120.55103785800009,15.763746918000043],[120.50705687200004,15.74706390800003],[120.48117859500007,15.729628841000027],[120.46759425200003,15.722242866000038],[120.43787554900008,15.748882466000047],[120.43314231600004,15.751574314000038],[120.39426220300005,15.755677791000036],[120.36227633300007,15.735466716000072],[120.35839257500004,15.711756747000043],[120.3278619250001,15.680753150000044],[120.31116236500009,15.644613677000052],[120.28706041900011,15.642985860000062],[120.28368711500002,15.643883823000063],[120.26539332200002,15.639273167000056],[120.2528567830001,15.617769571000052],[120.26404654900011,15.597693989000046],[120.223042,15.57605272200004],[120.18910368800005,15.516064781000066],[120.1724779860001,15.438335885000068],[120.16519461000007,15.36177375200003],[120.28224524300005,15.289590427000064],[120.33616555000003,15.235095099000032],[120.36759662500005,15.167097115000045],[120.41835810100008,15.181353086000055],[120.440227616,15.20099907200006],[120.47959387600008,15.214946499000066],[120.49421364300007,15.225257195000042],[120.52199098000006,15.226423853000028],[120.54185476000009,15.23975216400004],[120.547660768,15.254440064000052],[120.56732752500011,15.263818960000037],[120.59331824000002,15.265997952000077],[120.63261738900007,15.259523647000037],[120.66793663200009,15.277760137000032],[120.70041309500004,15.263124283000025],[120.70611240500013,15.274087277000039],[120.73421095200001,15.277158338000046],[120.75572014200009,15.319438281000034],[120.7384524040001,15.333535906000066],[120.74187423800004,15.381475093000065],[120.76236231700011,15.417785005000042],[120.76160618700011,15.435547245000068],[120.74376207000013,15.450884910000067],[120.74906812300004,15.472625994000053],[120.74540941400006,15.505163393000034],[120.73371261100009,15.536855206000038],[120.72099495400006,15.550356954000053],[120.7325260680001,15.583154759000026],[120.74803815300005,15.593195428000058],[120.74181079700008,15.618811382000047],[120.69694031000004,15.618043090000068],[120.65766849400005,15.662499082000068],[120.62845097100002,15.731305624000074],[120.6150636640001,15.815561238000045]]]},"properties":{"adm1_psgc":300000000,"adm2_psgc":306900000,"adm2_en":"Tarlac","geo_level":"Prov","len_crs":275154,"area_crs":2974676788,"len_km":275,"area_km2":2974},"id":306900000},
{"type":"Feature","geometry":{"type":"Polygon","coordinates":[[[120.2528567830001,15.617769571000052],[120.21245195000006,15.687199554000074],[120.17777614100008,15.735479338000058],[120.15845308700013,15.771714149000047],[120.15059775300006,15.815911991000066],[120.14429317400004,15.82619759400006],[120.10584852600003,15.823275545000051],[120.10076150400005,15.826468997000061],[120.10156972400013,15.829227034000041],[120.09659439400002,15.830041103000035],[120.09452801500004,15.828904948000059],[120.08969512400006,15.830121261000047],[120.07767848100004,15.83598782200005],[120.07375384000011,15.83556207800007],[120.06114201200013,15.848567082000045],[120.05754732200013,15.84782251600006],[120.05014208300007,15.854633371000032],[120.04651808800008,15.853011909000031],[120.03641615200002,15.874149902000056],[120.01961753400008,15.872207125000045],[120.00732503300003,15.852774509000026],[119.99890120200008,15.819663963000044],[119.97349795700005,15.804924678000074],[119.95252756500008,15.810574364000045],[119.94881904800002,15.806244242000048],[119.91599049000001,15.80833105500005],[119.90962089100002,15.809136558000032],[119.89141148100009,15.810836636000033],[119.90023609300009,15.771063926000068],[119.90936622000004,15.754257368000028],[119.8875550250001,15.749154560000022],[119.86918836400002,15.735833707000038],[119.89522472600005,15.711295255000039],[119.93221053600008,15.694479948000039],[119.93188576500006,15.666316756000068],[119.91571935500006,15.62584643900004],[119.90474981900003,15.620130864000034],[119.91792623500011,15.583544121000044],[119.93997353000009,15.558144939000043],[119.96154224600004,15.50421723100004],[119.94786384000008,15.482155624000027],[119.92378059600003,15.47484080200007],[119.89982846100008,15.47766777800007],[119.91441569800007,15.443786707000067],[119.89009185200007,15.431010754000056],[119.90220778300012,15.40713038100006],[119.93558463000011,15.381309680000067],[119.96745294700007,15.343288895000057],[119.96395986600011,15.327698124000051],[120.0162021110001,15.264447562000045],[120.01053930100012,15.238335951000067],[120.02972292200002,15.189289101000044],[120.0595993190001,15.061823844000061],[120.05366806400002,15.035730695000037],[120.06390168400003,15.017936689000067],[120.06425760700006,14.98649978500003],[120.0561792200001,14.93731039500005],[120.06238576000011,14.918239844000027],[120.0543201800001,14.893539052000055],[120.06543045500005,14.86672488700003],[120.08404439700007,14.85287765600003],[120.09151807400009,14.822103177000033],[120.10257851200005,14.807437442000033],[120.08350310900005,14.786746616000075],[120.13083897500007,14.775664694000062],[120.13010310600008,14.752883741000062],[120.14846895800007,14.756340142000056],[120.16960928100004,14.748021905000034],[120.18954915300003,14.750836982000065],[120.2033190410001,14.79767999600005],[120.21523077100007,14.809095295000073],[120.20762727500005,14.874339490000068],[120.2252995660001,14.877900965000036],[120.24475623600006,14.849407532000043],[120.26716135100003,14.846981645000028],[120.267623209,14.823748920000071],[120.2840905380001,14.800739975000052],[120.25780643200007,14.76451903800006],[120.25668235400008,14.746341670000051],[120.2782164140001,14.73891010900007],[120.32043759400005,14.75694027200007],[120.331304035,14.767899193000064],[120.3593488030001,14.776626151000073],[120.36109152900009,14.792929272000038],[120.34021008900005,14.817820355000038],[120.34119403900002,14.857304444000023],[120.40665743800001,14.88570509300007],[120.42280570000003,14.914471035000073],[120.46126986800006,14.921266418000073],[120.44769220000002,14.960627217000026],[120.43623309200007,14.96231690400003],[120.42091735000007,14.990123146000032],[120.42228522400002,15.041691793000034],[120.406873,15.074102701000069],[120.36503970000001,15.108136663000039],[120.35605737500009,15.13502351100004],[120.36759662500005,15.167097115000045],[120.33616555000003,15.235095099000032],[120.28224524300005,15.289590427000064],[120.16519461000007,15.36177375200003],[120.1724779860001,15.438335885000068],[120.18910368800005,15.516064781000066],[120.223042,15.57605272200004],[120.26404654900011,15.597693989000046],[120.2528567830001,15.617769571000052]]]},"properties":{"adm1_psgc":300000000,"adm2_psgc":307100000,"adm2_en":"Zambales","geo_level":"Prov","len_crs":582660,"area_crs":3733936862,"len_km":582,"area_km2":3733},"id":307100000},
{"type":"Feature","geometry":{"type":"Polygon","coordinates":[[[121.34785653300003,14.996370968000065],[121.3533836270001,15.001538499000041],[121.35137018900002,15.035906006000063],[121.35890395100012,15.061478987000045],[121.358579039,15.066623157000038],[121.36556970500008,15.071406033000072],[121.37002309100002,15.070885085000043],[121.37049916600006,15.087135951000052],[121.37400455200009,15.095887405000038],[121.37541563100001,15.096968281000041],[121.3833723240001,15.097651264000035],[121.38650458500001,15.09999260400002],[121.38889195200011,15.103391136000026],[121.39138801400009,15.105162853000024],[121.39460381500011,15.105961485000027],[121.39664727300008,15.110763430000075],[121.39874487500003,15.12454433200003],[121.39973433100009,15.129882379000037],[121.40140165600009,15.134503355000051],[121.4005527480001,15.140777744000046],[121.396577191,15.145178117000054],[121.400674567,15.148064543000032],[121.40341882900009,15.151331872000068],[121.39618145400006,15.162714643000077],[121.39250054000001,15.163233985000033],[121.38974890900012,15.162213709000067],[121.38466816800008,15.155597583000027],[121.38323214700006,15.157062940000062],[121.38451915200004,15.162719722000075],[121.38046702200008,15.16848077300006],[121.38387927400002,15.170734266000064],[121.4018443550001,15.172192895000025],[121.4027507850001,15.177105877000029],[121.40809682500004,15.182936998000056],[121.40688786400005,15.187683648000073],[121.40349769600006,15.194125910000023],[121.40232335200005,15.203701252000029],[121.40834958200003,15.21288550300005],[121.41712050200012,15.216888696000073],[121.38064047200011,15.290072694000058],[121.37299956800008,15.32171117700005],[121.3850317450001,15.365060471000046],[121.40312952600004,15.384515089000043],[121.42548904700006,15.37100412300003],[121.4401135170001,15.382528357000062],[121.45612017100005,15.411954795000042],[121.4730592630001,15.41668181400007],[121.48844016400005,15.462515176000066],[121.48449988900008,15.483463863000056],[121.49270334000005,15.520978898000068],[121.512142304,15.542092457000022],[121.53059794500007,15.545712518000071],[121.54251661,15.575917044000049],[121.56099776200006,15.588515822000035],[121.56799868500002,15.605683813000038],[121.59621008300007,15.642419078000046],[121.61703790600006,15.657411187000035],[121.59593311000003,15.676871156000061],[121.61078905000011,15.684059222000034],[121.61113166000007,15.707719990000044],[121.63716655000007,15.708217685000026],[121.64177879500005,15.722195068000076],[121.63674170900005,15.748979476000041],[121.59829702500008,15.762418049000077],[121.58451588900006,15.753835847000058],[121.5645178310001,15.768322867000045],[121.55159618200004,15.81066733300003],[121.5478308590001,15.861242571000052],[121.554405502,15.897447717000034],[121.58006320000004,15.927955131000038],[121.60049794400005,15.934980471000076],[121.6261494460001,15.965536451000046],[121.65298387100007,15.972899435000041],[121.66501017000006,16.005500489000042],[121.71734526900002,16.040927647000046],[121.73990820800009,16.066768794000037],[121.75789200800011,16.076082430000042],[121.7793574860001,16.062419646000023],[121.813044998,16.086483175000065],[121.83637628800011,16.09032705100003],[121.86155739700007,16.11604703300003],[121.9073406660001,16.12888269200005],[121.93698157800009,16.125986667000063],[121.96712696700003,16.136384588000052],[121.98275792800007,16.15677384300005],[122.020868,16.18019077400004],[122.03742231100011,16.17453355400005],[122.06772900800003,16.190797576000026],[122.06349797500003,16.223708996000024],[122.08482099300011,16.258823981000035],[122.10446615600006,16.26318962500005],[122.13939712800004,16.256261909000045],[122.1357261290001,16.237318462000076],[122.11775431900003,16.214213216000076],[122.09509441500008,16.204547415000032],[122.09417613500011,16.17158541300006],[122.06174642300006,16.12965362200003],[122.03370429500002,16.111832442000036],[122.0155615870001,16.086624089000054],[121.99423399800004,16.043701713000075],[122.03242999600002,16.050370203000057],[122.0487073050001,16.073653102000033],[122.0700829430001,16.092578685000035],[122.07202991400004,16.122365236000057],[122.10691271300004,16.149554731000023],[122.11618868100004,16.166308042000026],[122.1432184350001,16.19286253900003],[122.15793450700004,16.19715438600002],[122.17409683300002,16.219231026000042],[122.20333965200008,16.237566206000047],[122.20827416400003,16.27145518800006],[122.22222939200002,16.28281645000004],[122.2239542120001,16.304225353000046],[122.19263329000012,16.289910012000064],[122.17997632000005,16.303677168000032],[122.190997153,16.333776695000044],[122.22509413500006,16.35704965000002],[122.22836002000007,16.39534024900007],[122.20026639000004,16.41520622400003],[122.19935632300006,16.433834282000085],[122.23038198000008,16.463996627000025],[122.23059986800001,16.48400908800005],[122.2206969460001,16.48079733000003],[122.21427288000007,16.47984429100006],[122.05880819100003,16.50925477800007],[122.02489034600002,16.46535309900003],[122.01083724000013,16.449351175000057],[121.96723491500006,16.40023248400007],[121.92814156500005,16.347999956000024],[121.89353425500009,16.301854026000058],[121.86282605800012,16.27139610700004],[121.84589590900009,16.249155589000054],[121.78125155300006,16.19321946900004],[121.764923618,16.173819910000077],[121.72325119700008,16.144655707000027],[121.62897873000009,16.063865467000024],[121.57062539300013,16.01126710500006],[121.52882642900009,15.969868599000048],[121.52490515700005,15.968847435000043],[121.5200852600001,15.962475367000025],[121.51485689700007,15.96100489000003],[121.51551044200006,15.95826816900006],[121.51154832400005,15.953407426000071],[121.50860736900006,15.948955148000035],[121.5051354100001,15.949077688000044],[121.50129583100012,15.95018054500002],[121.46354426900007,15.926616156000026],[121.47114962000002,15.886741050000069],[121.37376803400002,15.831617787000027],[121.31771017400001,15.804652432000069],[121.3163861590001,15.800925732000048],[121.28476349300001,15.754418537000051],[121.378521524,15.485011371000047],[121.35835769500011,15.406953526000052],[121.33999648100006,15.382839272000068],[121.35379088200011,15.345691532000043],[121.33389083800013,15.295655260000045],[121.32359234400008,15.239708991000045],[121.31215264300012,15.198769701000064],[121.31879139300008,15.164067442000029],[121.31965715800004,15.11639764200004],[121.33205404700004,15.072036283000042],[121.33576784200011,15.041492187000072],[121.34785653300003,14.996370968000065]]]},"properties":{"adm1_psgc":300000000,"adm2_psgc":307700000,"adm2_en":"Aurora","geo_level":"Prov","len_crs":736253,"area_crs":3029553529,"len_km":736,"area_km2":3029},"id":307700000},
{"type":"Feature","geometry":{"type":"MultiPolygon","coordinates":[[[[121.08896686700008,13.569401490000072],[121.05279495800005,13.555765870000071],[121.07441782,13.52998965200004],[121.09715144800009,13.536852737000059],[121.08896686700008,13.569401490000072]]],[[[120.83115867100003,13.68768679400006],[120.84260246900008,13.652000642000077],[120.866908093,13.645563303000072],[120.87259897000003,13.63465789600002],[120.90341105200002,13.624439212000024],[120.94251647100008,13.632079410000072],[120.93402842000012,13.655373922000022],[120.90771382900006,13.659066702000077],[120.88492621700003,13.654887412000047],[120.84114106800008,13.672337123000036],[120.83115867100003,13.68768679400006]]],[[[120.618347222,14.220246020000047],[120.58854213500001,14.21399773400003],[120.58667654000011,14.17554861600007],[120.59441020400006,14.154152346000048],[120.58044213600012,14.131404079000049],[120.61597123900003,14.118051798000065],[120.61703780300003,14.089199754000049],[120.62497698400011,14.063746114000024],[120.61800068000002,14.00694984200004],[120.63205137200009,13.984308782000028],[120.61612142700005,13.960633223000059],[120.62512483900004,13.895109801000045],[120.61762334400008,13.86653645700005],[120.62347730300009,13.84557276500004],[120.62210515900006,13.811289915000033],[120.6309584270001,13.807126398000035],[120.65243798300004,13.772678713000063],[120.66612869400002,13.771131907000038],[120.67614737300003,13.78920608800007],[120.65527408800006,13.831185435000068],[120.6633547140001,13.859240321000073],[120.71570147900003,13.840779309000027],[120.72240332600006,13.858536730000028],[120.69779847500001,13.89074235500004],[120.70773336200011,13.921860339000036],[120.74099969100006,13.936309202000075],[120.78973798800007,13.928075128000046],[120.84527486300011,13.909197840000047],[120.8786935820001,13.901967501000058],[120.913528927,13.87301818000003],[120.91429866300007,13.827985269000067],[120.9024432870001,13.820358266000028],[120.92845353400004,13.779915285000072],[120.92692030800005,13.759046026000021],[120.90820516300006,13.754794665000075],[120.87245740100002,13.715929692000028],[120.89578357900007,13.687742025000032],[120.91719802600004,13.69969559800006],[120.93132291500001,13.72898204000006],[120.94473866900013,13.739210463000061],[120.96335771300005,13.771982123000043],[120.97722865600008,13.781921372000054],[121.01211689600007,13.77876764100006],[121.03828505600006,13.762713785000072],[121.06018979500003,13.725967155000033],[121.06051419300003,13.707631827000053],[121.04920710400006,13.683770772000058],[121.0535826480001,13.670413241000064],[121.03563406300009,13.635627308000037],[121.07107900500013,13.629988397000032],[121.07772076400012,13.61886630400005],[121.11450737700011,13.63110322500006],[121.17974804100004,13.645006775000068],[121.20761426400009,13.626623613000051],[121.2332565160001,13.627795713000069],[121.25809414400011,13.59941892100005],[121.29475417100004,13.601113575000054],[121.32558172800007,13.633740160000059],[121.36372918200004,13.658786066000062],[121.39153220100002,13.671445562000027],[121.41762738600004,13.655700285000021],[121.46760841900004,13.682257206000028],[121.45373840900004,13.701390606000075],[121.43235808600002,13.760722162000036],[121.43837150500008,13.79190248900005],[121.45665641300002,13.818242209000058],[121.41748513700009,13.84387438000004],[121.40740856500008,13.83923178700007],[121.37892195100007,13.850860930000065],[121.36747200600007,13.869398101000057],[121.34806799100011,13.862572201000033],[121.332145878,13.869742202000053],[121.30795183300008,13.867019690000062],[121.27160968300007,13.878059858000029],[121.23998049000011,13.905983693000051],[121.23724036700003,13.934252107000079],[121.24647366500005,13.963490883000073],[121.24809656500008,13.984388119000071],[121.22896824600004,14.002903136000045],[121.21619239800008,14.026614681000067],[121.20556391600009,14.109612395000054],[121.19440848600004,14.131070861000065],[121.09505203000003,14.156300173000032],[121.03586636200009,14.151780380000046],[121.02632882300009,14.13458585600006],[121.00588658800005,14.121661488000026],[120.9803753240001,14.12008944300004],[120.96797163000008,14.098633049000055],[120.90250537600002,14.076790614000062],[120.89272050800002,14.087613034000073],[120.8624147820001,14.07542182900005],[120.84485636600004,14.07683931200006],[120.82014925800003,14.100724957000066],[120.79687725900011,14.103118018000034],[120.76768094300007,14.11773682100005],[120.76888523800005,14.133428447000027],[120.7294194100001,14.14038455700006],[120.71593295800005,14.126534449000077],[120.69878430600009,14.138474807000025],[120.69194031400002,14.16085890600004],[120.70565717500004,14.174333526000055],[120.66230859400002,14.18609027100007],[120.65039621500011,14.204818189000035],[120.618347222,14.220246020000047]]]]},"properties":{"adm1_psgc":400000000,"adm2_psgc":401000000,"adm2_en":"Batangas","geo_level":"Prov","len_crs":654610,"area_crs":3197610494,"len_km":654,"area_km2":3197},"id":401000000},
{"type":"Feature","geometry":{"type":"Polygon","coordinates":[[[121.01623891600002,14.351821071000073],[121.01336353000012,14.351973628000051],[121.00759085400011,14.355170370000051],[121.00673784700005,14.36120978200006],[121.00666103300011,14.38711555200007],[121.00785481900004,14.390869810000028],[121.00173473400002,14.39424325900006],[121.00082376400007,14.401403554000069],[120.99448670900004,14.407610540000064],[120.99500452300002,14.410570512000046],[120.99160112900007,14.415558140000027],[120.98922629800006,14.422662464000043],[120.98449536800001,14.429663197000027],[120.98377063700002,14.433689059000075],[120.97915620900005,14.435105431000066],[120.97409510600004,14.439106137000072],[120.96992547900005,14.446625819000072],[120.97045243900004,14.454728424000054],[120.9660033990001,14.465722366000023],[120.95171060400003,14.467584679000028],[120.9181292620001,14.456246315000048],[120.8861442330001,14.461363476000031],[120.87049060100001,14.430223676000022],[120.8486171400001,14.419447104000028],[120.83941807400004,14.399228124000048],[120.78347779500008,14.352602780000039],[120.76863065900011,14.331655502000046],[120.73221623000006,14.31626009800004],[120.70387674000004,14.28482996800005],[120.65639277200012,14.278288906000054],[120.62437443400006,14.266113834000068],[120.62571672600006,14.225876094000055],[120.618347222,14.220246020000047],[120.65039621500011,14.204818189000035],[120.66230859400002,14.18609027100007],[120.70565717500004,14.174333526000055],[120.69194031400002,14.16085890600004],[120.69878430600009,14.138474807000025],[120.71593295800005,14.126534449000077],[120.7294194100001,14.14038455700006],[120.76888523800005,14.133428447000027],[120.76768094300007,14.11773682100005],[120.79687725900011,14.103118018000034],[120.82014925800003,14.100724957000066],[120.84485636600004,14.07683931200006],[120.8624147820001,14.07542182900005],[120.89272050800002,14.087613034000073],[120.90250537600002,14.076790614000062],[120.96797163000008,14.098633049000055],[120.9803753240001,14.12008944300004],[121.00588658800005,14.121661488000026],[121.02632882300009,14.13458585600006],[121.03586636200009,14.151780380000046],[121.01369984200005,14.163004601000068],[121.031764898,14.202937527000076],[121.05282869100007,14.21626380400005],[121.03913747200012,14.271101015000058],[121.05865658400012,14.299756230000073],[121.06102153600013,14.32266921300004],[121.03202391200013,14.334445145000071],[121.00727737200009,14.320966914000053],[121.01623891600002,14.351821071000073]]]},"properties":{"adm1_psgc":400000000,"adm2_psgc":402100000,"adm2_en":"Cavite","geo_level":"Prov","len_crs":295248,"area_crs":1245817119,"len_km":295,"area_km2":1245},"id":402100000},
{"type":"Feature","geometry":{"type":"Polygon","coordinates":[[[121.24647366500005,13.963490883000073],[121.27842933000011,13.97412713700004],[121.29666784200003,13.971803668000062],[121.3293513110001,13.985808889000053],[121.35080923700002,14.012048831000072],[121.40637835300002,14.035973959000046],[121.42443541600005,14.047909082000045],[121.43090350800004,14.063428043000046],[121.47859448800013,14.064792674000042],[121.49208853200003,14.073258048000069],[121.51159650500004,14.10140330900003],[121.52919053500011,14.163656280000055],[121.5441269260001,14.17447531700003],[121.5552102570001,14.162746059000026],[121.59066469700008,14.160782653000068],[121.60319213900006,14.190359066000042],[121.5899512520001,14.199159350000059],[121.61794271500004,14.234942428000066],[121.61789854600009,14.24910196700006],[121.63412066400008,14.26771032100004],[121.63451880200012,14.289790898000033],[121.60825957700003,14.29685296200006],[121.57002646300009,14.398442990000037],[121.52409879000004,14.469167303000063],[121.55047443400008,14.492387305000026],[121.53463026500003,14.509421780000023],[121.52956397300012,14.532863972000026],[121.4811586080001,14.535665168000035],[121.48067421200004,14.556779521000069],[121.45105053500004,14.59521547800006],[121.44938626000011,14.56961988200004],[121.42044759500004,14.541761899000049],[121.40428190100012,14.545414044000037],[121.38110691500005,14.531527832000053],[121.3617534770001,14.477181419000031],[121.36919831600005,14.375142206000076],[121.365349949,14.355935850000035],[121.380494558,14.33794374300004],[121.39161260300011,14.345135542000039],[121.40982056300004,14.37843289800003],[121.44831398600002,14.397321084000058],[121.47342802900003,14.371872782000025],[121.47915953100005,14.350028565000057],[121.47017123200011,14.326954468000054],[121.43867903700006,14.337059047000025],[121.43509993400005,14.30025627300006],[121.39956898300012,14.28839630300007],[121.35011422900004,14.25951541300003],[121.34221837900009,14.242011478000048],[121.31275119200006,14.223053012000037],[121.30403818800004,14.203344473000072],[121.26457854800003,14.190008268000042],[121.23753567000007,14.198150648000023],[121.21240129700004,14.178625803000045],[121.18300259000013,14.186391696000042],[121.18722334200004,14.222274966000038],[121.17345136300004,14.237735961000054],[121.16753888000005,14.261130261000059],[121.12663088000009,14.303282566000064],[121.1147152850001,14.329603632000047],[121.09267377000003,14.343295549000059],[121.09093242800009,14.356038872000052],[121.05255455200007,14.374777004000064],[121.05150154700004,14.369658617000026],[121.04546609300007,14.367266193000034],[121.04169287800006,14.369776447000048],[121.03292930300005,14.365607391000022],[121.0298758130001,14.365980729000055],[121.02591499100004,14.359451931000022],[121.01945223300004,14.353054343000053],[121.01623891600002,14.351821071000073],[121.00727737200009,14.320966914000053],[121.03202391200013,14.334445145000071],[121.06102153600013,14.32266921300004],[121.05865658400012,14.299756230000073],[121.03913747200012,14.271101015000058],[121.05282869100007,14.21626380400005],[121.031764898,14.202937527000076],[121.01369984200005,14.163004601000068],[121.03586636200009,14.151780380000046],[121.09505203000003,14.156300173000032],[121.19440848600004,14.131070861000065],[121.20556391600009,14.109612395000054],[121.21619239800008,14.026614681000067],[121.22896824600004,14.002903136000045],[121.24809656500008,13.984388119000071],[121.24647366500005,13.963490883000073]]]},"properties":{"adm1_psgc":400000000,"adm2_psgc":403400000,"adm2_en":"Laguna","geo_level":"Prov","len_crs":418123,"area_crs":1802223691,"len_km":418,"area_km2":1802},"id":403400000},
{"type":"Feature","geometry":{"type":"MultiPolygon","coordinates":[[[[121.45665641300002,13.818242209000058],[121.47448112500001,13.83938307100004],[121.49649541400004,13.853481067000075],[121.55392163300007,13.87193623300004],[121.58906447100003,13.891895614000077],[121.61215150800003,13.894430111000073],[121.62595450200003,13.907978107000073],[121.64210939300006,13.907356496000032],[121.68038313300009,13.923599032000027],[121.695340901,13.918428206000044],[121.70212556000003,13.963223513000061],[121.71564828000011,13.970735347000073],[121.76129736900009,13.961736553000035],[121.77266409800008,13.94528856200003],[121.80246828100006,13.947775989000034],[121.81659586900003,13.941522666000028],[121.80963326300002,13.91354081900005],[121.83045305000006,13.900417123000066],[121.84551963100012,13.901451176000021],[121.8572096480001,13.887257591000035],[121.88344372200004,13.890486180000037],[121.89046050900004,13.862574024000025],[121.92836450100002,13.850634332000029],[121.9450043710001,13.85225305000006],[121.97394871600012,13.83992019800007],[121.98111445600011,13.80631926500007],[122.00710615900005,13.809134518000063],[122.04165051700011,13.789082647000043],[122.05601823000008,13.775167195000051],[122.07391599300001,13.78630302700003],[122.09022455000002,13.780501347000037],[122.13205865500002,13.745047551000027],[122.13773675000004,13.72090889600002],[122.16117801200004,13.700554555000048],[122.17430450300002,13.669460971000033],[122.19533914100009,13.64795731600003],[122.20757719100004,13.602519683000024],[122.22760816000006,13.599936552000033],[122.2665288410001,13.606635018000077],[122.294625429,13.59277005700005],[122.32175913100004,13.590393050000046],[122.33794418300009,13.57410410400007],[122.32925061700006,13.563895321000073],[122.35233919200004,13.547473634000026],[122.36971386900007,13.546263163000049],[122.40071531400008,13.523970588000052],[122.41318926500003,13.484109706000027],[122.47257576800006,13.420234345000036],[122.51616277000005,13.350051128000075],[122.52241547200003,13.309181935000028],[122.51157066600003,13.290989930000025],[122.51468655700013,13.257053776000074],[122.50319771900001,13.246563469000021],[122.53933971600007,13.21889877100005],[122.56464192300007,13.178826008000039],[122.598782678,13.162089163000074],[122.62208313100007,13.171447936000048],[122.65779889300006,13.208398923000061],[122.70200340000008,13.223594096000056],[122.69101056400008,13.267999849000033],[122.67708590100005,13.275539311000045],[122.67870407200007,13.337128547000077],[122.67677651800012,13.37868201300006],[122.66306359500003,13.41927506600007],[122.64340008900002,13.456395197000061],[122.61886709000008,13.489154326000058],[122.60255800800009,13.502847802000076],[122.60081670000011,13.521834833000069],[122.57942176900009,13.530269143000057],[122.56464320700002,13.551563702000067],[122.58499810500005,13.558236816000031],[122.60723489700001,13.522154787000035],[122.6231394780001,13.512962862000052],[122.63422480100007,13.528953963000047],[122.56996793000008,13.57736270300006],[122.52707417300009,13.613742401000023],[122.4968001850001,13.648013676000062],[122.50221816900013,13.668412908000048],[122.48059177300001,13.699394439000061],[122.48081352300005,13.715990905000071],[122.49347367000009,13.73405533300007],[122.52128139600006,13.744645658000024],[122.50888940000004,13.769678094000028],[122.51282505700011,13.784473256000068],[122.4994093570001,13.844463133000037],[122.48560219,13.848332600000049],[122.45138254200003,13.905343278000034],[122.42365999400012,13.93005154700006],[122.43633539600013,13.944239149000051],[122.44896102300005,13.926515023000038],[122.4692214170001,13.934145212000033],[122.5060017600001,13.927294166000026],[122.53344986000002,13.943367887000024],[122.55241423100006,13.947554817000027],[122.58387379100009,13.961811396000028],[122.6201502670001,13.967995488000044],[122.66522009700009,13.983192314000064],[122.79251799700013,14.013752262000024],[122.771600067,14.021161902000074],[122.74807215400004,14.030833410000067],[122.672533412,14.058665042000028],[122.64161751700009,14.070068482000066],[122.624909579,14.077083125000057],[122.61303162500008,14.082416848000035],[122.59823870900006,14.089548259000026],[122.5577472670001,14.108189217000074],[122.538911374,14.116739880000067],[122.49940088000005,14.132230097000047],[122.45199363600011,14.150213563000023],[122.44686588100002,14.138116740000042],[122.44662851400004,14.135111727000034],[122.43248480200009,14.116092022000029],[122.43217796400008,14.113516736000063],[122.42981585900009,14.111302282000054],[122.42701743000008,14.110995305000074],[122.42299240600006,14.10809583200006],[122.42038976300012,14.103205772000024],[122.41867885100011,14.098055014000067],[122.41639250800006,14.097928935000024],[122.40914085100007,14.093747682000071],[122.38376856000002,14.066641330000037],[122.33790013700002,14.063179576000037],[122.33469431200001,14.063852678000046],[122.33106749700006,14.061541885000054],[122.32840354600012,14.061340104000065],[122.32626999400009,14.06270484200007],[122.32350930400001,14.06262465900005],[122.3142911420001,14.063812563000054],[122.31404139900008,14.066387605000045],[122.31096885900003,14.067683894000028],[122.3085931910001,14.068826523000041],[122.30675497900006,14.069278042000066],[122.30270084800009,14.070690882000063],[122.29985962300009,14.070317696000073],[122.29877357100008,14.072661698000047],[122.30786651100004,14.10203033700003],[122.31148847400006,14.131091327000037],[122.28989877200002,14.121435567000047],[122.26736044000006,14.124973338000075],[122.2599896820001,14.173952432000021],[122.27138694700012,14.20723655100005],[122.271841202,14.24582354500006],[122.24807506200011,14.236203036000063],[122.25109638300012,14.202730970000063],[122.2083291360001,14.183806355000058],[122.18417059500007,14.164707776000055],[122.1894496750001,14.139014142000063],[122.16460668500008,14.140705519000049],[122.19174247600006,14.094318461000055],[122.22778587900008,14.077123481000056],[122.27286371900003,14.03923153900007],[122.28541947300006,14.022700017000034],[122.30817487000003,14.01144186300007],[122.29347082500009,13.991616277000048],[122.306609448,13.972539852000066],[122.2829573040001,13.957833627000069],[122.26466833200006,13.970000924000034],[122.23661523600003,13.972427346000073],[122.20504918000006,13.98423747400005],[122.19359634000013,13.96799826800003],[122.22021023100002,13.947387869000062],[122.23812119100012,13.946429891000037],[122.24800402200002,13.933704464000074],[122.24377755700003,13.911964510000075],[122.23162079100008,13.89515192400006],[122.18356065800003,13.916510965000043],[122.15581266500011,13.92007461500003],[122.13728964700012,13.912853584000061],[122.11191195200003,13.926459569000027],[122.03555630100004,13.947682896000059],[122.00696268000002,13.96171291000007],[121.99243912500005,13.976199284000074],[121.94551378900009,13.988508342000044],[121.907282871,14.01107543100005],[121.88330458200005,14.041591311000046],[121.8466806030001,14.072705909000033],[121.82433548400002,14.08185481400005],[121.77888026300002,14.11742792500007],[121.74884068100005,14.145731341000042],[121.73211506000007,14.172736651000037],[121.73368478600001,14.190967012000044],[121.75308791400005,14.207676924000051],[121.75812446200007,14.247578691000056],[121.73333296500005,14.265962219000075],[121.73415384000009,14.290611389000047],[121.72766815900003,14.326294499000028],[121.68206498000008,14.379099813000037],[121.66331853600003,14.392045971000071],[121.6489076260001,14.460015097000047],[121.62370647700004,14.522929201000071],[121.62814511400008,14.534903568000065],[121.61866553000006,14.589663571000074],[121.60862523000003,14.599226437000024],[121.61118222100004,14.675472869000032],[121.63394362900009,14.668003647000035],[121.6772427290001,14.695435136000071],[121.70013697800005,14.701876612000035],[121.72265856600008,14.690831028000044],[121.73378365000006,14.69694225400008],[121.70985591200008,14.726129045000052],[121.6774056370001,14.752004167000049],[121.6585604920001,14.775783390000072],[121.63338964700007,14.78634946300002],[121.60210874300002,14.827585130000045],[121.61164176700004,14.855757702000062],[121.5816605760001,14.89036940000005],[121.56678846200009,14.966509539000075],[121.54846262900003,14.990863452000049],[121.5466605040001,15.004197357000063],[121.52707271000008,15.034892623000072],[121.517435716,15.03882709800007],[121.49972819400011,15.072824396000046],[121.49609323800006,15.120051344000045],[121.48093849800013,15.180228622000074],[121.46253959500007,15.20075498400007],[121.44803852100006,15.196346930000061],[121.41712050200012,15.216888696000073],[121.40834958200003,15.21288550300005],[121.40232335200005,15.203701252000029],[121.40349769600006,15.194125910000023],[121.40688786400005,15.187683648000073],[121.40809682500004,15.182936998000056],[121.4027507850001,15.177105877000029],[121.4018443550001,15.172192895000025],[121.38387927400002,15.170734266000064],[121.38046702200008,15.16848077300006],[121.38451915200004,15.162719722000075],[121.38323214700006,15.157062940000062],[121.38466816800008,15.155597583000027],[121.38974890900012,15.162213709000067],[121.39250054000001,15.163233985000033],[121.39618145400006,15.162714643000077],[121.40341882900009,15.151331872000068],[121.400674567,15.148064543000032],[121.396577191,15.145178117000054],[121.4005527480001,15.140777744000046],[121.40140165600009,15.134503355000051],[121.39973433100009,15.129882379000037],[121.39874487500003,15.12454433200003],[121.39664727300008,15.110763430000075],[121.39460381500011,15.105961485000027],[121.39138801400009,15.105162853000024],[121.38889195200011,15.103391136000026],[121.38650458500001,15.09999260400002],[121.3833723240001,15.097651264000035],[121.37541563100001,15.096968281000041],[121.37400455200009,15.095887405000038],[121.37049916600006,15.087135951000052],[121.37002309100002,15.070885085000043],[121.36556970500008,15.071406033000072],[121.358579039,15.066623157000038],[121.35890395100012,15.061478987000045],[121.35137018900002,15.035906006000063],[121.3533836270001,15.001538499000041],[121.34785653300003,14.996370968000065],[121.33820501800007,14.947222596000074],[121.3401122450001,14.886441354000056],[121.33171742500008,14.84756815000003],[121.33317022600012,14.840967239000065],[121.33035662500004,14.834802543000022],[121.33550040000011,14.800851961000038],[121.3289782690001,14.78820056400002],[121.34179742100001,14.74712040000003],[121.33743612900004,14.727966391000052],[121.35387583300009,14.722557836000023],[121.38062866200006,14.695232352000065],[121.4048067990001,14.690213882000025],[121.4108207590001,14.667812216000073],[121.40486651800006,14.639266049000074],[121.41579713500005,14.627965106000032],[121.44173702300009,14.622482465000077],[121.43953569400003,14.60398770800003],[121.45105053500004,14.59521547800006],[121.48067421200004,14.556779521000069],[121.4811586080001,14.535665168000035],[121.52956397300012,14.532863972000026],[121.53463026500003,14.509421780000023],[121.55047443400008,14.492387305000026],[121.52409879000004,14.469167303000063],[121.57002646300009,14.398442990000037],[121.60825957700003,14.29685296200006],[121.63451880200012,14.289790898000033],[121.63412066400008,14.26771032100004],[121.61789854600009,14.24910196700006],[121.61794271500004,14.234942428000066],[121.5899512520001,14.199159350000059],[121.60319213900006,14.190359066000042],[121.59066469700008,14.160782653000068],[121.5552102570001,14.162746059000026],[121.5441269260001,14.17447531700003],[121.52919053500011,14.163656280000055],[121.51159650500004,14.10140330900003],[121.49208853200003,14.073258048000069],[121.47859448800013,14.064792674000042],[121.43090350800004,14.063428043000046],[121.42443541600005,14.047909082000045],[121.40637835300002,14.035973959000046],[121.35080923700002,14.012048831000072],[121.3293513110001,13.985808889000053],[121.29666784200003,13.971803668000062],[121.27842933000011,13.97412713700004],[121.24647366500005,13.963490883000073],[121.23724036700003,13.934252107000079],[121.23998049000011,13.905983693000051],[121.27160968300007,13.878059858000029],[121.30795183300008,13.867019690000062],[121.332145878,13.869742202000053],[121.34806799100011,13.862572201000033],[121.36747200600007,13.869398101000057],[121.37892195100007,13.850860930000065],[121.40740856500008,13.83923178700007],[121.41748513700009,13.84387438000004],[121.45665641300002,13.818242209000058]]],[[[121.93493514700005,15.058643889000052],[121.89112799500002,15.030265070000038],[121.85625065200009,15.039718821000063],[121.83716326500009,15.039383293000075],[121.8134272420001,14.981719722000038],[121.81795829400006,14.974184152000081],[121.8014275170001,14.93597659300008],[121.81999082100003,14.936966738000026],[121.85216895900011,14.921810150000052],[121.84911075200012,14.912626057000066],[121.8726937130001,14.876895735000058],[121.87851026700002,14.835420355000053],[121.88869981100004,14.817900287000041],[121.91207894300011,14.796126048000074],[121.91431616800001,14.77793671300003],[121.93655507900009,14.72910940100007],[121.93521177900004,14.70686980200003],[121.90324063300011,14.706294076000063],[121.90290726400008,14.679319525000034],[121.91659065200007,14.638357765000027],[121.94980680100002,14.628587202000066],[122.01056856800004,14.674729756000033],[122.03641732000006,14.717337928000063],[122.0248344270001,14.772614071000078],[122.02342901400006,14.808491812000055],[122.00788478200002,14.82683103600004],[121.98840884400012,14.836694712000051],[121.96773025300003,14.867880761000036],[121.96573109000009,14.900207688000023],[121.99235064100003,14.913872915000068],[122.02023830200005,14.919766184000022],[122.01141202300005,14.951311142000064],[121.99126919100001,14.957719172000054],[122.00739686600004,14.986142413000037],[122.04786400800003,15.00378612000003],[121.9975558320001,15.04428848300006],[121.93493514700005,15.058643889000052]]],[[[122.03795522300004,14.875929851000022],[122.01384395600009,14.874321898000064],[122.02643373800004,14.845248315000045],[122.04629403900003,14.841632891000073],[122.06322906600008,14.86330408600003],[122.03795522300004,14.875929851000022]]],[[[122.2099045220001,14.842597328000068],[122.16797325100005,14.83968378500003],[122.1331594400001,14.828476545000056],[122.12305275100005,14.841031216000031],[122.09626915800006,14.832393061000058],[122.10594970600003,14.806769321000047],[122.13613356700012,14.79850333100006],[122.19125779800004,14.763788591000036],[122.22928445800005,14.750925411000027],[122.25818536100009,14.727114745000051],[122.26101084600009,14.78359857600003],[122.23481612300007,14.786541191000023],[122.19725139400009,14.805897494000021],[122.21218319200013,14.832923038000049],[122.2099045220001,14.842597328000068]]],[[[122.40355435000005,14.733756076000068],[122.38171471900012,14.729608458000026],[122.35882520300002,14.712029398000025],[122.3330491370001,14.71096541400004],[122.30986313000005,14.689345515000069],[122.32153507500004,14.674668697000078],[122.35017878000008,14.681508049000056],[122.37528000700003,14.679606041000051],[122.42118011800005,14.687132906000043],[122.43611228700001,14.695217537000076],[122.42955647800011,14.713420409000035],[122.40355435000005,14.733756076000068]]],[[[121.82630932500001,14.306325829000057],[121.80551447700007,14.295245410000064],[121.80723218600009,14.27111568300006],[121.83179600100004,14.25976224100003],[121.84859243000005,14.28682904200002],[121.82630932500001,14.306325829000057]]],[[[121.92948540300007,14.235902975000043],[121.91354023300006,14.196019116000057],[121.92962557100009,14.187418743000023],[121.94503155500001,14.158566670000027],[121.98609023100005,14.11121679900003],[122.03809213400008,14.089898591000061],[122.05636937500003,14.066677030000053],[122.09008065800005,14.051938684000048],[122.11346146300002,14.026897012000063],[122.16675787600003,14.000324443000066],[122.18513729200005,14.004285103000027],[122.18538578400012,14.025397548000056],[122.17049225500013,14.04631869700006],[122.1393889200001,14.067521443000032],[122.12775754700012,14.087310753000054],[122.07746252600009,14.114216487000018],[122.05828893000013,14.131725135000064],[122.0215609700001,14.152981260000045],[121.92948540300007,14.235902975000043]]],[[[121.78178434100005,13.879221151000024],[121.80128927500006,13.894763166000075],[121.78592428200011,13.910739701000066],[121.78865056000006,13.935551964000071],[121.75615508800001,13.942874669000044],[121.73945740300007,13.899090826000075],[121.75382303500011,13.883622510000064],[121.78370312200002,13.909541626000077],[121.78178434100005,13.879221151000024]]]]},"properties":{"adm1_psgc":400000000,"adm2_psgc":405600000,"adm2_en":"Quezon","geo_level":"Prov","len_crs":2165220,"area_crs":8398566534,"len_km":2165,"area_km2":8398},"id":405600000},
{"type":"Feature","geometry":{"type":"MultiPolygon","coordinates":[[[[121.45105053500004,14.59521547800006],[121.43953569400003,14.60398770800003],[121.44173702300009,14.622482465000077],[121.41579713500005,14.627965106000032],[121.40486651800006,14.639266049000074],[121.4108207590001,14.667812216000073],[121.4048067990001,14.690213882000025],[121.38062866200006,14.695232352000065],[121.35387583300009,14.722557836000023],[121.33743612900004,14.727966391000052],[121.34179742100001,14.74712040000003],[121.3289782690001,14.78820056400002],[121.33550040000011,14.800851961000038],[121.33035662500004,14.834802543000022],[121.25299686000005,14.829226647000041],[121.21925184400004,14.833223191000052],[121.220814302,14.825712833000066],[121.22106455700009,14.819711990000032],[121.2171407530001,14.820228194000038],[121.21224008200011,14.820162852000069],[121.19638804400006,14.821172390000074],[121.19251978000013,14.820914288000036],[121.16528463600002,14.823417534000043],[121.15052962900006,14.801784266000027],[121.1368658130001,14.801465402000076],[121.12964126200008,14.796970849000047],[121.12482925200004,14.792828989000041],[121.12696550500006,14.787478795000029],[121.11032008100007,14.77700611100005],[121.11015315000009,14.774185175000069],[121.10445726500006,14.77068312600005],[121.09972917900006,14.765222305000064],[121.10491462400012,14.762656063000062],[121.10968224500004,14.763837527000021],[121.114652653,14.77216348600007],[121.12119922200007,14.776029560000044],[121.1321174950001,14.776390408000054],[121.12478007000006,14.766289029000061],[121.12537554800008,14.760804572000037],[121.12163560400006,14.757725479000044],[121.12049246400011,14.751638564000077],[121.11822157000006,14.749419337000065],[121.11763655500012,14.740768134000062],[121.12234659300009,14.738127089000043],[121.11802297800013,14.729928850000022],[121.12169877500003,14.725227084000041],[121.12926705300002,14.728125032000037],[121.13098795500002,14.722917543000053],[121.1258152700001,14.72139937300005],[121.12461778900001,14.70874460200002],[121.11791254900004,14.712185830000061],[121.11640583700012,14.705626875000062],[121.1204377690001,14.701429566000058],[121.1188702610001,14.69748591500007],[121.11146916300005,14.69566768200002],[121.1121687010001,14.684747919000074],[121.10676618800005,14.675521389000039],[121.11188912900003,14.671163089000059],[121.11938816800013,14.67146036300005],[121.1218227620001,14.666384891000062],[121.1261471470001,14.66997417700003],[121.13120663300003,14.66783240300003],[121.13011307700005,14.635690105000036],[121.12376552,14.637800583000056],[121.1190631940001,14.635478176000046],[121.11583293700004,14.638273890000052],[121.11207000800005,14.63616927600003],[121.10549838300007,14.632654354000065],[121.10383662500008,14.626708193000074],[121.10495984200008,14.621358134000042],[121.10864271800007,14.587715427000031],[121.10905753300005,14.580946777000065],[121.1009745340001,14.574820267000064],[121.0968965510001,14.569254547000074],[121.09808476800005,14.562368499000058],[121.09812230000013,14.554700033000076],[121.10564045200012,14.550432530000025],[121.10700168300002,14.545701014000032],[121.10159991300009,14.52170471800002],[121.13776139700009,14.536233714000048],[121.18476833500006,14.483051347000067],[121.19989704400007,14.442357430000074],[121.22269985000004,14.447992351000039],[121.2203872230001,14.473891436000033],[121.24175233200003,14.502442474000082],[121.27457867700002,14.503246765000029],[121.28308143000004,14.482170546000077],[121.30132633200003,14.484151828000051],[121.30895096400002,14.467338821000055],[121.32510470500006,14.46085707900005],[121.33869553900001,14.411620088000062],[121.33319216100007,14.385630970000022],[121.31986819000008,14.358159276000038],[121.32015815500006,14.341119138000066],[121.30495614900008,14.326485487000072],[121.30372590800005,14.295929162000048],[121.31475987200008,14.287077226000063],[121.35284235100006,14.328435214000026],[121.380494558,14.33794374300004],[121.365349949,14.355935850000035],[121.36919831600005,14.375142206000076],[121.3617534770001,14.477181419000031],[121.38110691500005,14.531527832000053],[121.40428190100012,14.545414044000037],[121.42044759500004,14.541761899000049],[121.44938626000011,14.56961988200004],[121.45105053500004,14.59521547800006]]],[[[121.2310912150001,14.401883034000038],[121.22027881400004,14.383827091000054],[121.21514231600008,14.34686467900008],[121.22628229100009,14.310949369000069],[121.24537887300006,14.310899527000059],[121.2310912150001,14.401883034000038]]]]},"properties":{"adm1_psgc":400000000,"adm2_psgc":405800000,"adm2_en":"Rizal","geo_level":"Prov","len_crs":326217,"area_crs":1200455008,"len_km":326,"area_km2":1200},"id":405800000},
{"type":"Feature","geometry":{"type":"MultiPolygon","coordinates":[[[[123.60125067900003,13.522687456000027],[123.54560845100002,13.516697864000035],[123.54544748100011,13.485836639000068],[123.5812924910001,13.448367139000023],[123.58806336800002,13.422057589000076],[123.57150571400007,13.365336622000026],[123.55561125500003,13.354617189000066],[123.52370334700002,13.352766140000028],[123.49379612100006,13.344597269000076],[123.49383574500008,13.361898781000036],[123.4585464270001,13.367820793000021],[123.43280213500009,13.363097290000042],[123.40645509100011,13.347575831000029],[123.39879749300009,13.33465374700006],[123.37317003100007,13.33751864900006],[123.38384769300002,13.321214429000062],[123.37775489500005,13.305574159000058],[123.3526878670001,13.306672606000062],[123.31225141000004,13.287249039000073],[123.28522357100007,13.269512651000069],[123.28127328200003,13.258541065000031],[123.29278121400013,13.253141184000068],[123.32734117800011,13.198223321000057],[123.3096000170001,13.191584660000048],[123.31089495300012,13.16862218800003],[123.28868467900008,13.146838289000073],[123.28871334900009,13.107095036000034],[123.29628711800002,13.087484024000046],[123.28920846200003,13.064442088000021],[123.30135416000007,13.049536619000037],[123.30752578900002,13.024373040000054],[123.31953698200006,13.006877386000046],[123.3385821720001,13.011880753000069],[123.40788715700012,13.04591226400004],[123.44761729100004,13.027219128000068],[123.46184795600004,13.00489742700006],[123.48226570000008,12.988444596000024],[123.49216108500002,13.00091114700007],[123.54809213500006,13.024415272000056],[123.57486209300009,13.030070694000072],[123.58691683200004,13.022239605000037],[123.62025036800004,13.022980362000055],[123.62968937800008,13.010442943000044],[123.71473746600009,13.039926492000063],[123.73445022100007,13.026391081000043],[123.74598040500007,12.996885520000037],[123.76765605700007,12.986184890000061],[123.80564823300006,13.019028077000028],[123.85924674000012,13.040744483000024],[123.89598666200006,13.03764349000005],[123.9155897280001,13.054929226000066],[123.92917038300006,13.102068074000046],[123.92676515300003,13.120887665000055],[123.90849467500004,13.138472829000019],[123.87943236900004,13.143195179000033],[123.8615406130001,13.132382013000038],[123.86022079200006,13.113080184000069],[123.83861827800001,13.108886273000051],[123.83910970000011,13.089348911000057],[123.79430548000006,13.046002164000072],[123.75676978000003,13.063679161000037],[123.76507158600009,13.074638358000069],[123.7526960450001,13.090351708000073],[123.7756962860001,13.09813189400006],[123.78590890900013,13.118038575000071],[123.75653273600007,13.14470742000003],[123.75400483200006,13.173593197000056],[123.76190656200004,13.203602914000044],[123.78718215000004,13.237998711000047],[123.85769196800004,13.224262921000047],[123.84481527500009,13.265052179000065],[123.82142379000005,13.266515310000043],[123.80278131500006,13.297034033000044],[123.7415387000001,13.33292896600005],[123.73535862000006,13.368178156000054],[123.70324286700009,13.431673411000075],[123.69852355600007,13.447561618000066],[123.67412188900005,13.479258905000052],[123.63940493200005,13.484268299000062],[123.62412979400007,13.491885283000043],[123.60125067900003,13.522687456000027]]],[[[123.76545898200004,13.407387588000061],[123.77403737300006,13.389320779000057],[123.81093411600011,13.356016579000027],[123.83557730200005,13.344191875000039],[123.84168565300001,13.363234952000026],[123.81760026800009,13.387786940000069],[123.76545898200004,13.407387588000061]]],[[[123.8507392460001,13.354140749000067],[123.84009124600004,13.337295589000064],[123.86115489800011,13.317835872000044],[123.85149474700007,13.308725597000032],[123.84998965300008,13.267937806000075],[123.87420404300006,13.230091798000043],[123.8923504060001,13.230673817000023],[123.90493093200008,13.250117771000076],[123.88652057800005,13.271612499000069],[123.90479968700004,13.304104434000063],[123.92901212800007,13.321099050000045],[123.90635535900003,13.339577071000065],[123.8507392460001,13.354140749000067]]],[[[123.97712102700007,13.291520552000067],[123.9659869200001,13.280285960000066],[123.95098546800013,13.29061577600004],[123.91516663100003,13.286194613000077],[123.918304809,13.260311084000023],[123.95751028100005,13.23168670500007],[123.98389321000002,13.236663143000044],[124.00136363000001,13.222010157000057],[124.03881015900005,13.218640185000027],[124.06384609300007,13.239853340000021],[124.07451334200006,13.271555696000064],[124.00171443300009,13.286704579000059],[123.99173658500003,13.26106065300007],[123.97712102700007,13.291520552000067]]],[[[124.12990765300005,13.236041439000076],[124.12523771000009,13.227446823000037],[124.08303347800006,13.21220501700003],[124.09900134700003,13.189683735000074],[124.14614155900006,13.187129072000062],[124.18049767200013,13.173106918000032],[124.20962945500001,13.169525778000036],[124.2194946190001,13.179584489000032],[124.20809752000002,13.207543222000027],[124.15458882400003,13.231168857000055],[124.12990765300005,13.236041439000076]]]]},"properties":{"adm1_psgc":500000000,"adm2_psgc":500500000,"adm2_en":"Albay","geo_level":"Prov","len_crs":711965,"area_crs":2467882577,"len_km":711,"area_km2":2467},"id":500500000},
{"type":"Feature","geometry":{"type":"MultiPolygon","coordinates":[[[[122.95023318900007,14.494021075000035],[122.9314054250001,14.468080301000043],[122.95179253900005,14.466416124000036],[122.95023318900007,14.494021075000035]]],[[[123.06069556700004,13.837581502000035],[123.05854909200004,13.852731211000046],[123.0697007440001,13.87637149300002],[123.09432805900006,13.887687827000036],[123.07901614900004,13.986595491000061],[123.05648891100007,13.993950577000021],[123.03169030900007,14.031097186000066],[123.02983874600012,14.06022058800005],[123.04823409000005,14.06841824700007],[123.04075821200003,14.101350163000063],[123.00212930400004,14.114826682000057],[122.97858796900005,14.148256182000067],[122.95315931100004,14.162961007000034],[122.93744859000005,14.190606294000077],[122.91377083600003,14.198238537000064],[122.91546806400004,14.221458030000061],[122.88722470500011,14.236454697000056],[122.86341388300002,14.271056222000025],[122.82692340000006,14.286220897000023],[122.82079885100006,14.27598218500003],[122.79147267400003,14.282062880000067],[122.77462077000007,14.31996886400003],[122.75095041700001,14.328071634000024],[122.73666771,14.311547424000025],[122.71344948900003,14.32147367300007],[122.71264919000009,14.34021232900005],[122.68832319700006,14.343925172000068],[122.66803338800003,14.33690926800006],[122.6639121270001,14.300403708000033],[122.63870229100007,14.291568253000035],[122.6147198760001,14.290681475000044],[122.59705632600003,14.302618955000069],[122.59759344100007,14.318786681000063],[122.5694721010001,14.325547820000052],[122.538077422,14.340147731000064],[122.50931740800002,14.344450388000038],[122.4864149120001,14.328632154000047],[122.46904584000005,14.33965673400007],[122.45327977500007,14.31861601200006],[122.41895649700008,14.310201145000066],[122.41289908600004,14.28714265700006],[122.39373393600012,14.279170495000074],[122.3605487540001,14.245757278000042],[122.37998623300007,14.21366003500003],[122.35680971200009,14.20398294300003],[122.35623329500005,14.18874353800004],[122.33772044700002,14.18441675200006],[122.33696313300004,14.155423720000044],[122.35223498300002,14.136298861000054],[122.346422478,14.113234128000043],[122.30786651100004,14.10203033700003],[122.29877357100008,14.072661698000047],[122.29985962300009,14.070317696000073],[122.30270084800009,14.070690882000063],[122.30675497900006,14.069278042000066],[122.3085931910001,14.068826523000041],[122.31096885900003,14.067683894000028],[122.31404139900008,14.066387605000045],[122.3142911420001,14.063812563000054],[122.32350930400001,14.06262465900005],[122.32626999400009,14.06270484200007],[122.32840354600012,14.061340104000065],[122.33106749700006,14.061541885000054],[122.33469431200001,14.063852678000046],[122.33790013700002,14.063179576000037],[122.38376856000002,14.066641330000037],[122.40914085100007,14.093747682000071],[122.41639250800006,14.097928935000024],[122.41867885100011,14.098055014000067],[122.42038976300012,14.103205772000024],[122.42299240600006,14.10809583200006],[122.42701743000008,14.110995305000074],[122.42981585900009,14.111302282000054],[122.43217796400008,14.113516736000063],[122.43248480200009,14.116092022000029],[122.44662851400004,14.135111727000034],[122.44686588100002,14.138116740000042],[122.45199363600011,14.150213563000023],[122.49940088000005,14.132230097000047],[122.538911374,14.116739880000067],[122.5577472670001,14.108189217000074],[122.59823870900006,14.089548259000026],[122.61303162500008,14.082416848000035],[122.624909579,14.077083125000057],[122.64161751700009,14.070068482000066],[122.672533412,14.058665042000028],[122.74807215400004,14.030833410000067],[122.771600067,14.021161902000074],[122.79251799700013,14.013752262000024],[122.84465426400006,13.98558823600007],[122.85295762900012,13.976679415000035],[122.89186546600003,13.96438053000003],[122.92109169100002,13.938515966000065],[122.92858871300005,13.922099048000064],[122.95698706100006,13.918252184000039],[123.06069556700004,13.837581502000035]]]]},"properties":{"adm1_psgc":500000000,"adm2_psgc":501600000,"adm2_en":"Camarines Norte","geo_level":"Prov","len_crs":670564,"area_crs":2119744287,"len_km":670,"area_km2":2119},"id":501600000},
{"type":"Feature","geometry":{"type":"MultiPolygon","coordinates":[[[[123.81795992900005,13.978474025000024],[123.819038255,13.95261780000004],[123.81192843600003,13.929876818000023],[123.81409841800007,13.909761982000076],[123.84035405500003,13.898723352000047],[123.83257341100011,13.937020803000053],[123.83126682900003,13.976046637000023],[123.81795992900005,13.978474025000024]]],[[[123.64427264900009,13.978375624000021],[123.65276807000009,13.965273413000038],[123.62431736700013,13.958540497000055],[123.59637225400002,13.933791730000054],[123.62511979300007,13.906999281000028],[123.64598059200013,13.917768732000066],[123.67788996600007,13.950839866000022],[123.64427264900009,13.978375624000021]]],[[[123.60125067900003,13.522687456000027],[123.59826957900007,13.53707789400005],[123.56855306700004,13.562129624000018],[123.5383656,13.558276147000072],[123.53004713500003,13.576289767000047],[123.54813717400009,13.595668501000034],[123.535701173,13.61262255600008],[123.53850233800007,13.638013302000042],[123.56581197700007,13.705180841000072],[123.58691885900008,13.729737583000029],[123.61956546700003,13.723897221000072],[123.65771455600007,13.707352935000074],[123.67319177400009,13.721081325000055],[123.6945142850001,13.71970830200007],[123.71800622700005,13.708689456000057],[123.7467367920001,13.708660623000071],[123.80189008800005,13.688111903000047],[123.82573395500005,13.692428557000028],[123.85741845600012,13.718169260000026],[123.87397042000009,13.73776063100007],[123.89562535800009,13.726380380000023],[123.93569274600009,13.735301922000076],[123.9473992830001,13.725177187000044],[123.96944360700002,13.725660673000046],[123.97486630500008,13.738616299000059],[123.95099946700009,13.75516656800005],[123.94084194600008,13.79512832000006],[123.9176739610001,13.791440430000023],[123.88446022900007,13.803674569000064],[123.86819890200002,13.825253592000026],[123.84342825100009,13.815781523000055],[123.8134452180001,13.82901173300007],[123.75497428300001,13.868205066000028],[123.73354572400001,13.899002239000025],[123.73239765100006,13.91454939800008],[123.70255712500013,13.912671634000047],[123.6992413260001,13.884129269000026],[123.68284123300009,13.879115421000048],[123.662142795,13.890608228000074],[123.63083110500008,13.888875563000054],[123.60290754600008,13.894315245000028],[123.58617589700009,13.908790636000049],[123.55599377400004,13.921479068000052],[123.51721068500002,13.91881076100003],[123.4541461230001,13.96396913800004],[123.44514998500006,13.949182237000057],[123.44853055300005,13.920205390000033],[123.41775173200006,13.933926278000056],[123.41265165000004,13.985484341000074],[123.3912375020001,14.013003990000072],[123.39269546300012,14.027581400000027],[123.34882830900006,14.010682921000065],[123.35937508000006,14.074123605000068],[123.31548388400005,14.071937087000038],[123.30865925400006,14.045318631000043],[123.2735020460001,14.073537784000052],[123.27914078500011,14.039693759000045],[123.25627459000009,14.025630246000047],[123.2642215950001,14.010480119000022],[123.24632720000012,13.999786749000066],[123.22849265800006,14.002152021000033],[123.23199661500007,13.968191365000049],[123.25210091700002,13.964624524000044],[123.28463105800007,13.932864109000036],[123.30927783200003,13.930770393000044],[123.3245900170001,13.962962376000064],[123.33959874300001,13.95556517400007],[123.28605346600013,13.891644698000052],[123.30776331900006,13.85926207400007],[123.323293078,13.819436554000047],[123.3149034150001,13.788076406000073],[123.28805809400002,13.770867767000025],[123.27634157500006,13.750642450000043],[123.22932266500005,13.729124393000063],[123.1623355270001,13.730609504000025],[123.11508652200007,13.728059541000048],[123.09387588800008,13.745668638000042],[123.04756701700002,13.773978055000043],[123.04984451300004,13.821097523000043],[123.06069556700004,13.837581502000035],[122.95698706100006,13.918252184000039],[122.92858871300005,13.922099048000064],[122.92109169100002,13.938515966000065],[122.89186546600003,13.96438053000003],[122.85295762900012,13.976679415000035],[122.84465426400006,13.98558823600007],[122.79251799700013,14.013752262000024],[122.66522009700009,13.983192314000064],[122.6201502670001,13.967995488000044],[122.58387379100009,13.961811396000028],[122.55241423100006,13.947554817000027],[122.55734135200011,13.925190435000047],[122.57103774200003,13.902811205000036],[122.61388522900006,13.895689229000023],[122.63511355100003,13.87673209800005],[122.65127577600003,13.850805381000042],[122.64303124100002,13.843485027000042],[122.66885399900004,13.810537683000062],[122.67894220900007,13.826469204000034],[122.70398778700007,13.81613738100003],[122.73228952400007,13.812026611000022],[122.75885358800008,13.79110713800003],[122.7795410120001,13.764207882000049],[122.83089522600005,13.736124777000047],[122.86202012100011,13.68971127200007],[122.83402047600009,13.670616633000064],[122.82440749800001,13.64170255500005],[122.88821281900005,13.57615427500002],[122.90854491400013,13.570221324000043],[122.92124067100008,13.556229787000062],[122.9611224680001,13.541133435000061],[122.97320068800002,13.523281412000072],[123.00096567200002,13.522938082000053],[123.03878104400007,13.501556891000064],[123.0443830270001,13.50894517900002],[123.07877926400012,13.48774246900007],[123.11582551100004,13.475420252000049],[123.1564791080001,13.456053425000052],[123.18844368300007,13.434588865000025],[123.20074582400004,13.418608176000074],[123.205707833,13.357319532000075],[123.234355896,13.313369110000055],[123.2385032300001,13.290611229000035],[123.28127328200003,13.258541065000031],[123.28522357100007,13.269512651000069],[123.31225141000004,13.287249039000073],[123.3526878670001,13.306672606000062],[123.32718364700008,13.327270271000032],[123.33292006700005,13.347676081000031],[123.35230857900001,13.358739036000031],[123.37317003100007,13.33751864900006],[123.39879749300009,13.33465374700006],[123.40645509100011,13.347575831000029],[123.43280213500009,13.363097290000042],[123.4585464270001,13.367820793000021],[123.49383574500008,13.361898781000036],[123.49379612100006,13.344597269000076],[123.52370334700002,13.352766140000028],[123.55561125500003,13.354617189000066],[123.57150571400007,13.365336622000026],[123.58806336800002,13.422057589000076],[123.5812924910001,13.448367139000023],[123.54544748100011,13.485836639000068],[123.54560845100002,13.516697864000035],[123.60125067900003,13.522687456000027]]]]},"properties":{"adm1_psgc":500000000,"adm2_psgc":501700000,"adm2_en":"Camarines Sur","geo_level":"Prov","len_crs":1370001,"area_crs":5280741968,"len_km":1370,"area_km2":5280},"id":501700000},
{"type":"Feature","geometry":{"type":"MultiPolygon","coordinates":[[[[124.20623305500011,14.100054783000074],[124.19255616600003,14.088147639000056],[124.18965606100006,14.067947529000035],[124.17037226800005,14.050681378000034],[124.14087777900009,14.063700932000073],[124.1291612440001,14.059511283000063],[124.12972229200012,14.029409969000028],[124.13971512400009,14.01327862200003],[124.13072060100002,13.995912050000072],[124.1291788410001,13.97085429400005],[124.14751817000001,13.936184676000039],[124.14439393200009,13.89988535200007],[124.13106053500006,13.883604488000058],[124.13757621100001,13.854722379000062],[124.13287696900012,13.82049255000004],[124.13610895600004,13.797710867000031],[124.12175546400012,13.752154167000072],[124.10450403000004,13.739338787000065],[124.10530052500008,13.725276284000074],[124.0905913260001,13.70033067600002],[124.06396273900009,13.693329240000025],[124.04536680800004,13.671422044000053],[124.02443688000005,13.664490482000074],[124.04095315300005,13.635123451000027],[124.06893563900007,13.604173915000047],[124.09594956300009,13.598276601000064],[124.13731985400013,13.574512147000064],[124.14762075700001,13.55584983500006],[124.18506637300005,13.522798058000033],[124.21011749100013,13.518389021000074],[124.20590536300007,13.54295626900006],[124.21308117,13.562063805000035],[124.24737351800002,13.590502482000032],[124.27404866200004,13.595806451000042],[124.31187109400001,13.588708334000048],[124.32638436500008,13.557551820000068],[124.34310525,13.572501517000033],[124.35033036700008,13.605391854000063],[124.341941893,13.640050556000062],[124.3622512390001,13.657881859000042],[124.4092056400001,13.660349758000052],[124.41083103900006,13.68450559100006],[124.38908751300006,13.691667916000027],[124.38812112600012,13.729259789000027],[124.40728033500012,13.750708709000035],[124.40135115400007,13.769317762000071],[124.41371334300004,13.811656851000066],[124.39988276600002,13.839164935000042],[124.41586343000004,13.858329317000027],[124.38460542600002,13.892885675000057],[124.36406216700004,13.89680463900004],[124.35422380400009,13.909274554000032],[124.35178777200008,13.937153583000052],[124.33496381600004,13.936987011000042],[124.32073555000012,13.910057338000058],[124.30927491600006,13.918434579000063],[124.30037739600004,13.94332745200006],[124.28216734400006,13.958934525000076],[124.27946535800002,13.998246454000027],[124.24919765400011,14.04921027000006],[124.21522766500006,14.078726213000039],[124.20623305500011,14.100054783000074]]],[[[124.32627071400009,13.987023343000034],[124.30945620500007,13.960471262000052],[124.32678536600008,13.94131120900005],[124.35463149100008,13.951619231000054],[124.32627071400009,13.987023343000034]]]]},"properties":{"adm1_psgc":500000000,"adm2_psgc":502000000,"adm2_en":"Catanduanes","geo_level":"Prov","len_crs":479965,"area_crs":1460034357,"len_km":479,"area_km2":1460},"id":502000000},
{"type":"Feature","geometry":{"type":"MultiPolygon","coordinates":[[[[123.38470637300007,12.693603422000024],[123.37541049900005,12.717705351000063],[123.34536505400003,12.746659622000035],[123.32756066900005,12.771797507000029],[123.30858795000006,12.781257613000038],[123.286954551,12.819855407000036],[123.27613173300006,12.867321799000022],[123.27747667300004,12.888033419000065],[123.23106947300005,12.910972345000063],[123.19994791200007,12.908075910000035],[123.17965743100001,12.91722377100007],[123.16212008600007,12.941120559000069],[123.15783960400006,12.962234738000062],[123.13544925800011,13.005504754000073],[123.10709721700006,13.028452009000032],[123.08157390400004,13.080679215000032],[123.0649185970001,13.099862079000046],[123.04481751900006,13.135474984000039],[123.01589067600001,13.135860482000055],[122.99022052200007,13.156166976000064],[122.97527216800007,13.13229121800003],[122.92851598900006,13.112618472000065],[122.9573844580001,13.090179440000043],[122.94321181500005,13.05450316000002],[122.95143708700004,13.031613193000055],[122.9858733440001,13.006291934000044],[123.00974234300008,13.008734116000026],[123.02744423,12.998240803000046],[123.06392131000008,12.998414290000026],[123.06563511600007,12.977884245000043],[123.07806044000006,12.957175832000077],[123.09647210100002,12.943510826000024],[123.12119922400007,12.912878259000024],[123.14779562100013,12.904899631000037],[123.14959190400009,12.888671887000045],[123.17411584100012,12.88120722600007],[123.1981925660001,12.844430862000024],[123.21888656700001,12.836217513000063],[123.24219443900007,12.83886117600002],[123.26352995600008,12.83076166300003],[123.26794242000005,12.81429198300003],[123.29084388000001,12.800633883000048],[123.30989631600005,12.77015804600006],[123.31217549900009,12.751887519000036],[123.35764522100008,12.697592148000068],[123.38470637300007,12.693603422000024]]],[[[122.95899099100006,13.12914199200003],[122.97855497100011,13.142999261000055],[122.97607083300011,13.157361045000071],[122.9470940010001,13.139884093000035],[122.95899099100006,13.12914199200003]]],[[[123.60168914800009,12.67526867400005],[123.61166169100011,12.645019359000061],[123.58245492800006,12.641714084000055],[123.59529205400007,12.605218554000029],[123.60996618400009,12.600587989000074],[123.6141296180001,12.583385283000037],[123.63478447200009,12.542179080000038],[123.6494979680001,12.532593692000033],[123.67063382700007,12.491137888000024],[123.6870197390001,12.48004929600006],[123.68379114900004,12.46468543100002],[123.723617579,12.42163121700003],[123.73839424900008,12.397683587000072],[123.7881930730001,12.339109320000036],[123.80019856500007,12.371638726000068],[123.79131836200008,12.409881351000022],[123.78275494900005,12.420684017000038],[123.76497087300004,12.481637478000039],[123.77002182500007,12.492428342000037],[123.74046504500006,12.554273675000047],[123.72532623600011,12.614558064000049],[123.68037814400009,12.643381230000044],[123.66165949700007,12.64481613200007],[123.64401529100009,12.663063909000073],[123.62491526900011,12.693712492000031],[123.60168914800009,12.67526867400005]]],[[[124.0634376060001,11.720654878000063],[124.07327468500011,11.747279479000042],[124.05932900800008,11.775614324000058],[124.0558850320001,11.804851029000075],[124.06745358400009,11.82835569800005],[124.0700903300001,11.852563588000065],[124.03718184600005,11.90619544300006],[124.0279874050001,11.940666770000064],[124.01004886800003,11.959808234000036],[123.99454605200005,11.994327824000038],[124.01484937200007,12.005388508000063],[124.01773007300007,11.985183773000076],[124.05118051800002,11.94932809100004],[124.05172377600002,11.968941248000021],[124.02729179800006,12.00400424000003],[124.00627613300004,12.02399040900002],[123.96932562300003,12.093504038000049],[123.94985348500006,12.110325450000062],[123.93363011800011,12.140999360000023],[123.9093320510001,12.167584265000073],[123.91209506400003,12.179788663000068],[123.89594097000007,12.207088485000043],[123.88152324400006,12.219732537000025],[123.86539040000004,12.21355592000003],[123.8532308980001,12.195024155000054],[123.82317466700012,12.235991155000024],[123.8086345260001,12.243858590000059],[123.78104690400005,12.226152313000057],[123.79133650500013,12.203001804000051],[123.78315694200012,12.195272345000037],[123.74442096200005,12.252371287000072],[123.69675007700005,12.330615729000042],[123.67205287800004,12.347813817000034],[123.65596277700003,12.340031054000066],[123.63264560200001,12.360788640000067],[123.6249612060001,12.379024548000073],[123.5989047060001,12.355323230000067],[123.5855691470001,12.36965258500004],[123.59273867600007,12.396279745000074],[123.57125034800004,12.410351674000026],[123.56202983900005,12.452699861000042],[123.5546635600001,12.462505519000045],[123.52317077000009,12.455556054000056],[123.5023124500001,12.475625722000077],[123.47426219700003,12.48907081700003],[123.44361442800003,12.51693667300003],[123.40335995300006,12.522411757000043],[123.37509545500005,12.508191571000054],[123.374750456,12.47379334300007],[123.34752315700008,12.456067999000028],[123.32529063700008,12.470050879000041],[123.35908915000005,12.480401283000049],[123.35298910000007,12.517932735000045],[123.33955769200008,12.53644437200006],[123.36111564300006,12.540263745000061],[123.30454464900004,12.578543344000026],[123.28474855900002,12.573387832000039],[123.245214583,12.60016521500006],[123.23405885300009,12.58941899900003],[123.24988533900013,12.521087799000043],[123.25540175300011,12.45288593600003],[123.27020895300005,12.45759988000003],[123.27903451300004,12.42760368000006],[123.28763295800003,12.421307737000062],[123.26512439800001,12.366088268000055],[123.266885967,12.333857051000049],[123.22771504700006,12.279396516000077],[123.22580530900007,12.247114767000026],[123.21699576900005,12.238999227000022],[123.22777762900012,12.21701338300005],[123.24011570400012,12.22177250800007],[123.26169746200003,12.246068080000043],[123.28546782300008,12.219182518000023],[123.26776903500001,12.185458032000042],[123.28220392900005,12.170487019000062],[123.25188430800007,12.149535141000056],[123.23099865800009,12.120005216000036],[123.2195422330001,12.132561428000031],[123.20541707900009,12.084762237000065],[123.20624749700005,12.06176268300004],[123.19193492700002,12.042170105000027],[123.19585889000007,12.026605274000076],[123.15630250400011,11.961742104000049],[123.14377318400011,11.93610079800004],[123.15977543700002,11.905933180000035],[123.17929247400002,11.912399487000071],[123.21055198200008,11.950305557000037],[123.24192439400008,11.96785712500002],[123.26700605400002,12.008331653000026],[123.30204923100007,12.028500114000051],[123.335499776,12.094012758000078],[123.35676335300003,12.099134853000066],[123.41874603100007,12.180384770000046],[123.42724048700005,12.19969145500005],[123.45156105900003,12.21015296100006],[123.4883252740001,12.216568280000047],[123.53229312300004,12.21283009800004],[123.56464539300009,12.181642447000057],[123.56689092900001,12.16746712500003],[123.59081895300005,12.144613453000032],[123.61311236400002,12.093293615000052],[123.6035041130001,12.074084062000052],[123.64127920000011,12.070616406000054],[123.65508563300013,12.042834139000036],[123.7033679760001,12.016986373000064],[123.73024582900007,11.985598809000068],[123.71390673200007,11.954249259000052],[123.72180201300012,11.931963258000053],[123.74669744500011,11.922167869000077],[123.76823506400001,11.927181095000037],[123.83870914200008,11.909778483000027],[123.88191981400009,11.884106036000048],[123.89712599200006,11.866389936000074],[123.91874343600013,11.86679444900005],[123.94886241300004,11.840940144000058],[123.97794824100005,11.823292618000037],[124.00989589300002,11.788278846000027],[124.02722843900006,11.752615975000026],[124.0634376060001,11.720654878000063]]]]},"properties":{"adm1_psgc":500000000,"adm2_psgc":504100000,"adm2_en":"Masbate","geo_level":"Prov","len_crs":1382930,"area_crs":3986492499,"len_km":1382,"area_km2":3986},"id":504100000},
{"type":"Feature","geometry":{"type":"Polygon","coordinates":[[[123.48226570000008,12.988444596000024],[123.5326825290001,12.93740772700005],[123.54399909600012,12.950059346000046],[123.5641796760001,12.93882951900002],[123.59360334500003,12.902323789000032],[123.62080686200011,12.897836895000067],[123.65275190400008,12.870512329000062],[123.65196709400006,12.898522215000067],[123.66213564300006,12.917684413000071],[123.67789513000002,12.901711466000048],[123.71695356200007,12.884538500000073],[123.72378867400005,12.860138614000046],[123.7442979230001,12.845886503000031],[123.77197336200005,12.880885787000068],[123.7807641490001,12.868858919000047],[123.80622406400005,12.86608856200007],[123.82792810500007,12.878459920000065],[123.85938180200004,12.92182061200003],[123.87995651700008,12.936171512000044],[123.88430714700009,12.978461407000054],[123.92370202400002,12.978449296000065],[123.94306619900009,12.956916420000022],[123.96967589100007,12.95647901700005],[124.0195786600001,12.973360303000048],[124.02972809700009,12.967084999000065],[124.04186967300006,12.930591922000076],[124.0185593540001,12.87797211800006],[123.99246562200005,12.868455077000021],[123.98303600500003,12.879476995000061],[123.94747819300005,12.874881554000067],[123.93675364800004,12.844822186000044],[123.9096675500001,12.851363311000055],[123.87692118100007,12.870924913000065],[123.85563894900007,12.848235342000065],[123.83689390200006,12.838088111000047],[123.84588404300007,12.79560230000004],[123.84980453700007,12.720648854000048],[123.87509012600005,12.65531693500003],[123.93050974300002,12.628790070000036],[123.95764167100003,12.574745070000063],[123.98787217900006,12.546211454000055],[124.0441062210001,12.532966178000036],[124.0699554040001,12.538262739000059],[124.0976451450001,12.556532570000059],[124.090328784,12.58801126900005],[124.10949149200006,12.596506126000062],[124.09403249200011,12.621117555000067],[124.0941325540001,12.635989324000036],[124.13389260000007,12.662086969000029],[124.1295060120001,12.685916888000063],[124.14215540600003,12.699786189000063],[124.13170167300008,12.734251369000049],[124.14853845200004,12.772715160000075],[124.15556476200004,12.808520696000073],[124.14706130900004,12.844696220000062],[124.15156398700005,12.861752188000025],[124.11737146000006,12.908745986000042],[124.12681722000004,12.928295955000065],[124.14219730100001,12.933617162000075],[124.148001023,12.965526690000049],[124.14142512400008,12.979348510000024],[124.151504122,12.998062197000023],[124.18829003000008,13.009283795000044],[124.19828708700003,13.02197710800004],[124.18791070500004,13.066762737000033],[124.1351507810001,13.075707771000056],[124.11352144800003,13.065841269000032],[124.09697717400003,13.015240425000057],[124.07140861100004,13.01042192400007],[124.06386762300006,13.033957506000036],[124.03649328200004,13.041157854000064],[124.02221828100006,13.052212728000027],[123.99197552600003,13.09228584600004],[123.94799620100002,13.106125940000025],[123.92676515300003,13.120887665000055],[123.92917038300006,13.102068074000046],[123.9155897280001,13.054929226000066],[123.89598666200006,13.03764349000005],[123.85924674000012,13.040744483000024],[123.80564823300006,13.019028077000028],[123.76765605700007,12.986184890000061],[123.74598040500007,12.996885520000037],[123.73445022100007,13.026391081000043],[123.71473746600009,13.039926492000063],[123.62968937800008,13.010442943000044],[123.62025036800004,13.022980362000055],[123.58691683200004,13.022239605000037],[123.57486209300009,13.030070694000072],[123.54809213500006,13.024415272000056],[123.49216108500002,13.00091114700007],[123.48226570000008,12.988444596000024]]]},"properties":{"adm1_psgc":500000000,"adm2_psgc":506200000,"adm2_en":"Sorsogon","geo_level":"Prov","len_crs":707760,"area_crs":1985336553,"len_km":707,"area_km2":1985},"id":506200000},
{"type":"Feature","geometry":{"type":"Polygon","coordinates":[[[122.57735727300008,11.553467966000028],[122.57431884700009,11.563781681000025],[122.50787030400011,11.592123358000038],[122.48579240900006,11.559741923000043],[122.45774135600003,11.550535951000029],[122.4434120530001,11.575997051000058],[122.46047139000007,11.580008909000073],[122.44586291000007,11.608806424000022],[122.4220099920001,11.611882766000065],[122.39745368900002,11.635466659000027],[122.40869410500011,11.657871441000053],[122.42577978800013,11.659076303000063],[122.39741526900002,11.695415923000043],[122.38536589500006,11.734491677000051],[122.37445671600007,11.738385246000064],[122.33130037,11.735422485000072],[122.30221919300006,11.747664161000046],[122.25842803700004,11.785607028000072],[122.22487558000012,11.79607389000006],[122.22208112500003,11.813653740000063],[122.19964430100003,11.807878037000025],[122.16460698600007,11.825291022000043],[122.09948816500003,11.830272682000043],[122.0820770050001,11.836972984000056],[122.03607051100005,11.866912076000062],[122.0184560460001,11.893225010000036],[121.97380907500006,11.920085119000019],[121.95115797000007,11.939131072000064],[121.94799894900005,11.918429136000043],[121.91678278300004,11.902410129000033],[121.88707202000012,11.899884822000045],[121.8788387830001,11.810293],[121.86092850100012,11.77964142700006],[121.84359594500006,11.764169970000067],[121.8777692450001,11.771529970000076],[121.89276889900009,11.799825263000061],[121.90380822800012,11.799311806000047],[121.93343850300005,11.821365564000075],[121.99037648900003,11.827633858000071],[122.02240899100002,11.817209906000073],[122.0923394880001,11.776767171000072],[122.10901278300003,11.779049931000033],[122.1281677500001,11.763640585000076],[122.15647591200002,11.756762532000039],[122.16945530700004,11.732364552000035],[122.17457459100001,11.696275940000024],[122.14606124000011,11.656123132000063],[122.14231530000008,11.618848266000043],[122.1491168750001,11.595908877000054],[122.13995703900004,11.566394845000046],[122.15490996200003,11.531966966000025],[122.135959737,11.505061038000063],[122.1341435800001,11.473020229000038],[122.1661023710001,11.43668455100004],[122.16696420200005,11.402434884000057],[122.18810468400011,11.392383335000032],[122.19372804200007,11.374901635000072],[122.18272222200005,11.345952808000048],[122.19990772800008,11.311955905000046],[122.2468685550001,11.317676399000048],[122.27312304000009,11.329970397000066],[122.32608554300009,11.374853227000074],[122.34515057400006,11.408734009000057],[122.35076840300007,11.44225880600004],[122.37082335300012,11.42764624600005],[122.40012524700012,11.455984206000037],[122.40507282600005,11.47768442800003],[122.47260793400005,11.476178983000066],[122.48457481000004,11.48872118600002],[122.50488909,11.484729438000045],[122.53002524900012,11.493157942000039],[122.52670540000008,11.512783739000042],[122.535941728,11.535662641000046],[122.55077428000004,11.535207513000044],[122.57735727300008,11.553467966000028]]]},"properties":{"adm1_psgc":600000000,"adm2_psgc":600400000,"adm2_en":"Aklan","geo_level":"Prov","len_crs":507785,"area_crs":1683814691,"len_km":507,"area_km2":1683},"id":600400000},
{"type":"Feature","geometry":{"type":"MultiPolygon","coordinates":[[[[121.42638759100011,12.03124697100003],[121.41005274000007,12.040940969000076],[121.39795998000012,12.078112363000058],[121.40596645100004,12.105450589000045],[121.38987036700009,12.122771822000061],[121.35543284900008,12.115648940000028],[121.34538048600007,12.086145033000033],[121.36191479200012,12.083407105000047],[121.38073897200003,12.063810733000027],[121.36268699800006,12.051347119000072],[121.3632794990001,12.03406825200005],[121.38882099200009,11.98570397700007],[121.41854613300006,12.010417387000073],[121.42638759100011,12.03124697100003]]],[[[121.5752892710001,11.939182397000026],[121.55461210000011,11.959626902000023],[121.53994738200002,11.909741335000033],[121.54997085500007,11.892424072000038],[121.5829525590001,11.905549648000033],[121.5752892710001,11.939182397000026]]],[[[121.45307829700005,11.869070062000048],[121.42605372700007,11.866644],[121.41332384600003,11.84088437500003],[121.43435607800008,11.84056739500005],[121.4780317210001,11.825476597000035],[121.5169010210001,11.82687255500002],[121.53073911500007,11.846506273000045],[121.5086202320001,11.862040948000072],[121.45307829700005,11.869070062000048]]],[[[122.19990772800008,11.311955905000046],[122.18272222200005,11.345952808000048],[122.19372804200007,11.374901635000072],[122.18810468400011,11.392383335000032],[122.16696420200005,11.402434884000057],[122.1661023710001,11.43668455100004],[122.1341435800001,11.473020229000038],[122.135959737,11.505061038000063],[122.15490996200003,11.531966966000025],[122.13995703900004,11.566394845000046],[122.1491168750001,11.595908877000054],[122.14231530000008,11.618848266000043],[122.14606124000011,11.656123132000063],[122.17457459100001,11.696275940000024],[122.16945530700004,11.732364552000035],[122.15647591200002,11.756762532000039],[122.1281677500001,11.763640585000076],[122.10901278300003,11.779049931000033],[122.0923394880001,11.776767171000072],[122.02240899100002,11.817209906000073],[121.99037648900003,11.827633858000071],[121.93343850300005,11.821365564000075],[121.90380822800012,11.799311806000047],[121.89276889900009,11.799825263000061],[121.8777692450001,11.771529970000076],[121.84359594500006,11.764169970000067],[121.86262965800006,11.756320428000036],[121.89712543900009,11.757277147000025],[121.91819855300004,11.767649724000021],[121.9479451640001,11.757006834000034],[121.98709272500004,11.752189331000068],[122.0126258030001,11.736152684000045],[122.044999446,11.732177607000041],[122.06874017900009,11.73872911500007],[122.08480729700011,11.725987789000044],[122.10065714200005,11.700553808000048],[122.09577114900004,11.669524421000064],[122.10152019400003,11.652800988000024],[122.09292413800007,11.590018858000063],[122.07827889700003,11.53662182700003],[122.08580505300007,11.505236615000056],[122.07358871800012,11.477525995000065],[122.05821013000002,11.46857943500004],[122.0589931290001,11.43925554800006],[122.05009160800012,11.410117701000049],[122.06258706300004,11.374663725000064],[122.05387370900007,11.335744317000037],[122.03579501700004,11.320292493000062],[122.02710348000006,11.298443717000055],[122.05203945100004,11.261286728000073],[122.05307044900007,11.227105542000062],[122.03396906600005,11.199127747000034],[122.03961760100003,11.15027888900005],[122.03773811600003,11.115873330000056],[122.04557204400008,11.094415365000028],[122.04137531900005,11.071905574000025],[122.05398686700005,11.03346733700005],[122.03963948900002,11.017694980000044],[122.03784987300003,10.997978692000062],[121.98406786200009,10.931452068000054],[121.97564074800006,10.896479147000033],[121.95633035800007,10.850805555000022],[121.94335582300006,10.79751016700004],[121.923126367,10.76335135800002],[121.93647738000004,10.737225214000034],[121.9465109030001,10.737631638000037],[121.967641146,10.711739677000025],[121.97808132300007,10.675039620000065],[121.974769852,10.632055277000063],[121.9644338820001,10.572512759000062],[121.94743134600004,10.530745481000054],[121.91868134200001,10.500813728000026],[121.9218428700001,10.481320514000057],[121.9127139530001,10.44640674200002],[121.9192196360001,10.434917631000078],[121.95997604500006,10.413809783000035],[122.01073719400006,10.443017514000076],[122.03028776500003,10.466848482000046],[122.01303394100013,10.476499513000023],[122.01906709400009,10.565216420000068],[122.03481262200012,10.623438966000034],[122.04721864800001,10.63156335000002],[122.06518785800006,10.680676879000034],[122.08405293200008,10.700210447000073],[122.09472650600004,10.699596017000035],[122.15394495400005,10.751227345000075],[122.17497210800003,10.755996189000026],[122.19932536600005,10.816251925000074],[122.20100347600008,10.834685975000072],[122.22436151400008,10.852999279000073],[122.24428145000003,10.84951326300006],[122.28086203700003,10.892336224000074],[122.2829747310001,10.911117010000055],[122.29696678700007,10.925630946000066],[122.32363979700007,10.933363292000022],[122.31246292500009,10.958055645000059],[122.32373918400002,11.015286657000047],[122.3084573520001,11.04731852700007],[122.23994482700006,11.133468934000064],[122.21252489900007,11.166055007000068],[122.20102923400007,11.210432844000024],[122.204942371,11.239576831000022],[122.20517160900012,11.288325495000036],[122.19990772800008,11.311955905000046]]]]},"properties":{"adm1_psgc":600000000,"adm2_psgc":600600000,"adm2_en":"Antique","geo_level":"Prov","len_crs":664764,"area_crs":2735034505,"len_km":664,"area_km2":2735},"id":600600000},
{"type":"Feature","geometry":{"type":"Polygon","coordinates":[[[123.09762898100007,11.544387227000072],[123.07500691000008,11.526817142000025],[123.04027639200001,11.51492292800003],[122.98923268500006,11.482972009000035],[122.94399210100006,11.47927629700007],[122.91650643700007,11.482409626000047],[122.91762432600002,11.456715238000072],[122.90308793800011,11.434668992000072],[122.89184236100004,11.438077447000069],[122.890517584,11.476787692000073],[122.9109831500001,11.50557779300004],[122.93118832200003,11.515825323000056],[122.90130011900011,11.528647009000052],[122.86441745700006,11.555959356000074],[122.8333448090001,11.59510905900004],[122.82599177700001,11.61056154500005],[122.80083861100003,11.60657882800007],[122.71931665700005,11.608406337000078],[122.71538969900008,11.581592619000046],[122.68221515800006,11.568835578000058],[122.68430407800007,11.545697291000067],[122.63559596700009,11.56257847300003],[122.63554340900008,11.522560914000053],[122.6187787990001,11.51631063000002],[122.59093314200004,11.51850422800004],[122.57735727300008,11.553467966000028],[122.55077428000004,11.535207513000044],[122.535941728,11.535662641000046],[122.52670540000008,11.512783739000042],[122.53002524900012,11.493157942000039],[122.50488909,11.484729438000045],[122.48457481000004,11.48872118600002],[122.47260793400005,11.476178983000066],[122.40507282600005,11.47768442800003],[122.40012524700012,11.455984206000037],[122.37082335300012,11.42764624600005],[122.35076840300007,11.44225880600004],[122.34515057400006,11.408734009000057],[122.32608554300009,11.374853227000074],[122.27312304000009,11.329970397000066],[122.2468685550001,11.317676399000048],[122.19990772800008,11.311955905000046],[122.20517160900012,11.288325495000036],[122.204942371,11.239576831000022],[122.20102923400007,11.210432844000024],[122.21252489900007,11.166055007000068],[122.23994482700006,11.133468934000064],[122.32565518700004,11.22494626200006],[122.3953327150001,11.190131479000057],[122.41910517900011,11.195574141000066],[122.45216523400008,11.192964759000061],[122.49446570000009,11.17844518000004],[122.54033981100008,11.202374835000056],[122.56157174100007,11.223800277000066],[122.55931719600007,11.236245889000028],[122.58331594500011,11.25789224300007],[122.63289907200009,11.266594956000061],[122.61541831100011,11.23597193100005],[122.65058204600007,11.211556530000049],[122.70824223400007,11.21363333100004],[122.726128,11.227078518000042],[122.77226190300006,11.227241049000042],[122.79181668600008,11.186459075000071],[122.81463650900002,11.19392378300006],[122.85035574700011,11.195562332000069],[122.87307868500011,11.237048511000065],[122.855120573,11.25593784600005],[122.89465144100008,11.294331418000068],[122.93090437300009,11.29774797300007],[122.94471706200012,11.311485936000052],[122.93493633700007,11.338812838000022],[122.95087891900005,11.370013339000023],[122.99443380000004,11.389956553000046],[123.0350895590001,11.39518632800002],[123.04603062200009,11.40382925000006],[123.03975689500011,11.42792331500004],[123.04558437100002,11.447568639000055],[123.07178157100009,11.482247712000058],[123.075251664,11.510117901000058],[123.0856191040001,11.51452260800005],[123.09762898100007,11.544387227000072]]]},"properties":{"adm1_psgc":600000000,"adm2_psgc":601900000,"adm2_en":"Capiz","geo_level":"Prov","len_crs":427751,"area_crs":2649050155,"len_km":427,"area_km2":2649},"id":601900000},
{"type":"Feature","geometry":{"type":"MultiPolygon","coordinates":[[[[122.03028776500003,10.466848482000046],[122.05065767400004,10.486723219000053],[122.07449917500004,10.53153077400003],[122.07937109400007,10.549115448000064],[122.10592032000012,10.583387237000064],[122.15928756100004,10.596754847000057],[122.18130262400007,10.621065124000038],[122.2103470510001,10.638872996000032],[122.25112804700007,10.63810783900004],[122.25698515800002,10.650829912000061],[122.28158777100009,10.659157515000059],[122.32657726500008,10.658701543000063],[122.33446013800004,10.668918344000074],[122.39326406100008,10.670321005000062],[122.43071513100007,10.683438835000063],[122.479448036,10.68834612100005],[122.49980636400004,10.679965891000052],[122.53166930000009,10.679330462000054],[122.56108176100008,10.691362079000044],[122.58091882800011,10.687589006000053],[122.60023864100005,10.727565817000029],[122.58786094800007,10.743050724000055],[122.61145205100001,10.774782222000056],[122.63231534200008,10.782608456000046],[122.64196817200002,10.77151353100004],[122.67129196300004,10.795975156000054],[122.71048317300007,10.780001167000023],[122.73420064200002,10.785963645000038],[122.76294897800005,10.822918389000053],[122.76907015800009,10.843402272000048],[122.78505763800003,10.864431627000046],[122.78913818200012,10.899308512000061],[122.78069853800002,10.925520229000028],[122.764636084,10.945955576000074],[122.7817240280001,10.98792534300003],[122.83151762500007,11.002750107000054],[122.850046227,10.997410925000052],[122.85166149400003,11.018821029000035],[122.87650941100003,11.032250372000021],[122.9054680170001,11.020926226000027],[122.91592314800003,11.039610321000055],[122.91803619100006,11.063252859000045],[122.93729703800011,11.064087123000037],[122.93453463600008,11.044070885000053],[122.95232525100006,11.033694352000055],[122.95532296800002,11.06908349200006],[122.99311641800011,11.078043685000067],[123.00927381900009,11.093926979000061],[123.01766905900003,11.143814193000027],[123.03639293700007,11.171628113000054],[123.07441368100001,11.164020820000074],[123.079928719,11.148129062000066],[123.12127665500007,11.164694573000077],[123.12789820800005,11.181067139000048],[123.11263176900003,11.215604713000062],[123.0937656660001,11.223962005000033],[123.09514831000001,11.27485007200005],[123.10689030700009,11.292677410000067],[123.09923304800009,11.328641543000058],[123.13302425100007,11.343259420000038],[123.12620547100005,11.361348299000042],[123.14626712200004,11.37375942500006],[123.14340461600011,11.398159521000023],[123.12996121100004,11.419087604000023],[123.15272078600003,11.444216492000066],[123.15991416400004,11.475432672000068],[123.13847382100006,11.49308433700003],[123.13514402100009,11.510893258000065],[123.16276061100007,11.567235462000042],[123.14176159400006,11.591123002000074],[123.13131288400005,11.571250268000025],[123.09762898100007,11.544387227000072],[123.0856191040001,11.51452260800005],[123.075251664,11.510117901000058],[123.07178157100009,11.482247712000058],[123.04558437100002,11.447568639000055],[123.03975689500011,11.42792331500004],[123.04603062200009,11.40382925000006],[123.0350895590001,11.39518632800002],[122.99443380000004,11.389956553000046],[122.95087891900005,11.370013339000023],[122.93493633700007,11.338812838000022],[122.94471706200012,11.311485936000052],[122.93090437300009,11.29774797300007],[122.89465144100008,11.294331418000068],[122.855120573,11.25593784600005],[122.87307868500011,11.237048511000065],[122.85035574700011,11.195562332000069],[122.81463650900002,11.19392378300006],[122.79181668600008,11.186459075000071],[122.77226190300006,11.227241049000042],[122.726128,11.227078518000042],[122.70824223400007,11.21363333100004],[122.65058204600007,11.211556530000049],[122.61541831100011,11.23597193100005],[122.63289907200009,11.266594956000061],[122.58331594500011,11.25789224300007],[122.55931719600007,11.236245889000028],[122.56157174100007,11.223800277000066],[122.54033981100008,11.202374835000056],[122.49446570000009,11.17844518000004],[122.45216523400008,11.192964759000061],[122.41910517900011,11.195574141000066],[122.3953327150001,11.190131479000057],[122.32565518700004,11.22494626200006],[122.23994482700006,11.133468934000064],[122.3084573520001,11.04731852700007],[122.32373918400002,11.015286657000047],[122.31246292500009,10.958055645000059],[122.32363979700007,10.933363292000022],[122.29696678700007,10.925630946000066],[122.2829747310001,10.911117010000055],[122.28086203700003,10.892336224000074],[122.24428145000003,10.84951326300006],[122.22436151400008,10.852999279000073],[122.20100347600008,10.834685975000072],[122.19932536600005,10.816251925000074],[122.17497210800003,10.755996189000026],[122.15394495400005,10.751227345000075],[122.09472650600004,10.699596017000035],[122.08405293200008,10.700210447000073],[122.06518785800006,10.680676879000034],[122.04721864800001,10.63156335000002],[122.03481262200012,10.623438966000034],[122.01906709400009,10.565216420000068],[122.01303394100013,10.476499513000023],[122.03028776500003,10.466848482000046]]],[[[123.19892660300002,11.466322694000043],[123.21710547700002,11.459739888000055],[123.23523249800007,11.46491779400003],[123.23439290300007,11.493350841000051],[123.21797500500008,11.509608982000033],[123.20441622300007,11.490864367000029],[123.19892660300002,11.466322694000043]]],[[[123.25069067200003,11.423429531000066],[123.27437749800002,11.438203963000033],[123.27528003100008,11.454853010000022],[123.24736299400003,11.465639319000047],[123.24280165000003,11.453727936000064],[123.25069067200003,11.423429531000066]]],[[[123.14907917000006,11.26618737900003],[123.1672151460001,11.269313824000049],[123.19384254100008,11.293381797000052],[123.18091969300008,11.305383333000066],[123.15467819100002,11.309407795000025],[123.15596816100005,11.27702647600006],[123.14907917000006,11.26618737900003]]],[[[123.17273213600005,11.192994541000074],[123.19005163600002,11.212340020000052],[123.16530135800008,11.222133816000053],[123.15748664700004,11.21134919900004],[123.17273213600005,11.192994541000074]]],[[[123.12264589500012,11.100633317000074],[123.13617626300004,11.119824591000052],[123.13786616200004,11.148861231000067],[123.1168688250001,11.144570954000073],[123.10741955000003,11.13237678200005],[123.12264589500012,11.100633317000074]]]]},"properties":{"adm1_psgc":600000000,"adm2_psgc":603000000,"adm2_en":"Iloilo","geo_level":"Prov","len_crs":987568,"area_crs":4716768475,"len_km":987,"area_km2":4716},"id":603000000},
{"type":"Feature","geometry":{"type":"Polygon","coordinates":[[[123.33591507200003,10.382476470000029],[123.35135076000006,10.40687664200004],[123.35922,10.440724528000034],[123.3958821230001,10.469591837000051],[123.42230119200008,10.47656190500004],[123.4491583360001,10.505254191000061],[123.45741811700009,10.536400627000033],[123.47294735700007,10.550248949000034],[123.46912568900008,10.56322936600003],[123.49362535400007,10.621887118000071],[123.50805912100009,10.704604432000053],[123.51788428200007,10.725603066000078],[123.5427817110001,10.751072013000053],[123.56827832600004,10.794357373000025],[123.55729167400013,10.81873388300005],[123.5649135660001,10.836623439000052],[123.5320891230001,10.836966821000033],[123.5360060270001,10.85067488200002],[123.52261662400008,10.865664706000075],[123.51451924900003,10.918123327000046],[123.48888959300008,10.934592829000055],[123.47275535500012,10.921267895000026],[123.44807960100002,10.937497375000019],[123.40837932100011,10.952905679000024],[123.37314997200008,10.961160006000055],[123.34842717100003,10.949895956000033],[123.3210697200001,10.950981074000026],[123.27271319100011,10.97810496300002],[123.26658373400005,10.98615212800007],[123.19567760300004,11.003010359000028],[123.1632630030001,10.976567377000038],[123.13159237800005,10.971452222000034],[123.12061054700008,10.95740220700003],[123.09123172800003,10.93767340700003],[123.07558634300005,10.915364707000036],[123.03824302200007,10.923837699000046],[123.01515605400006,10.912932484000066],[122.99646342200003,10.913651507000052],[122.98122463600009,10.899196588000052],[122.95728674700003,10.896418433000068],[122.9568535630001,10.867165726000053],[122.9482728250001,10.863394301000028],[122.94932948400002,10.80581823600005],[122.96808340100007,10.795079292000024],[122.96197552700006,10.768530535000027],[122.96019569400005,10.72576192400004],[122.9457175240001,10.722817685000054],[122.95102433900001,10.685706885000059],[122.92954640100004,10.660454728000047],[122.92617867500007,10.635101265000058],[122.91446952700005,10.605416661000048],[122.88294961200006,10.581475059000072],[122.88104856600012,10.565182044000037],[122.84943456800012,10.547419128000056],[122.8239249710001,10.551298637000059],[122.79567834500007,10.522731827000031],[122.81015991200002,10.506097993000026],[122.82063607400005,10.47792687800006],[122.82400820800002,10.441862342000036],[122.85691642700012,10.406909893000032],[122.86607087200002,10.355070062000035],[122.85731429400005,10.325396443000043],[122.84178759800011,10.297929047000027],[122.84532578000005,10.250295792000031],[122.84187158700003,10.20890309200007],[122.85667690700008,10.168864855000038],[122.86218179900003,10.141725282000039],[122.85942301900002,10.093407432000047],[122.84813908300009,10.076743456000031],[122.80773288200008,10.061147037000067],[122.78259067500005,10.073302307000064],[122.77497546500003,10.060460779000039],[122.72363811600007,10.019393479000028],[122.6989659730001,9.994295202000044],[122.6554276510001,9.976098191000062],[122.61658511300003,9.97527168700003],[122.50804284600007,9.986625727000044],[122.45210660500004,9.976125470000053],[122.435263587,9.904481152000072],[122.40867404000005,9.87106204400004],[122.38179310700004,9.844187581000027],[122.38455933300008,9.823714637000025],[122.40110146800009,9.814947174000054],[122.39322891500002,9.785415785000055],[122.39894722200007,9.763991059000034],[122.39437237200002,9.72864300100002],[122.3807111750001,9.707460850000075],[122.39701636400004,9.69154067900007],[122.40839249600005,9.659435950000043],[122.43077837800001,9.671614296000032],[122.45704037700013,9.660954456000066],[122.458858071,9.644428950000076],[122.44785730000001,9.621929683000076],[122.47930850600004,9.57738044000007],[122.48068037400003,9.564795279000066],[122.50522822000006,9.556067455000058],[122.55192588600006,9.474784055000043],[122.57891585100005,9.447301326000058],[122.59039125800005,9.446623662000036],[122.5916219510001,9.461214375000052],[122.59290813500002,9.463638548000059],[122.63557722800009,9.507626268000024],[122.68364140000007,9.562847185000065],[122.71526918400002,9.590561705000026],[122.74343458000008,9.623184695000075],[122.78446069300004,9.675243856000066],[122.80423183000005,9.70080798600003],[122.90675043800003,9.818935856000053],[122.98320250300004,9.912625363000075],[123.01579588600009,10.012187241000047],[123.07135866600004,10.09779056900004],[123.11066842700008,10.165420105000065],[123.18881825200003,10.260563292000029],[123.19455747000005,10.271815747000062],[123.19119873300008,10.303034610000054],[123.16525422100007,10.31212931500005],[123.16318407500012,10.313511015000074],[123.1634561410001,10.315518531000064],[123.16710635200003,10.315429309000026],[123.17315980900003,10.318329032000063],[123.17508694000004,10.316834563000041],[123.18409279600009,10.339590412000064],[123.18332752100002,10.34131916800004],[123.18280033100007,10.349488809000036],[123.1839284030001,10.353241754000067],[123.16031414800011,10.387797962000034],[123.13183057200003,10.41167899100003],[123.14432497400004,10.434843284000067],[123.21869044600011,10.439600951000045],[123.24227644100004,10.434602726000035],[123.2444814260001,10.431866907000028],[123.25046234200009,10.41492806300005],[123.33591507200003,10.382476470000029]]]},"properties":{"adm1_psgc":600000000,"adm2_psgc":604500000,"adm2_en":"Negros Occidental","geo_level":"Prov","len_crs":985013,"area_crs":7652860443,"len_km":985,"area_km2":7652},"id":604500000},
{"type":"Feature","geometry":{"type":"MultiPolygon","coordinates":[[[[122.48582236100003,10.463718339000025],[122.50267254100002,10.46610527100006],[122.51248777700005,10.415081062000068],[122.52177490600002,10.405203507000065],[122.55277013800004,10.417398513000023],[122.57068935500001,10.448269593000077],[122.58374334200006,10.430216515000039],[122.60505480800009,10.438507551000042],[122.62565187400003,10.434314450000043],[122.63922980800011,10.446095501000059],[122.64487656600011,10.471413280000036],[122.66353824700002,10.478480142000024],[122.68255339100006,10.502208969000039],[122.68405576100008,10.531563566000044],[122.69748287200002,10.547421428000064],[122.71271980400002,10.594563764000043],[122.72498683100002,10.615046608000055],[122.72569314800013,10.63910487000004],[122.71586298000011,10.658118212000034],[122.7205809300001,10.685427913000069],[122.71387636200005,10.715628863000061],[122.68575052300002,10.731557163000048],[122.65787842500002,10.75402240000005],[122.64512581200005,10.733412651000036],[122.61485909200007,10.718851581000024],[122.61495920200002,10.68563594500006],[122.59242148100009,10.673922103000056],[122.56502071000011,10.649408860000051],[122.55142414900003,10.630338387000053],[122.52727010200012,10.615002864000074],[122.51087833100007,10.582133333000058],[122.52646604300004,10.532781365000059],[122.51500742100006,10.50862240300006],[122.48255248300005,10.505966314000032],[122.47508621200008,10.479310568000072],[122.48582236100003,10.463718339000025]]],[[[122.69278,10.4417],[122.72475000100007,10.45424],[122.70249999900012,10.47634],[122.68644,10.46719],[122.69278,10.4417]]]]},"properties":{"adm1_psgc":600000000,"adm2_psgc":607900000,"adm2_en":"Guimaras","geo_level":"Prov","len_crs":371424,"area_crs":595760665,"len_km":371,"area_km2":595},"id":607900000},
{"type":"Feature","geometry":{"type":"MultiPolygon","coordinates":[[[[123.83648725700004,9.644078256000055],[123.80589912100002,9.626924671000042],[123.7717406600001,9.617117394000047],[123.75170700300009,9.594855626000026],[123.74931663600013,9.572615912000055],[123.7583169200001,9.545066035000048],[123.79720865200011,9.551585063000063],[123.83979315700005,9.58670760800004],[123.86990194400005,9.605669496000075],[123.87146374200006,9.622050617000069],[123.83648725700004,9.644078256000055]]],[[[123.79012127300007,9.864313846000071],[123.79599381900005,9.839596320000053],[123.8158467740001,9.854207045000065],[123.79012127300007,9.864313846000071]]],[[[123.78174871800002,9.892355811000074],[123.75948874800008,9.889849370000036],[123.76454973400007,9.861026631000074],[123.79243479700006,9.886106218000064],[123.78174871800002,9.892355811000074]]],[[[124.61547633000009,10.153081935000047],[124.57060152000008,10.12583247200007],[124.5532215820001,10.132077184000027],[124.54785648400002,10.115411951000057],[124.5305602950001,10.119570685000042],[124.5279594110001,10.068452249000073],[124.53952942300009,10.051818360000023],[124.5529531740001,10.056120030000043],[124.54991228000006,10.080105651000054],[124.56107818700002,10.09240937000004],[124.58427159700011,10.089677428000074],[124.60631724400002,10.09839173000006],[124.59561823900005,10.118641798000056],[124.61547633000009,10.153081935000047]]],[[[124.28993463000008,10.173635970000023],[124.28087175700011,10.155106568000065],[124.23722014500004,10.162145719000023],[124.20785306800008,10.161005524000075],[124.1978430920001,10.14935603200007],[124.14750504200003,10.14923360900002],[124.13321092300008,10.122519191000038],[124.13751098600005,10.112217148000068],[124.09630899400008,10.07616950000005],[124.06226921300005,10.067498070000056],[124.04412268900013,9.98789057300007],[124.02750532800007,9.967241104000037],[123.98430230100007,9.964072886000055],[123.95173855000007,9.942906483000058],[123.91185421800003,9.93279438500002],[123.9013357440001,9.916493158000035],[123.88332572000002,9.920497511000063],[123.86670826500007,9.910778740000067],[123.87316362900002,9.895134622000056],[123.85403828800008,9.88846030600007],[123.81876292800008,9.847188190000052],[123.80637473900005,9.84179829200002],[123.78980554700001,9.805085421000056],[123.78282095400004,9.771551344000041],[123.7874646150001,9.739125933000023],[123.80083941900011,9.733104024000058],[123.84027107300005,9.739486140000054],[123.86346826300007,9.715361745000052],[123.84399302400006,9.667256902000076],[123.85464910200005,9.637559059000068],[123.87187666000013,9.627618822000043],[123.9173387410001,9.62149858200007],[123.96969755700003,9.600954176000073],[124.05501290300005,9.58935870600004],[124.10498909800003,9.590027331000043],[124.12908758700009,9.598965591000026],[124.1910160750001,9.610044386000025],[124.23173539400011,9.598811933000034],[124.28401415400003,9.604618532000075],[124.3138643190001,9.622270453000056],[124.35876932600003,9.62979027700004],[124.36866293300012,9.650625782000075],[124.39899260800009,9.652581916000033],[124.40111778300003,9.691819365000072],[124.40893390000008,9.710928386000031],[124.42708303100007,9.721075998000062],[124.44563678200007,9.72080910500006],[124.48448919900011,9.760939703000078],[124.496855276,9.762549893000026],[124.51405618600006,9.722875233000025],[124.57134214100007,9.732418237000047],[124.59538365600008,9.76650573300003],[124.59073793200002,9.811160848000041],[124.57564427300008,9.809489724000057],[124.55611641200005,9.820543637000071],[124.54656041000011,9.838127748000032],[124.52234715800012,9.844510999000022],[124.52881812900011,9.858035237000024],[124.57011084200009,9.885656192000054],[124.56882671000005,9.90706184600003],[124.55114356200009,9.928837378000024],[124.55064182200012,9.968833509000035],[124.57005105600001,9.976500892000047],[124.56891912200001,9.996703717000058],[124.55300035800008,10.013076398000067],[124.54697681300001,10.040945973000023],[124.53277406000007,10.042548705000058],[124.51448876100005,10.070278443000063],[124.48154309000006,10.055847803000063],[124.46342213000003,10.062480729000072],[124.44138984800009,10.084905563000062],[124.41590327600012,10.101773840000021],[124.38932836700008,10.106622183000068],[124.39175966700009,10.130628708000073],[124.36703078600011,10.153393782000023],[124.35498914000003,10.128245817000048],[124.31389333600008,10.165284181000063],[124.28993463000008,10.173635970000023]]],[[[124.25892127400004,10.206539847000045],[124.21974631000012,10.190742357000033],[124.23835483500012,10.18138213100002],[124.25892127400004,10.206539847000045]]]]},"properties":{"adm1_psgc":700000000,"adm2_psgc":701200000,"adm2_en":"Bohol","geo_level":"Prov","len_crs":1069316,"area_crs":3968651313,"len_km":1069,"area_km2":3968},"id":701200000},
{"type":"Feature","geometry":{"type":"MultiPolygon","coordinates":[[[[123.88376302100005,11.312573306000049],[123.89873264500011,11.30443180900005],[123.901396685,11.34601992800003],[123.8907396300001,11.347525306000025],[123.88376302100005,11.312573306000049]]],[[[123.72312199400007,11.154327203000035],[123.73286776100008,11.138630978000037],[123.75225061200003,11.151106560000072],[123.783780266,11.146223594000046],[123.80966786500005,11.153189307000048],[123.80112965400008,11.174216631000037],[123.77458489200002,11.196619795000059],[123.76808617600011,11.210299982000038],[123.75662953200002,11.267717442000047],[123.74847744000009,11.286660430000039],[123.72966574400004,11.30121079400004],[123.70884080500002,11.252487905000065],[123.68798610100008,11.225499525000034],[123.69907653700012,11.213151464000077],[123.72312199400007,11.154327203000035]]],[[[123.9205406430001,11.003489784000065],[123.92854295800011,10.979366350000019],[123.92147217,10.949761587000069],[123.90435460900007,10.935892217000058],[123.86899059300002,10.837254084000053],[123.86320725600001,10.80740994000007],[123.85374928500006,10.79972586500003],[123.83111501600001,10.75502270000004],[123.83114495900008,10.733348657000022],[123.80197444700002,10.72295195700002],[123.79413431500006,10.699386047000075],[123.75538797800004,10.644802013000058],[123.7431785560001,10.634195426000074],[123.74685536700008,10.614184518000055],[123.72992862800005,10.575656055000026],[123.71184978600002,10.567434328000045],[123.70289050900011,10.52170541400005],[123.71416929100008,10.497584239000046],[123.68742656300003,10.48164934700003],[123.68966448800008,10.463683974000048],[123.67575248400011,10.455712520000079],[123.66648926800008,10.412797987000035],[123.64321246700003,10.402691111000022],[123.63760105100005,10.378617636000055],[123.59198590800008,10.347928760000057],[123.57961738000006,10.322255433000064],[123.58241326900009,10.263604579000058],[123.55182212700004,10.231515436000048],[123.52585131000002,10.19083155100003],[123.517171994,10.152701905000072],[123.48314942800006,10.118558611000022],[123.46830410000007,10.095901158000057],[123.44479118600007,10.074218773000041],[123.43890779000003,10.058972605000063],[123.41460421400008,10.05174846500006],[123.40584940200006,10.022004832000052],[123.40999446600004,10.003744663000075],[123.39136821500006,9.970868774000055],[123.38229846000003,9.997439641000028],[123.37121389000004,9.993496970000022],[123.36624215000006,9.946393581000052],[123.37491797000008,9.93437994100003],[123.39770027500005,9.927999875000067],[123.40238115000011,9.905005346000053],[123.3975700200001,9.876257043000066],[123.37086372100008,9.869456878000053],[123.37243277500012,9.820930578000059],[123.34618084800002,9.791348572000059],[123.33562089700003,9.702131571000054],[123.3224802960001,9.647896901000026],[123.32604953400005,9.637685184000077],[123.30095785100004,9.517665373000057],[123.29639564300011,9.479893391000077],[123.30279907500007,9.443814115000066],[123.30027444900009,9.418495793000034],[123.33249205800008,9.413466543000025],[123.35391478400005,9.425333773000034],[123.37650317100008,9.454027333000056],[123.39794820300006,9.493916824000053],[123.43863831300008,9.530012662000045],[123.469325,9.578842],[123.47535564600003,9.61370745100004],[123.510686,9.697929],[123.51388481200003,9.741264294000073],[123.536153,9.756284],[123.531004,9.774225],[123.53707353200004,9.805354066000065],[123.55946317800012,9.816118790000074],[123.56904376600006,9.851524219000055],[123.58356764400004,9.866649047000067],[123.60821,9.874482],[123.60590841900012,9.894977499000047],[123.62483844500002,9.949173019000057],[123.62488254100005,9.978781856000069],[123.61479808400009,9.993736324000052],[123.62859919500012,10.057591358000025],[123.641221533,10.084698843000071],[123.65636779800003,10.091582095000035],[123.67846897000004,10.08368203200007],[123.68364937300011,10.11411913200004],[123.70143144500003,10.151742589000037],[123.75643192200005,10.196523911000044],[123.76788226800011,10.227345249000052],[123.79920601500011,10.237957548000056],[123.83417581200001,10.234177485000032],[123.86314373500012,10.248475431000031],[123.89119123300009,10.289383814000074],[123.94028595900012,10.321196867000026],[123.96781218700005,10.32984470300005],[123.98446569800002,10.35386943000003],[124.00082107100002,10.359147601000073],[124.012404736,10.38725299300006],[123.99866890300008,10.415602120000074],[124.0211196790001,10.477969160000045],[124.03221285300005,10.496692966000067],[124.03286067600004,10.52864328000004],[124.02312304500005,10.559498008000046],[124.03267447200005,10.595322829000054],[124.02595516600003,10.604949556000063],[124.02869241100007,10.633864933000039],[124.01213182500011,10.70327985400007],[124.01653560100009,10.730300875000069],[124.00482378500008,10.748123522000068],[124.01025891000008,10.768489441000042],[124.02717158100008,10.779119459000071],[124.03388542200003,10.795899658000053],[124.02949152000008,10.826189128000067],[124.04038835300003,10.861243150000064],[124.05372559200009,10.879699927000047],[124.04515992400003,10.910601381000046],[124.03518792600005,10.912628068000059],[124.03125606000005,10.944918536000042],[124.03837566600009,10.953142504000027],[124.04467509300004,10.990240979000017],[124.03730941800006,11.039767414000037],[124.04230012000005,11.054581315000064],[124.01130149000005,11.058704],[123.98857317300006,11.076435565000054],[124.01363114100002,11.123094641000021],[124.035405,11.148729286000048],[124.03737066300006,11.205877281000028],[124.04555313600008,11.22448005700005],[124.06966480000004,11.254114134000075],[124.0569980360001,11.26270842300005],[124.05524224500004,11.281062611000038],[124.02560945100005,11.279643147000055],[123.99844669500011,11.271178860000076],[123.99806088000003,11.250106585000024],[123.98698871900001,11.224502642000061],[123.95812339600003,11.203008635000057],[123.94406976300002,11.185429],[123.94211382500009,11.159924185000024],[123.95927292800003,11.125994857000023],[123.95106579100002,11.087794341000063],[123.93154028200003,11.062530086000038],[123.902138508,11.035451900000055],[123.9205406430001,11.003489784000065]]],[[[124.50177979700004,10.729038435000065],[124.53519920000008,10.745969640000052],[124.55645983400007,10.773772579000024],[124.56483044000005,10.814072456000074],[124.54029073600009,10.804714875000059],[124.5241648880001,10.79038334200004],[124.4959342730001,10.752370047000056],[124.50177979700004,10.729038435000065]]],[[[124.29497979400003,10.585994339000022],[124.31245018700007,10.586653250000039],[124.32481295900006,10.601426490000051],[124.35501828500003,10.617766425000069],[124.40112598200007,10.628562906000067],[124.45523899900003,10.62868627000006],[124.50102825300009,10.644452425000054],[124.51648438100005,10.66031494400005],[124.5129143910001,10.675606018000055],[124.48616683900002,10.698255135000064],[124.45209569300005,10.714705500000038],[124.43069175500013,10.717301688000077],[124.412755993,10.705627300000058],[124.39984010700005,10.685176427000043],[124.39040273400008,10.650794641000061],[124.38187912600006,10.648943616000054],[124.37407784400013,10.69028873700006],[124.344267349,10.708621371000048],[124.31761801000005,10.709848015000032],[124.30949153400002,10.685641477000049],[124.31105895400003,10.666213618000029],[124.29872121900009,10.634792620000043],[124.27799090000008,10.61240064800006],[124.27609403400004,10.589814756000068],[124.29497979400003,10.585994339000022]]],[[[123.95647579400008,10.242342651000056],[123.96703390200004,10.257895481000046],[123.9831109050001,10.258500754000067],[123.99885056100005,10.285488412000063],[124.01525844400008,10.295975265000038],[124.00861806200011,10.311977332000025],[123.98052043000007,10.332031045000067],[123.93783056200004,10.30626563000004],[123.92414497300003,10.28008703300003],[123.93194261900011,10.251210351000054],[123.95647579400008,10.242342651000056]]],[[[124.04407821400002,10.241176622000069],[124.05784486300001,10.242714167000031],[124.07391722400007,10.281549263000048],[124.03043685700004,10.259184450000022],[124.04407821400002,10.241176622000069]]]]},"properties":{"adm1_psgc":700000000,"adm2_psgc":702200000,"adm2_en":"Cebu","geo_level":"Prov","len_crs":1433151,"area_crs":4867165712,"len_km":1433,"area_km2":4867},"id":702200000},
{"type":"Feature","geometry":{"type":"Polygon","coordinates":[[[123.33591507200003,10.382476470000029],[123.25046234200009,10.41492806300005],[123.2444814260001,10.431866907000028],[123.24227644100004,10.434602726000035],[123.21869044600011,10.439600951000045],[123.14432497400004,10.434843284000067],[123.13183057200003,10.41167899100003],[123.16031414800011,10.387797962000034],[123.1839284030001,10.353241754000067],[123.18280033100007,10.349488809000036],[123.18332752100002,10.34131916800004],[123.18409279600009,10.339590412000064],[123.17508694000004,10.316834563000041],[123.17315980900003,10.318329032000063],[123.16710635200003,10.315429309000026],[123.1634561410001,10.315518531000064],[123.16318407500012,10.313511015000074],[123.16525422100007,10.31212931500005],[123.19119873300008,10.303034610000054],[123.19455747000005,10.271815747000062],[123.18881825200003,10.260563292000029],[123.11066842700008,10.165420105000065],[123.07135866600004,10.09779056900004],[123.01579588600009,10.012187241000047],[122.98320250300004,9.912625363000075],[122.90675043800003,9.818935856000053],[122.80423183000005,9.70080798600003],[122.78446069300004,9.675243856000066],[122.74343458000008,9.623184695000075],[122.71526918400002,9.590561705000026],[122.68364140000007,9.562847185000065],[122.63557722800009,9.507626268000024],[122.59290813500002,9.463638548000059],[122.5916219510001,9.461214375000052],[122.59039125800005,9.446623662000036],[122.61292387100002,9.420093487000031],[122.62322874700011,9.422179906000052],[122.67439553500003,9.379782497000065],[122.71086943900004,9.37946371500004],[122.75303779400008,9.367570288000024],[122.7831652860001,9.366313009000065],[122.80815205600004,9.359084086000054],[122.83892079000009,9.333313700000076],[122.86485282100011,9.328934969000043],[122.87824470700002,9.27055077500006],[122.87123688900012,9.251920574000055],[122.87921112400011,9.222640159000035],[122.909446107,9.144077432000074],[122.92863439400001,9.108591846000024],[122.93508974300005,9.085826666000061],[123.01498644000003,9.03846143000004],[123.02855593900006,9.047119532000066],[123.06002697200006,9.051935279000075],[123.0738064190001,9.066716127000065],[123.11189912600001,9.05394412000004],[123.15810494700008,9.07105344200005],[123.17991431900008,9.093068808000055],[123.20225628400011,9.093765278000035],[123.21215551400007,9.120556141000064],[123.24136477900005,9.150449576000028],[123.24655710900004,9.165848325000068],[123.27070621000007,9.18748338600005],[123.2943567010001,9.235650982000037],[123.29999062100002,9.272606274000053],[123.31170202400006,9.29949504000007],[123.30832204100012,9.339851309000037],[123.29821297400008,9.354563995000037],[123.26770263000003,9.369980390000022],[123.25629374100005,9.396998600000074],[123.23479241100007,9.426450017000034],[123.23846085600007,9.447145204000037],[123.22690249400013,9.466294452000056],[123.18435069300007,9.480313624000074],[123.17880379400003,9.505103302000066],[123.16214119600012,9.538125441000037],[123.12047422900002,9.552719675000047],[123.13276806100009,9.583273853000035],[123.10757373000001,9.628465969000047],[123.11189854700001,9.651033834000032],[123.1487238840001,9.65383355700004],[123.15093219300002,9.679286369000065],[123.160659892,9.70796907700003],[123.15264631700006,9.727936735000073],[123.15134831300007,9.777194017000056],[123.14296032700008,9.820425069000065],[123.13246573700006,9.840244561000077],[123.14361529300004,9.852630896000049],[123.14689798100005,9.891975764000051],[123.1574683220001,9.916488737000062],[123.17447074400002,9.921582199000055],[123.18248365700005,9.953923779000034],[123.21326512600002,9.997355893000076],[123.22820582400004,10.003779055000054],[123.23960789500006,10.046985091000064],[123.28133451300006,10.129111451000025],[123.28227812700005,10.17228592600003],[123.3142424670001,10.228732439000053],[123.33149030300002,10.278055396000072],[123.32597470700013,10.339501506000033],[123.33591507200003,10.382476470000029]]]},"properties":{"adm1_psgc":700000000,"adm2_psgc":704600000,"adm2_en":"Negros Oriental","geo_level":"Prov","len_crs":586092,"area_crs":5129785698,"len_km":586,"area_km2":5129},"id":704600000},
{"type":"Feature","geometry":{"type":"Polygon","coordinates":[[[123.61239589600007,9.30092853700006],[123.59600830400008,9.28674508900002],[123.59654061700009,9.264693435000027],[123.562371041,9.228097714000056],[123.52418640000008,9.225730687000064],[123.51087693800004,9.214235908000033],[123.47061691300007,9.224323464000062],[123.45928256700007,9.21107210900004],[123.45610420000004,9.182807139000033],[123.48558397000012,9.16498992900006],[123.51466282900005,9.13771124300007],[123.55140887000005,9.114847222000039],[123.55962346600008,9.101145716000076],[123.58708359100002,9.095770904000064],[123.62370653700009,9.10264064300003],[123.63486766100006,9.12385421500005],[123.65720282000007,9.115143119000038],[123.6812755860001,9.121173439000074],[123.701962578,9.144879168000045],[123.69932304200007,9.157529774000066],[123.67431245600007,9.160350495000046],[123.65632237700002,9.192040467000027],[123.66907731300012,9.21217857600004],[123.644777814,9.28193417700004],[123.632842911,9.29514301000006],[123.61239589600007,9.30092853700006]]]},"properties":{"adm1_psgc":700000000,"adm2_psgc":706100000,"adm2_en":"Siquijor","geo_level":"Prov","len_crs":116513,"area_crs":319355475,"len_km":116,"area_km2":319},"id":706100000},
{"type":"Feature","geometry":{"type":"MultiPolygon","coordinates":[[[[125.32313117600008,12.28218463400003],[125.27682743700007,12.266380463000075],[125.27484419300004,12.29001494100004],[125.25197261900007,12.326799179000034],[125.22332809400007,12.349578051000037],[125.21125053700007,12.347840308000057],[125.16829145700002,12.282900013000074],[125.155553,12.206284656000035],[125.1274242920001,12.17881031200005],[125.12540541200008,12.075039856000048],[125.14155645500013,12.009628130000065],[125.19247005000013,12.00366525800007],[125.2339716670001,11.918785394000054],[125.2688080260001,11.827750626000066],[125.27049977100013,11.757305849000032],[125.28287505800004,11.675657267000075],[125.25419052700009,11.657900176000053],[125.21763722000003,11.627072688000055],[125.18022646500002,11.63843292000007],[125.17756998200002,11.603603475000057],[125.16104075300008,11.564051392000067],[125.21038826200002,11.550841041000067],[125.22234098300011,11.516194788000062],[125.22197650200008,11.486198664000026],[125.21329426300008,11.471111887000063],[125.22074837000004,11.446147317000056],[125.24267355900007,11.433261028000059],[125.28565771500006,11.422534495000038],[125.30911645700007,11.396150008000062],[125.28066316600007,11.361909573000046],[125.246335917,11.311455266000051],[125.2466330740001,11.122447398000071],[125.26405105200001,11.134720003000039],[125.29735602500013,11.142885988000044],[125.31841344100009,11.116691794000076],[125.33835181300003,11.123041545000033],[125.36035029200004,11.119490821000053],[125.36974582200003,11.102731521000065],[125.39321285400001,11.105192300000054],[125.407395242,11.081845043000044],[125.45677112500003,11.102155131000076],[125.46462236400009,11.123379175000023],[125.50133059300003,11.09291869100002],[125.51904926100009,11.107223754000074],[125.51642718900008,11.123790547000054],[125.54356507800003,11.151413916000022],[125.57155047800006,11.147778666000022],[125.56272466100006,11.12843418600005],[125.57547608800007,11.11714743300007],[125.59870426100007,11.116252442000073],[125.64305843300008,11.138861061000059],[125.66049789800002,11.142383989000054],[125.66535091800007,11.116722250000064],[125.69874766900011,11.108474343000069],[125.68794575200003,11.09313758700006],[125.68752582100002,11.071242369000059],[125.70229368900004,11.067117259000042],[125.71196037100003,11.041382779000058],[125.73806584400005,11.01604804200002],[125.7609067630001,11.023981341000022],[125.7503244400001,11.065143495000031],[125.71883118300003,11.107516691000056],[125.70236638300004,11.12157571700004],[125.66513117700003,11.198199569000051],[125.63523124300002,11.211161801000062],[125.60023217900005,11.23241749500005],[125.59219616400004,11.221383254000047],[125.62118732700004,11.201790682000022],[125.59016471600012,11.18039544900006],[125.53501771600008,11.194043630000067],[125.53408223500003,11.220229017000065],[125.54794909100008,11.260548266000058],[125.5674561410001,11.271612178000055],[125.57262983500004,11.285631952000072],[125.60655223900007,11.30201502400007],[125.6324447720001,11.337010986000053],[125.63184896100007,11.35788122200006],[125.60498880900002,11.367716402000042],[125.58821225100007,11.38680633800004],[125.56942172500008,11.392598060000067],[125.54881881700011,11.412092387000028],[125.53921686000001,11.435924011000054],[125.5080987780001,11.46216744000003],[125.51915902500004,11.473461306000045],[125.51565122600005,11.490110153000042],[125.47922423200008,11.52926658100006],[125.467367576,11.568959761000032],[125.47482051200008,11.590928149000032],[125.44305389600004,11.595295450000036],[125.43970095100009,11.619645211000032],[125.45735329100012,11.629104170000058],[125.46262622400002,11.646162465000033],[125.4518961780001,11.668891123000035],[125.48437965100005,11.681775144000026],[125.47171403600011,11.708291400000062],[125.47023152200006,11.735521268000067],[125.45662889300002,11.75931962800007],[125.43730736200007,11.744788371000027],[125.41433892700003,11.754957175000072],[125.4341228820001,11.769853018000047],[125.46241363700005,11.772270384000025],[125.473214116,11.798288542000023],[125.43526090800003,11.827984284000024],[125.43442869300009,11.869043024000064],[125.42069441100011,11.89722218800006],[125.4225547650001,11.92998461500002],[125.45442095700002,11.996001608000029],[125.50206461200004,12.05202369500006],[125.4963746850001,12.071395171000065],[125.48241154400012,12.07862982900002],[125.48001517600005,12.096812169000032],[125.45618508600012,12.097844198000075],[125.43881577200011,12.111342919000041],[125.43956118500012,12.133341290000033],[125.47396505200004,12.145274174000065],[125.46700786500004,12.164329120000046],[125.49601167300011,12.172652070000026],[125.51498085200002,12.192380454000043],[125.47835184200005,12.230652799000039],[125.46572697700005,12.235609673000056],[125.45433903700007,12.257565305000071],[125.42511559000002,12.277924681000059],[125.38764955100008,12.279829180000036],[125.37526850700011,12.264605803000052],[125.35886706700013,12.291922023000039],[125.33810784100001,12.269327080000037],[125.32313117600008,12.28218463400003]]],[[[125.76907984700007,11.032569952000074],[125.76319980800008,11.014265006000072],[125.79094539400012,10.994170737000045],[125.81892393400005,10.955516067000072],[125.82600097100011,10.96998269000005],[125.80867097100008,10.982607081000026],[125.79594989000009,11.005728156000032],[125.76907984700007,11.032569952000074]]],[[[125.64007007700003,10.974748445000046],[125.65286099200013,10.981114990000039],[125.65200422200007,11.004207413000076],[125.62328672600006,11.005018560000053],[125.61799062700004,10.98746650600003],[125.64007007700003,10.974748445000046]]],[[[125.69156611400001,10.822411887000042],[125.66057628000011,10.791110677000061],[125.66001241300013,10.760158747000048],[125.69750419600007,10.724898330000029],[125.72517859400013,10.71772929700006],[125.75515368000003,10.688425591000055],[125.81078660100002,10.696651878000068],[125.81996691600011,10.717941875000067],[125.81286371600004,10.729705985000066],[125.78326763800008,10.738656174000027],[125.73382176200005,10.739858433000052],[125.71856222100008,10.746037992000021],[125.71362131600004,10.777277871000024],[125.72720946100003,10.79753137100005],[125.72215939500006,10.807353629000033],[125.69156611400001,10.822411887000042]]]]},"properties":{"adm1_psgc":800000000,"adm2_psgc":802600000,"adm2_en":"Eastern Samar","geo_level":"Prov","len_crs":1220162,"area_crs":4253466124,"len_km":1220,"area_km2":4253},"id":802600000},
{"type":"Feature","geometry":{"type":"Polygon","coordinates":[[[125.17386775300008,10.600700517000062],[125.14922424400002,10.62204354600004],[125.14570518700009,10.634196373000064],[125.11241828200004,10.659623673000054],[125.10558856300007,10.672241504000054],[125.11506842400001,10.69495205100003],[125.08864241500011,10.71113696600003],[125.06123756700003,10.711123813000029],[125.02619221500004,10.729255312000019],[125.01023071300006,10.758544903000027],[125.00429010500011,10.794642181000027],[125.00396506900006,10.846307167000079],[125.01988389600002,10.905204784000034],[125.03465833900009,10.931892798000034],[125.04049071500003,10.994291536000048],[125.03728648300012,11.045603618000028],[125.03978857100003,11.063552165000033],[125.02120407100007,11.099205466000058],[125.02449531200013,11.134655438000038],[125.00724667400006,11.157828635000042],[125.0256393310001,11.196402895000066],[125.03076037400001,11.238562091000063],[125.00892241200008,11.215154941000039],[124.99505480200004,11.248411178000026],[124.97549087900006,11.255610415000033],[124.96427372700008,11.272813723000066],[124.9620148890001,11.31671841100007],[124.9799850720001,11.39922821600004],[124.96579975100006,11.391469515000038],[124.95171076600002,11.402850008000032],[124.94882972200003,11.42340965900007],[124.88937309900007,11.420307868000064],[124.87316619100011,11.435143690000073],[124.8426812130001,11.42321958900004],[124.82301063400008,11.424144891000024],[124.80873229000007,11.412520479000019],[124.8071097490001,11.385425436000048],[124.78477653100005,11.372108867000064],[124.76489931200001,11.344182217000025],[124.72845854800005,11.328359560000024],[124.69429143800006,11.302004663000046],[124.67027122900005,11.30464821100003],[124.63686399900008,11.295070719000023],[124.61377867600004,11.306625207000023],[124.58471319600005,11.304962116000068],[124.55058377600005,11.341525188000048],[124.54771460900007,11.373767548000046],[124.53761672000007,11.392072254000025],[124.53631535700003,11.424557623000052],[124.52217021600006,11.436440641000045],[124.46935581600007,11.445405214000061],[124.48112271200011,11.38550749500007],[124.47084237700007,11.382784174000049],[124.44960406200006,11.421537273000068],[124.43632769500005,11.434875790000033],[124.4003545160001,11.484883788000046],[124.34714599900008,11.532487408000065],[124.31747046000008,11.562616819000025],[124.2856785350001,11.529579606000027],[124.28994211200006,11.49450710100007],[124.32476130400006,11.392854213000021],[124.34181927500003,11.363452158000026],[124.33644362300004,11.342673411000021],[124.34085372600009,11.317532404000076],[124.39168424900005,11.293642160000047],[124.37641060700004,11.27410561600004],[124.39865849900004,11.236592038000026],[124.38497326100003,11.224637667000023],[124.38455826400002,11.184718567000061],[124.40268038300009,11.120225717000041],[124.3892105340001,11.103008768000054],[124.37916667600007,11.060986487000038],[124.38185465300012,11.048110734000034],[124.40233766100005,11.028945442000067],[124.40180667100003,11.000445862000046],[124.40834149200008,10.987065793000056],[124.37498430900006,10.923859995000042],[124.3880020580001,10.91314740200005],[124.42455448100009,10.930449864000026],[124.43874198100004,10.918848314000057],[124.43281164500002,10.889440969000074],[124.45114027200009,10.890712442000051],[124.47914834400002,10.86514389900003],[124.51720046200013,10.868950260000075],[124.55022319000011,10.92767136800006],[124.54940555100006,10.965071890000049],[124.53779110200004,10.977549420000058],[124.59719842900006,11.012839283000066],[124.61292060400001,11.002186375000061],[124.6228767340001,10.979196116000026],[124.65358543800005,10.95127879200004],[124.68340738200006,10.939085789000046],[124.70260680900005,10.90457194700002],[124.70764057200007,10.879454853000023],[124.76064740000002,10.819914854000045],[124.78330377200007,10.774516198000072],[124.78507736300004,10.748227047000057],[124.79417674600006,10.730110109000067],[124.79523319700003,10.679791986000053],[124.80345768300002,10.658990597000068],[124.76818195300007,10.612664596000057],[124.76301777400012,10.566126139000058],[124.76730310700009,10.539476206000074],[124.75122052600013,10.508675473000041],[124.72855029900008,10.499317224000036],[124.72925954300001,10.443853251000064],[124.72320625800012,10.40511734100005],[124.73288231000004,10.376553587000044],[124.76749176000011,10.35569143200007],[124.7855679590001,10.331879668000056],[124.79130703400006,10.30199402200003],[124.76723778600001,10.241435928000046],[124.76794481800005,10.209192882000023],[124.75392597100006,10.18592387600006],[124.78402460300005,10.189466081000035],[124.82104006800012,10.205224108000037],[124.83530130100007,10.229184520000045],[124.85374092000008,10.233518227000044],[124.86250553000002,10.25423701900007],[124.89432458400006,10.262584280000054],[124.90931299800002,10.278708334000044],[124.90007194000007,10.348885033000043],[124.89254070800008,10.373493506000045],[124.87743280200003,10.394057130000022],[124.88640328600002,10.433261347000041],[124.88905366100006,10.47384872200007],[124.90562934700006,10.503658593000068],[124.98778789500011,10.509048678000054],[125.01440322400005,10.519608377000054],[125.07766168000012,10.525729142000044],[125.07237411300002,10.541438199000025],[125.08594375800008,10.555391140000038],[125.14374453800008,10.591694435000024],[125.15749515400012,10.588365695000048],[125.17386775300008,10.600700517000062]]]},"properties":{"adm1_psgc":800000000,"adm2_psgc":803700000,"adm2_en":"Leyte","geo_level":"Prov","len_crs":960036,"area_crs":5576441132,"len_km":960,"area_km2":5576},"id":803700000},
{"type":"Feature","geometry":{"type":"MultiPolygon","coordinates":[[[[124.3636642780001,12.66119393900004],[124.38142649800012,12.64395757100004],[124.39606744000004,12.651066181000031],[124.39169663100004,12.67395946400006],[124.36664273200006,12.693686820000039],[124.3636642780001,12.66119393900004]]],[[[125.06232414200008,12.686053397000023],[125.03756174600005,12.68216028100005],[125.02912365700001,12.64945585000004],[125.05891814900008,12.637840927000067],[125.0397839520001,12.614144688000065],[125.08926960600003,12.602655877000075],[125.08973033300003,12.618153265000048],[125.07365980500003,12.627662127000063],[125.074226822,12.663000968000064],[125.06232414200008,12.686053397000023]]],[[[125.0596453710001,12.584892670000045],[125.03348412500009,12.586322615000027],[125.00143475700008,12.637981952000072],[124.99204644300006,12.611901210000038],[125.00098679100007,12.606028155000043],[125.00309445500011,12.576060059000042],[125.02128413900006,12.562024290000064],[125.02561583100011,12.55738730100006],[125.02828129200009,12.557637256000023],[125.03006492600004,12.556045766000068],[125.03401132500007,12.552414078000025],[125.04823827100006,12.551609896000059],[125.06908984100005,12.569103968000034],[125.0596453710001,12.584892670000045]]],[[[124.36718993200007,12.58977744300006],[124.39061793500002,12.606078908000029],[124.36529602100006,12.62487738400006],[124.35418786400008,12.623694164000026],[124.35832398000002,12.595093141000063],[124.36718993200007,12.58977744300006]]],[[[124.35431713700008,12.585202917000057],[124.36224364100008,12.563555389000042],[124.38278177900008,12.568314488000055],[124.36506881000001,12.589335211000044],[124.35431713700008,12.585202917000057]]],[[[124.48600973400005,12.586446556000052],[124.49508288900006,12.54809838800003],[124.51599380000006,12.554349342000021],[124.48600973400005,12.586446556000052]]],[[[125.32313117600008,12.28218463400003],[125.28630063400011,12.33713636200002],[125.28632525600007,12.356319772000063],[125.29815975100007,12.366941603000043],[125.31095602200003,12.397467577000043],[125.30885859400007,12.413589602000062],[125.28895284600003,12.444972935000061],[125.29126904500004,12.467958206000047],[125.26978541000004,12.477484584000022],[125.24021011000004,12.512980763000032],[125.19950957800006,12.536973283000066],[125.1819537030001,12.55636383800004],[125.15158693500007,12.574036881000039],[125.11011916700011,12.563812925000036],[125.08697002400004,12.582447691000029],[125.07534430900012,12.536280582000073],[125.05020252100006,12.543450563000022],[125.04061575200002,12.535187235000024],[125.02924289700002,12.530364467000025],[125.02514553000002,12.532391332000028],[125.02333410000006,12.536188974000027],[125.01304309400008,12.564608789000035],[124.97355797800003,12.551128213000027],[124.953614764,12.578528737000058],[124.93027073400003,12.56687649300005],[124.90319397200005,12.567001280000055],[124.88661714600005,12.577939352000042],[124.88018585100009,12.55334435200007],[124.85757044200011,12.532977747000071],[124.82955462400004,12.529007004000047],[124.80141141800006,12.54134916300006],[124.74718624800006,12.516792120000046],[124.67685799100002,12.508694542000057],[124.65534901900004,12.515154440000059],[124.6330521650001,12.508202337000055],[124.58885044800003,12.521211267000067],[124.56168565700011,12.534140603000026],[124.51150664400008,12.519423363000044],[124.49444218300006,12.53376894200005],[124.45908395700008,12.529821291000074],[124.43600342400009,12.536117945000058],[124.42080686500005,12.545164223000025],[124.39234447800004,12.551534275000055],[124.35789548000002,12.552043657000066],[124.32930396600013,12.535263467000048],[124.31728210300001,12.55909335100006],[124.29856898200002,12.56392458700003],[124.27993879600001,12.58283594000005],[124.2628046330001,12.544582078000074],[124.28267527000003,12.516196236000042],[124.28236035700002,12.478191225000046],[124.32205359100008,12.42726460400007],[124.32874112700007,12.390058745000033],[124.34097819100009,12.376099299000034],[124.333172751,12.34802827100003],[124.33837420400005,12.31478433700005],[124.35739338700012,12.281708523000077],[124.42632817000005,12.283301340000037],[124.47708579200001,12.34096342300006],[124.51175930900003,12.326589778000026],[124.51666026800001,12.315449646000047],[124.62653126700002,12.228430569000066],[124.64856456300004,12.234697057000062],[124.66395427800012,12.251582995000035],[124.67746106000004,12.245325002000072],[124.70963361000008,12.27783331200004],[124.75239134100003,12.262225584000078],[124.7922166410001,12.240866626000068],[124.84402041200009,12.217657946000033],[124.83217120800009,12.174381966000052],[124.85798196200005,12.137552355000023],[124.86831908600004,12.165273406000038],[124.9007523780001,12.233276589000068],[124.911418421,12.245613691000075],[124.92910333100008,12.23562228400004],[124.97507719400005,12.227870578000022],[125.03602115700004,12.24528407500003],[125.11634618700009,12.283582044000068],[125.16829145700002,12.282900013000074],[125.21125053700007,12.347840308000057],[125.22332809400007,12.349578051000037],[125.25197261900007,12.326799179000034],[125.27484419300004,12.29001494100004],[125.27682743700007,12.266380463000075],[125.32313117600008,12.28218463400003]]],[[[124.45362067900008,12.543853237000063],[124.4532891460001,12.559640076000047],[124.41305536100005,12.55944034500004],[124.43440940900007,12.539056253000068],[124.45362067900008,12.543853237000063]]],[[[125.01888276400007,12.560868381000034],[125.02317363000009,12.549309040000027],[125.02381998900012,12.542286792000027],[125.02652709600012,12.532804367000036],[125.03239503300004,12.536026441000045],[125.0423378380001,12.53814767400007],[125.03785794500006,12.546126513000049],[125.02888692400008,12.549258861000057],[125.02769040800001,12.551539846000027],[125.02887586200008,12.556432492000058],[125.0243297520001,12.557233188000055],[125.01888276400007,12.560868381000034]]],[[[124.1504850560001,12.409811282000017],[124.17388696300009,12.386468756000054],[124.19054209300009,12.389173864000039],[124.19243896300009,12.412697074000048],[124.16466494500003,12.456303332000063],[124.14184764600009,12.48051381000005],[124.13380358800009,12.45602694000007],[124.1504850560001,12.409811282000017]]],[[[124.24631350200004,12.459477827000056],[124.23989289200006,12.452591321000058],[124.2485041110001,12.408124564000046],[124.26965420300009,12.363250756000072],[124.28571685100009,12.385509228000048],[124.27986469000007,12.413625414000023],[124.24631350200004,12.459477827000056]]]]},"properties":{"adm1_psgc":800000000,"adm2_psgc":804800000,"adm2_en":"Northern Samar","geo_level":"Prov","len_crs":1139265,"area_crs":3441049293,"len_km":1139,"area_km2":3441},"id":804800000},
{"type":"Feature","geometry":{"type":"MultiPolygon","coordinates":[[[[125.16829145700002,12.282900013000074],[125.11634618700009,12.283582044000068],[125.03602115700004,12.24528407500003],[124.97507719400005,12.227870578000022],[124.92910333100008,12.23562228400004],[124.911418421,12.245613691000075],[124.9007523780001,12.233276589000068],[124.86831908600004,12.165273406000038],[124.85798196200005,12.137552355000023],[124.83217120800009,12.174381966000052],[124.84402041200009,12.217657946000033],[124.7922166410001,12.240866626000068],[124.75239134100003,12.262225584000078],[124.70963361000008,12.27783331200004],[124.67746106000004,12.245325002000072],[124.66395427800012,12.251582995000035],[124.64856456300004,12.234697057000062],[124.62653126700002,12.228430569000066],[124.51666026800001,12.315449646000047],[124.51175930900003,12.326589778000026],[124.47708579200001,12.34096342300006],[124.42632817000005,12.283301340000037],[124.35739338700012,12.281708523000077],[124.36023033100004,12.26670880800003],[124.38351597000008,12.21778969300004],[124.39045583900008,12.195106796000061],[124.41634454900009,12.180249944000021],[124.45047214500003,12.152978216000065],[124.47383139500006,12.112618769000047],[124.54623300700007,12.059011906000025],[124.56638506700006,12.066567254000063],[124.59427351600004,12.06597374900002],[124.63517852300004,12.052539806000029],[124.64941737800007,12.043323365000047],[124.69023594200006,12.003768380000054],[124.68650774900006,11.976528758000029],[124.7050822560001,11.94501659300005],[124.72086235000008,11.944224035000044],[124.74216854300005,11.926678170000054],[124.75591930700011,11.90269057800003],[124.78870499300002,11.909745275000034],[124.79896102200006,11.886424188000037],[124.78071844200007,11.881643585000061],[124.80446892100007,11.843987959000057],[124.81882848100008,11.845888372000044],[124.83934680800007,11.817300286000034],[124.85643458100003,11.813658492000059],[124.89269365200005,11.75074333000003],[124.91895434100002,11.743232873000068],[124.95989328000007,11.767300541000054],[125.01292376900005,11.77848712800005],[125.04441908200009,11.749525153000034],[125.0235784340001,11.729388201000061],[125.00967931000002,11.702848536000033],[124.981386014,11.680819381000049],[124.97348665900007,11.667136438000059],[124.98883159700006,11.638584516000035],[124.98497889900011,11.61696540100007],[124.95729883300008,11.59638216400003],[124.94950290700001,11.571945298000058],[124.92716582900005,11.567218217000061],[124.91051250500006,11.576535902000044],[124.88017804800008,11.568405244000076],[124.89366355600009,11.538729608000038],[124.87190364300011,11.533336769000071],[124.86020649500006,11.547161321000031],[124.83475633400008,11.530468032000044],[124.83157768600007,11.478183748000049],[124.85189658900003,11.463243043000038],[124.87551906300008,11.47250600800004],[124.89955414300003,11.492502149000071],[124.9023363010001,11.470665944000073],[124.94064937900009,11.448705848000031],[124.9597959030001,11.454299623000054],[124.9636307500001,11.43224096800003],[124.98811453300003,11.416668103000061],[124.98614517200008,11.381542722000063],[124.993349093,11.351249747000054],[124.97552797300011,11.325835521000043],[124.97961426600011,11.296041868000032],[125.00499343600006,11.267873593000045],[125.04480258000001,11.281249925000052],[125.10222233500008,11.279791834000035],[125.12442659700004,11.284242653000037],[125.1510497180001,11.27535613200007],[125.1771483550001,11.234171503000027],[125.1822203260001,11.194794860000059],[125.19425552300004,11.183798696000052],[125.20929185400007,11.098093531000075],[125.2352902120001,11.085927619000074],[125.2466330740001,11.122447398000071],[125.246335917,11.311455266000051],[125.28066316600007,11.361909573000046],[125.30911645700007,11.396150008000062],[125.28565771500006,11.422534495000038],[125.24267355900007,11.433261028000059],[125.22074837000004,11.446147317000056],[125.21329426300008,11.471111887000063],[125.22197650200008,11.486198664000026],[125.22234098300011,11.516194788000062],[125.21038826200002,11.550841041000067],[125.16104075300008,11.564051392000067],[125.17756998200002,11.603603475000057],[125.18022646500002,11.63843292000007],[125.21763722000003,11.627072688000055],[125.25419052700009,11.657900176000053],[125.28287505800004,11.675657267000075],[125.27049977100013,11.757305849000032],[125.2688080260001,11.827750626000066],[125.2339716670001,11.918785394000054],[125.19247005000013,12.00366525800007],[125.14155645500013,12.009628130000065],[125.12540541200008,12.075039856000048],[125.1274242920001,12.17881031200005],[125.155553,12.206284656000035],[125.16829145700002,12.282900013000074]]],[[[124.17556782400005,12.031037765000065],[124.18987988700007,12.047749862000046],[124.22631671200008,12.063856407000058],[124.21056198700012,12.075555928000028],[124.18190233100007,12.081075992000024],[124.1681956330001,12.076779183000038],[124.15163964700001,12.053692901000034],[124.17556782400005,12.031037765000065]]],[[[124.40902392500003,11.960254519000047],[124.42884945100003,11.960440536000021],[124.43634386100008,11.977470909000033],[124.41517508700008,11.990807979000063],[124.40902392500003,11.960254519000047]]],[[[124.29563770800007,11.894816486000023],[124.31326339500004,11.906963578000044],[124.31603809700006,11.923242497000045],[124.33451554800003,11.93913104400002],[124.33219224600009,11.960211246000027],[124.29918240300005,11.941004848000034],[124.27878152100004,11.921720942000036],[124.28246421300003,11.89773826800007],[124.29563770800007,11.894816486000023]]],[[[124.44590735200008,11.882599194000022],[124.46697638200011,11.890715585000065],[124.46067968500006,11.916305327000032],[124.44432787400002,11.931851837000067],[124.42814897000005,11.920672123000031],[124.41658243300004,11.89095573700007],[124.44590735200008,11.882599194000022]]],[[[124.76569160500003,11.69763829200002],[124.77510368800006,11.730083851000073],[124.74943827000006,11.723213491000022],[124.76569160500003,11.69763829200002]]],[[[124.70693311600009,11.70721327900003],[124.7247140400001,11.695927237000033],[124.72024177800004,11.673059806000024],[124.74798574800002,11.649947027000055],[124.76062805000004,11.629519057000039],[124.78221648300006,11.609461454000042],[124.76076943500004,11.59914157300005],[124.7649673750001,11.576471034000065],[124.79080085700004,11.55973476100007],[124.8235157270001,11.530000145000027],[124.83390712000006,11.556606217000022],[124.83653604800008,11.590280437000043],[124.78749341900004,11.620823415000077],[124.80198546600002,11.643540758000027],[124.77616784800011,11.670779433000064],[124.75413780300006,11.68613468900003],[124.74196286800009,11.712752680000053],[124.70693311600009,11.70721327900003]]],[[[124.86118637100003,11.619510579000064],[124.88004233400011,11.624553214000061],[124.87097897300009,11.648236344000054],[124.89413986900003,11.67187548000004],[124.87155055400002,11.674323783000032],[124.85892404800005,11.692711711000074],[124.82609598300007,11.678130613000064],[124.84169166500011,11.640340140000035],[124.86118637100003,11.619510579000064]]]]},"properties":{"adm1_psgc":800000000,"adm2_psgc":806000000,"adm2_en":"Samar","geo_level":"Prov","len_crs":1460806,"area_crs":5384137543,"len_km":1460,"area_km2":5384},"id":806000000},
{"type":"Feature","geometry":{"type":"MultiPolygon","coordinates":[[[[125.17386775300008,10.600700517000062],[125.15749515400012,10.588365695000048],[125.14374453800008,10.591694435000024],[125.08594375800008,10.555391140000038],[125.07237411300002,10.541438199000025],[125.07766168000012,10.525729142000044],[125.01440322400005,10.519608377000054],[124.98778789500011,10.509048678000054],[124.90562934700006,10.503658593000068],[124.88905366100006,10.47384872200007],[124.88640328600002,10.433261347000041],[124.87743280200003,10.394057130000022],[124.89254070800008,10.373493506000045],[124.90007194000007,10.348885033000043],[124.90931299800002,10.278708334000044],[124.89432458400006,10.262584280000054],[124.86250553000002,10.25423701900007],[124.85374092000008,10.233518227000044],[124.83530130100007,10.229184520000045],[124.82104006800012,10.205224108000037],[124.78402460300005,10.189466081000035],[124.75392597100006,10.18592387600006],[124.75675614400006,10.159038682000073],[124.77306322900006,10.143650800000044],[124.80500773200004,10.129834488000027],[124.84531475300003,10.132545997000022],[124.89258050900003,10.11868580500004],[124.90435331000005,10.090327040000032],[124.93721596500005,10.080898411000021],[124.96622103300001,10.046303529000053],[124.98322450900002,10.03506588300007],[125.01901173000012,10.028448828000023],[125.02556218500001,10.041398343000022],[125.02341602500007,10.089415358000053],[125.01294623500007,10.102206286000067],[125.00410588200009,10.156583593000049],[124.98345718700011,10.186861976000044],[124.9770693800001,10.214100494000036],[124.9849160760001,10.24417351100004],[124.98102187000008,10.308792690000075],[124.97234688100004,10.32830681400003],[124.97597944300004,10.343457669000028],[124.96983619700008,10.377046689000053],[125.00392690500009,10.381221550000019],[125.02505728200005,10.368596059000025],[125.03487362800003,10.343158968000065],[125.0403301980001,10.309906582000052],[125.05791815200007,10.288778021000043],[125.06458465500009,10.261245411000063],[125.08380889300008,10.217274562000055],[125.10819840700005,10.192706968000037],[125.126402288,10.164173741000067],[125.13898941900004,10.173997595000058],[125.12910516600004,10.212592303000065],[125.1257019740001,10.261616469000044],[125.13146648700001,10.275482170000032],[125.21538054500003,10.246534939000071],[125.24913462100005,10.254997875000072],[125.26802968100003,10.299925232000021],[125.265054,10.32918664500005],[125.25428473500007,10.35688304000007],[125.26033558100006,10.367062595000046],[125.23973135400001,10.394797665000056],[125.22212198300008,10.382472103000053],[125.20046791300001,10.39932483900003],[125.17983072100003,10.436925579000047],[125.19104462900009,10.475180755000054],[125.1644677490001,10.535021132000056],[125.1881175220001,10.56094795400003],[125.1842437140001,10.59456048100003],[125.17386775300008,10.600700517000062]]],[[[125.2036248080001,10.00402580000002],[125.22433356100011,9.962698953000029],[125.23951298900012,9.961222260000058],[125.25572462600009,9.913996142000029],[125.28933264100012,9.913357756000039],[125.29885401700005,9.925342040000032],[125.28864262000002,9.948891102000063],[125.27338200300007,9.965750789000024],[125.2803676420001,9.992620247000048],[125.24462838200009,10.04131007400002],[125.23424675600005,10.079808311000022],[125.22294284400006,10.093698254000056],[125.21070676900003,10.12849167200005],[125.16742898100007,10.13261869300004],[125.12716117000004,10.161821682000037],[125.1175628960001,10.15237618700007],[125.11635023600003,10.112751959000034],[125.12286181700007,10.08708474700006],[125.14124551200008,10.058683229000053],[125.18070988900003,10.043169238000075],[125.2036248080001,10.00402580000002]]]]},"properties":{"adm1_psgc":800000000,"adm2_psgc":806400000,"adm2_en":"Southern Leyte","geo_level":"Prov","len_crs":464297,"area_crs":1656194639,"len_km":464,"area_km2":1656},"id":806400000},
{"type":"Feature","geometry":{"type":"MultiPolygon","coordinates":[[[[124.32477711500006,11.759927633000075],[124.35018927400006,11.778976228000031],[124.34740539200006,11.808931657000072],[124.3311135030001,11.81580794000007],[124.30014321300008,11.80609040200005],[124.29422670200007,11.783841915000037],[124.32477711500006,11.759927633000075]]],[[[124.39072140500002,11.600557918000051],[124.39124282600005,11.560567059000048],[124.44137178700008,11.488840040000067],[124.46232639600011,11.467784506000045],[124.48632379700007,11.464121003000061],[124.50811025500003,11.47480169700003],[124.54611924600012,11.478088824000052],[124.57299756800013,11.472242290000052],[124.60573366800007,11.488540157000042],[124.616037945,11.511685450000071],[124.6163336840001,11.544455354000036],[124.583190091,11.567137127000024],[124.56609076000008,11.617303687000058],[124.5430228130001,11.654348051000056],[124.53559418300006,11.676206940000043],[124.51216112200005,11.68054396700006],[124.46532812300006,11.705896284000062],[124.43743209900002,11.701277403000063],[124.41698176500006,11.706058711000024],[124.37243188700006,11.692836205000047],[124.3358550150001,11.669993018000069],[124.361073873,11.657101267000028],[124.36087899300001,11.639330825000055],[124.37680455200008,11.627978268000048],[124.39072140500002,11.600557918000051]]]]},"properties":{"adm1_psgc":800000000,"adm2_psgc":807800000,"adm2_en":"Biliran","geo_level":"Prov","len_crs":195126,"area_crs":531742724,"len_km":195,"area_km2":531},"id":807800000},
{"type":"Feature","geometry":{"type":"Polygon","coordinates":[[[123.55870746500013,8.270481135000068],[123.55832580200001,8.28293743300003],[123.55831622200003,8.294802987000025],[123.5616897880001,8.296391554000026],[123.56652076700006,8.31217295600004],[123.56107968000003,8.34535582600006],[123.56326631800003,8.349367931000078],[123.56215758400005,8.350385730000026],[123.56012617100009,8.38488652600006],[123.55992607700011,8.418145149000056],[123.5595297530001,8.479864054000075],[123.55669766900007,8.501533075000054],[123.55647464900005,8.525687648000028],[123.55544989900011,8.528010728000027],[123.55500797000002,8.54618980500004],[123.55382672300004,8.61668256200005],[123.52721412700008,8.629531762000056],[123.51329023800008,8.621413087000063],[123.48965376700005,8.640590786000075],[123.4881020560001,8.660841376000064],[123.50656632900008,8.680209037000054],[123.4929015460001,8.699365472000068],[123.47469751300004,8.681471755000075],[123.45319420500005,8.692767155000068],[123.43597002600006,8.715712408000055],[123.38943492300005,8.727534594000078],[123.38083719200007,8.704760972000031],[123.40549569200006,8.695713405000047],[123.39750121900009,8.676187827000035],[123.42016298900013,8.66337161400003],[123.4156308150001,8.646559431000071],[123.392917634,8.62683107600003],[123.37160966600004,8.64117242700007],[123.3566092540001,8.63798585300003],[123.33717708900008,8.593169455000067],[123.3240350850001,8.54997744800005],[123.30241664900007,8.521919928000045],[123.276393879,8.51225560200004],[123.25731983600008,8.514424078000046],[123.19886399200004,8.532202203000052],[123.0598605990001,8.513994870000033],[123.022369765,8.471386659000073],[123.0196886980001,8.447722083000027],[123.00494681600003,8.424996247000022],[122.98499795900011,8.418842444000063],[122.97800209900002,8.400352689000043],[122.9899145390001,8.349981633000029],[122.9748031690001,8.31906612800003],[122.94375613500007,8.315194104000055],[122.93714341500004,8.306926471000056],[122.96856329700007,8.261114464000059],[122.99439942700008,8.25057700600007],[122.9957818160001,8.214374975000053],[122.98964910300005,8.20158273100003],[122.9543289080001,8.182177181000041],[122.9440998980001,8.169314217000021],[122.90810793500009,8.144221643000039],[122.86648613200008,8.141446274000034],[122.80708053400006,8.119366343000022],[122.73151573100007,8.111784717000035],[122.68557952000003,8.121206762000043],[122.66294684700006,8.162218669000024],[122.637822389,8.134074507000035],[122.62953613600007,8.113503538000032],[122.5941422530001,8.099053245000048],[122.58969285800003,8.086519618000068],[122.56658330200004,8.077879935000057],[122.52187375800008,8.075742022000043],[122.51080123300005,8.06536076300006],[122.46485531000006,8.07289565000002],[122.40120463800008,8.047935682000057],[122.35889202200006,8.042734716000037],[122.32001875200001,8.019091809000031],[122.2937478330001,8.012566667000046],[122.26853357100005,7.997790891000022],[122.24371591800002,7.970442860000048],[122.22571898400008,7.959679701000026],[122.2327126880001,7.926188113000023],[122.22593046700003,7.907280179000054],[122.20482238800003,7.884235237000041],[122.17084760300008,7.868975287000069],[122.14453148000007,7.827542267000068],[122.14294030300005,7.808080488000029],[122.12290764800004,7.79691498600005],[122.08906121700011,7.743519110000021],[122.09846280500005,7.725095987000031],[122.11659444100007,7.722536439000066],[122.13367472100002,7.674594876000072],[122.13544764200002,7.643957341000034],[122.1217072720001,7.610643343000051],[122.10550927600002,7.596114469000042],[122.12127449300012,7.582568515000047],[122.135971691,7.589126712000052],[122.13988460600002,7.56315544900002],[122.1133258550001,7.551286239000034],[122.10528136500011,7.52853616900006],[122.08461263600009,7.526920140000072],[122.07171195800002,7.513616349000072],[122.07528080100008,7.488954669000064],[122.06940261700004,7.466671557000039],[122.05500570500011,7.446232561000047],[122.06023136800002,7.435470072000043],[122.05588487900002,7.39733493400007],[122.04814764400011,7.371325984000063],[122.03121319000003,7.358093754000037],[122.03676926800007,7.327557870000019],[122.06402666800012,7.314883957000066],[122.06001641500008,7.287713665000069],[122.0122550840001,7.27840671100006],[122.0066516490001,7.261072300000022],[121.97209422800006,7.246874],[121.96103130700008,7.227450286000022],[121.94265935300007,7.213762794000045],[121.92334643700006,7.188782738000043],[121.90969927800008,7.153749580000067],[121.92089211700011,7.14038356900005],[121.9473505310001,7.150126059000057],[122.07638888800011,7.149999999000045],[122.09482637400004,7.164541586000042],[122.09495750400004,7.181303358000036],[122.13640758300005,7.219264487000033],[122.14592660000005,7.241872963000048],[122.14643304800006,7.266338267000036],[122.17397410700003,7.267030959000065],[122.18084260100011,7.281842348000054],[122.15990795200004,7.345544288000043],[122.16058501600003,7.366221793000019],[122.17486160500005,7.39179979800002],[122.18876384600004,7.43056942800007],[122.2171557470001,7.443884250000053],[122.23725267200007,7.477232975000051],[122.27115422700001,7.499864672000059],[122.25943144100006,7.504945442000064],[122.30660563800006,7.600986349000041],[122.33104525800002,7.683258695000061],[122.34446508500004,7.695724514000061],[122.34612718900006,7.724802668000051],[122.36312939100004,7.753678413000047],[122.41029707100006,7.768642983000064],[122.37457622500004,7.804584514000055],[122.4054579220001,7.869266685000071],[122.44430973400007,7.872515661000021],[122.44258025100011,7.856635998000055],[122.47569574400008,7.858695506000061],[122.4812389880001,7.883948610000061],[122.50853790600002,7.890928188000033],[122.52864874900003,7.887280793000058],[122.5571805100001,7.893704899000055],[122.579307276,7.928364448000027],[122.59899246700002,7.919067723000067],[122.62915111400002,7.934350902000062],[122.65848457900007,7.901622032000033],[122.68115488800004,7.886663368000031],[122.70089395500008,7.895603638000067],[122.7218198270001,7.894265104000057],[122.73104847200011,7.926819426000065],[122.74526241800004,7.951711293000074],[122.823253238,7.952614371000038],[122.86169715700011,7.942091],[122.91959093000004,7.937764762000029],[122.92021159200011,7.92168106200006],[122.97527728500008,7.918960376000028],[122.98910098400007,7.936725960000045],[123.08061614500004,7.992241348000053],[123.15320972700012,8.00497711400004],[123.17302855500009,8.013203840000072],[123.18418736200012,8.04968802600007],[123.15319331100011,8.054876052000052],[123.18021323500011,8.082560807000046],[123.16129314300008,8.111359966000066],[123.19201243100008,8.144058338000034],[123.19245453800012,8.175150099000064],[123.215415579,8.187020706000055],[123.22031974600007,8.241586507000022],[123.24270495200007,8.26173335900006],[123.25762549600006,8.238274949000074],[123.30632557700007,8.235138896000025],[123.32154367700002,8.23919130400003],[123.34830849000004,8.22233516500006],[123.38109045300006,8.224666884000044],[123.41316768900003,8.235897236000028],[123.44501811000009,8.233949711000037],[123.45492453000008,8.248775914000019],[123.47798319300013,8.258342397000037],[123.51228994600001,8.259952988000068],[123.539382971,8.264473919000066],[123.54209741600006,8.271533426000076],[123.55016393800008,8.268004099000052],[123.55374423500007,8.268785055000025],[123.55655343800005,8.270737292000035],[123.55870746500013,8.270481135000068]]]},"properties":{"adm1_psgc":900000000,"adm2_psgc":907200000,"adm2_en":"Zamboanga del Norte","geo_level":"Prov","len_crs":901839,"area_crs":6279604776,"len_km":901,"area_km2":6279},"id":907200000},
{"type":"Feature","geometry":{"type":"MultiPolygon","coordinates":[[[[123.55870746500013,8.270481135000068],[123.55655343800005,8.270737292000035],[123.55374423500007,8.268785055000025],[123.55016393800008,8.268004099000052],[123.54209741600006,8.271533426000076],[123.539382971,8.264473919000066],[123.51228994600001,8.259952988000068],[123.47798319300013,8.258342397000037],[123.45492453000008,8.248775914000019],[123.44501811000009,8.233949711000037],[123.41316768900003,8.235897236000028],[123.38109045300006,8.224666884000044],[123.34830849000004,8.22233516500006],[123.32154367700002,8.23919130400003],[123.30632557700007,8.235138896000025],[123.25762549600006,8.238274949000074],[123.24270495200007,8.26173335900006],[123.22031974600007,8.241586507000022],[123.215415579,8.187020706000055],[123.19245453800012,8.175150099000064],[123.19201243100008,8.144058338000034],[123.16129314300008,8.111359966000066],[123.18021323500011,8.082560807000046],[123.15319331100011,8.054876052000052],[123.18418736200012,8.04968802600007],[123.17302855500009,8.013203840000072],[123.15320972700012,8.00497711400004],[123.08061614500004,7.992241348000053],[122.98910098400007,7.936725960000045],[122.97527728500008,7.918960376000028],[122.92021159200011,7.92168106200006],[122.91294454500009,7.88068614300005],[122.95636298900001,7.868233789000044],[122.9854764160001,7.845067276000065],[122.98539808600005,7.82452055500005],[123.01709007500006,7.811577171000066],[123.04856894700005,7.819581332000039],[123.05899591700008,7.808214593000058],[123.07890083200006,7.820735923000031],[123.09318624000004,7.814199836000056],[123.10692375700013,7.784130683000058],[123.08766077300004,7.764596037000048],[123.08658299900003,7.695965122000073],[123.10251995400006,7.703070255000055],[123.11763923400008,7.722232849000021],[123.14291461800009,7.700968686000065],[123.1456556170001,7.687915030000054],[123.12679970800004,7.673330365000028],[123.12822303400003,7.660438915000042],[123.15642226000011,7.640281901000039],[123.17458754200004,7.634900037000024],[123.18991164900002,7.611493767000068],[123.19579495000006,7.588570978000066],[123.17363549600009,7.574349995000035],[123.16148613800009,7.582300072000066],[123.10230872400007,7.557042538000076],[123.10216424300006,7.537977389000048],[123.11587199100006,7.513951185000054],[123.13918985700002,7.499435110000035],[123.16152631600005,7.497047913000074],[123.166201901,7.470526157000052],[123.18411915800006,7.469282515000033],[123.1982864700001,7.484567271000061],[123.18215255000007,7.50508637400003],[123.2273772000001,7.537719212000072],[123.24253575000013,7.529589943000074],[123.3003563430001,7.531862979000039],[123.2900353120001,7.509553028000028],[123.29281053000011,7.492787517000068],[123.28522735400009,7.467040986000031],[123.3221764230001,7.441924767000045],[123.33434804500007,7.412923689000025],[123.37526330500009,7.399249164000026],[123.38132754700008,7.37722075800002],[123.40570730200011,7.357656295000027],[123.42473458100007,7.374077339000053],[123.44789991200003,7.36924252600005],[123.43951559000004,7.421536361000049],[123.4498778640001,7.434792861000062],[123.43581535100009,7.452984853000032],[123.41246096000009,7.46729576200005],[123.39548055300008,7.469145693000029],[123.3802627980001,7.49231773200006],[123.382740859,7.528205049000063],[123.33760487300003,7.548460521000034],[123.33832520900013,7.570345641000077],[123.35586989800004,7.579746708000074],[123.39420482800006,7.566843280000057],[123.3826684170001,7.602166640000065],[123.40391450900006,7.61444365400007],[123.42291609900006,7.614669718000074],[123.4631153370001,7.633179416000075],[123.4649848250001,7.649614554000038],[123.48223362600004,7.681703740000046],[123.4764905820001,7.702325501000076],[123.4826251290001,7.727387698000028],[123.47176936200002,7.742995278000022],[123.44104763800011,7.750728164000066],[123.42695465300007,7.763972937000061],[123.42694127200002,7.816595721000054],[123.46045780500002,7.811934227000051],[123.50017014500007,7.830249886000047],[123.52863060600009,7.836623006000026],[123.54387959400003,7.847832499000049],[123.57314120100011,7.851425033000051],[123.59804599500002,7.833239233000029],[123.62413370100013,7.830433768000034],[123.62581575000002,7.839538665000019],[123.62287690300002,7.842200970000022],[123.62169428400013,7.84652154400004],[123.62337728000013,7.84693984800003],[123.62675638500004,7.85079264700005],[123.63238119200003,7.856142835000069],[123.63309472900005,7.861101968000073],[123.63483571800009,7.862748849000069],[123.63558857700002,7.866419041000027],[123.63365937400012,7.868724675000066],[123.6420930160001,7.873769926000022],[123.64857259700011,7.875101347000055],[123.64884718100006,7.877529908000044],[123.66543018100003,7.891538716000071],[123.65985029700005,7.907532050000042],[123.66140575800013,7.909478302000026],[123.66140412300001,7.91271820400004],[123.66376969200009,7.914782392000062],[123.66433762400004,7.91954433500007],[123.66354640300007,7.922497570000077],[123.65992692800012,7.923898119000056],[123.63503351900012,7.932721924000022],[123.64985195300005,7.959801629000025],[123.64015587900008,7.966418935000037],[123.64436468300005,7.99171923800003],[123.66079608100006,8.002985252000029],[123.64940777600009,8.019597698000041],[123.63310728800003,8.022003452000035],[123.63359903000004,8.024380205000059],[123.63839351400009,8.026715979000073],[123.63868036300005,8.03011719400007],[123.63708220200012,8.032985688000053],[123.63417272900006,8.033846237000033],[123.63027977200011,8.030199151000033],[123.62716540700002,8.028478054000061],[123.623518321,8.031100678000026],[123.6229856000001,8.034829721000047],[123.62052689100007,8.033354495000026],[123.6165929550001,8.033723301000064],[123.60905291300004,8.029379581000054],[123.60729083700005,8.031633398000055],[123.60417647200006,8.030854807000024],[123.60114335100002,8.026000753000062],[123.59733164000012,8.026460477000056],[123.59524514200007,8.02575493300003],[123.59346231800009,8.031347443000072],[123.590266411,8.032003746000042],[123.58901087500011,8.030548466000031],[123.58746999100003,8.02698160500006],[123.58296573000005,8.026046626000038],[123.58008636800002,8.027296160000047],[123.57419799700006,8.026322996000031],[123.57146419300011,8.024862185000075],[123.56578789800005,8.023297030000036],[123.56318736300013,8.024828112000021],[123.56117891200006,8.02504065200003],[123.55987046300002,8.027339406000069],[123.56116852100001,8.029425604000041],[123.55939709200004,8.031882808000034],[123.5601702040001,8.034115892000047],[123.56027367500008,8.039169724000033],[123.5595406880001,8.053254052000055],[123.562114887,8.080917875000068],[123.56132506500013,8.102916367000034],[123.55976167200004,8.137865592000027],[123.55886134500008,8.158614197000077],[123.55807546900009,8.180193381000038],[123.5580271870001,8.24657892400006],[123.55870746500013,8.270481135000068]]],[[[122.35241963500005,7.457650736000059],[122.310042908,7.474818934000041],[122.28827951800008,7.513065417000062],[122.27115422700001,7.499864672000059],[122.23725267200007,7.477232975000051],[122.2171557470001,7.443884250000053],[122.18876384600004,7.43056942800007],[122.17486160500005,7.39179979800002],[122.16058501600003,7.366221793000019],[122.15990795200004,7.345544288000043],[122.18084260100011,7.281842348000054],[122.17397410700003,7.267030959000065],[122.14643304800006,7.266338267000036],[122.14592660000005,7.241872963000048],[122.13640758300005,7.219264487000033],[122.09495750400004,7.181303358000036],[122.09482637400004,7.164541586000042],[122.07638888800011,7.149999999000045],[121.9473505310001,7.150126059000057],[121.92089211700011,7.14038356900005],[121.90969927800008,7.153749580000067],[121.89753540000004,7.078916460000072],[121.91896925500009,7.017551584000045],[121.92320427600008,6.988410138000063],[121.9482376100001,6.955820808000055],[121.97767897600009,6.952209525000058],[121.9906811960001,6.939590555000053],[122.02586196000004,6.919935436000059],[122.11284617900003,6.889040597000076],[122.15021286900004,6.906473965000032],[122.16229486800012,6.932339161000072],[122.1839792500001,6.95100508400003],[122.19206739900007,7.00327089800004],[122.20484039000009,7.026651025000035],[122.2125750890001,7.057919481000055],[122.20586940400007,7.070010911000053],[122.25172516200008,7.105551122000064],[122.25873318000004,7.121029703000032],[122.24460749500008,7.136625843000047],[122.26014947300007,7.159403820000024],[122.24789212700013,7.187673632000043],[122.27782839900009,7.231640886000036],[122.2802674720001,7.265460228000053],[122.29030020700009,7.279048330000024],[122.29028368500008,7.321523505000075],[122.34412297500012,7.317822275000028],[122.3726587020001,7.347743701000067],[122.37931468600006,7.371793282000055],[122.39126354700012,7.386472234000053],[122.35591045900003,7.401261304000058],[122.34485453100002,7.424845797000044],[122.35241963500005,7.457650736000059]]],[[[122.2009405780001,6.919765202000063],[122.24312809200002,6.953754215000061],[122.2654729740001,6.953487313000038],[122.28384724600005,6.974771445000044],[122.27122011900009,7.000157834000049],[122.22895355300011,6.991334454000025],[122.20875873000013,6.97195006100003],[122.20955865000008,6.956011033000038],[122.19516806200012,6.93103656200003],[122.2009405780001,6.919765202000063]]]]},"properties":{"adm1_psgc":900000000,"adm2_psgc":907300000,"adm2_en":"Zamboanga del Sur","geo_level":"Prov","len_crs":1304481,"area_crs":5362424632,"len_km":1304,"area_km2":5362},"id":907300000},
{"type":"Feature","geometry":{"type":"MultiPolygon","coordinates":[[[[122.92021159200011,7.92168106200006],[122.91959093000004,7.937764762000029],[122.86169715700011,7.942091],[122.823253238,7.952614371000038],[122.74526241800004,7.951711293000074],[122.73104847200011,7.926819426000065],[122.7218198270001,7.894265104000057],[122.70089395500008,7.895603638000067],[122.68115488800004,7.886663368000031],[122.65848457900007,7.901622032000033],[122.62915111400002,7.934350902000062],[122.59899246700002,7.919067723000067],[122.579307276,7.928364448000027],[122.5571805100001,7.893704899000055],[122.52864874900003,7.887280793000058],[122.50853790600002,7.890928188000033],[122.4812389880001,7.883948610000061],[122.47569574400008,7.858695506000061],[122.44258025100011,7.856635998000055],[122.44430973400007,7.872515661000021],[122.4054579220001,7.869266685000071],[122.37457622500004,7.804584514000055],[122.41029707100006,7.768642983000064],[122.36312939100004,7.753678413000047],[122.34612718900006,7.724802668000051],[122.34446508500004,7.695724514000061],[122.33104525800002,7.683258695000061],[122.30660563800006,7.600986349000041],[122.25943144100006,7.504945442000064],[122.27115422700001,7.499864672000059],[122.28827951800008,7.513065417000062],[122.310042908,7.474818934000041],[122.35241963500005,7.457650736000059],[122.3839787820001,7.490655460000028],[122.41780117200004,7.503493947000036],[122.448568926,7.534347996000063],[122.46032249400002,7.515093308000075],[122.48450307200005,7.536724613000046],[122.50647898400007,7.578297099000053],[122.48210957900007,7.569774453000035],[122.43672323400006,7.569179658000054],[122.43132927100011,7.583702210000069],[122.4456173860001,7.606983229000035],[122.47344460000011,7.621122846000048],[122.48250129800009,7.652618869000035],[122.50267777900001,7.669179348000058],[122.51137234200007,7.693210434000037],[122.5250523840001,7.692904980000034],[122.546805821,7.734029548000024],[122.56925975700005,7.746417005000069],[122.60219062600004,7.751798571000051],[122.63365088700004,7.778359936000072],[122.65969001600003,7.78464647900006],[122.67276364500005,7.778279583000028],[122.71639893600002,7.784366171000045],[122.73288661800008,7.763651421000076],[122.77975581500006,7.752955823000035],[122.78581349,7.762128483000027],[122.80937835100009,7.74871395100007],[122.79970480700003,7.726122357000065],[122.80173158700006,7.702875377000055],[122.78254608300004,7.67469573000005],[122.79492769200012,7.636241536000058],[122.79222113800007,7.596644298000057],[122.81065317600007,7.581608656000071],[122.82310648200007,7.560124263000036],[122.82820899300009,7.521850500000027],[122.79444923300004,7.52273976500004],[122.7813051400001,7.504971219000027],[122.81885968900009,7.478045760000045],[122.82395310400013,7.443515037000057],[122.84881852600006,7.445699123000056],[122.87758458800012,7.470709220000061],[122.85670402900008,7.495881698000062],[122.88537167200002,7.50910205300005],[122.88917524400006,7.539828824000041],[122.92155038900012,7.535902183000074],[122.93274110100002,7.504528524000021],[122.9495726900001,7.48076529700006],[122.97417644200004,7.477967090000051],[122.98645902300007,7.45929059900004],[123.00384117800003,7.480155804000049],[123.0080411450001,7.52623500200002],[123.02624743100012,7.546457534000068],[123.03540205200011,7.585277956000026],[123.02920693400006,7.595717640000032],[123.03076075500007,7.626963240000066],[123.05000676000009,7.620773636000022],[123.04381086600006,7.660636235000028],[123.06080864400008,7.662503746000027],[123.062402829,7.680626406000044],[123.08136214000002,7.683072976000062],[123.08658299900003,7.695965122000073],[123.08766077300004,7.764596037000048],[123.10692375700013,7.784130683000058],[123.09318624000004,7.814199836000056],[123.07890083200006,7.820735923000031],[123.05899591700008,7.808214593000058],[123.04856894700005,7.819581332000039],[123.01709007500006,7.811577171000066],[122.98539808600005,7.82452055500005],[122.9854764160001,7.845067276000065],[122.95636298900001,7.868233789000044],[122.91294454500009,7.88068614300005],[122.92021159200011,7.92168106200006]]],[[[122.83153685600007,7.277481727000065],[122.84682987800011,7.308370257000035],[122.90117536500007,7.320809050000038],[122.92219810100005,7.36129135400006],[122.94262285000003,7.373699586000045],[122.97034513700011,7.371224651000033],[122.93001967700003,7.427917892000038],[122.88761321900006,7.427495305000035],[122.88573245900011,7.380599200000064],[122.87331184400011,7.371685836000041],[122.85963838600004,7.389141573000073],[122.85969734300012,7.412575563000075],[122.83730905800007,7.434452048000025],[122.82378609700005,7.438981394000054],[122.80672172900006,7.427714050000073],[122.79431957500003,7.391612682000072],[122.78768910600002,7.348992281000051],[122.80243336400008,7.331616347000022],[122.805284679,7.298111819000043],[122.83153685600007,7.277481727000065]]]]},"properties":{"adm1_psgc":900000000,"adm2_psgc":908300000,"adm2_en":"Zamboanga Sibugay","geo_level":"Prov","len_crs":993559,"area_crs":2723754336,"len_km":993,"area_km2":2723},"id":908300000},
{"type":"Feature","geometry":{"type":"MultiPolygon","coordinates":[[[[121.99130968400004,6.746232722000059],[121.97906209300002,6.75488690800006],[121.95297660400001,6.743815668000025],[121.94119108400002,6.728076790000044],[121.96565453700008,6.708936608000045],[121.99130968400004,6.746232722000059]]],[[[122.0325893050001,6.741121540000051],[122.01310941300007,6.745754220000038],[121.9797320880001,6.714409580000051],[121.94091037200008,6.688674512000035],[121.92917345600006,6.668565706000038],[121.91717787000006,6.674741475000076],[121.91729957700011,6.63746050800006],[121.94396662300007,6.603170510000041],[121.94273645600005,6.601946423000071],[121.93689648000009,6.579941511000073],[121.93633663300011,6.576937155000053],[121.94738791200008,6.564494788000047],[121.94891890100007,6.563617649000036],[122.04289291400005,6.56481997900005],[122.04032610500006,6.595145655000066],[122.03002564800012,6.617820360000053],[122.036241,6.642316900000025],[122.03562980000004,6.645463400000039],[122.03796010000009,6.648463200000038],[122.03643280000007,6.651996800000062],[122.04753030000006,6.657513700000038],[122.046853,6.66220370000002],[122.04895763300011,6.671435657000074],[122.05049613300002,6.673644787000057],[122.0469141000001,6.681510900000034],[122.04429230000007,6.682791300000076],[122.0306218390001,6.701449177000029],[122.0325893050001,6.741121540000051]]]]},"properties":{"adm1_psgc":900000000,"adm2_psgc":990100000,"adm2_en":"City of Isabela (Not a Province)","geo_level":null,"len_crs":136093,"area_crs":219762040,"len_km":136,"area_km2":219},"id":990100000},
{"type":"Feature","geometry":{"type":"Polygon","coordinates":[[[125.1711042160001,8.582282192000035],[125.091972703,8.583274949000044],[125.03110151400007,8.590509733000033],[125.02576683100004,8.609349439000026],[124.9577568630001,8.598802371000035],[124.9095479680001,8.599141823000025],[124.87082259400007,8.583962324000026],[124.85954455500007,8.587543229000064],[124.84556848500006,8.557733292000021],[124.84700197600012,8.53934502800007],[124.8326646160001,8.516467929000045],[124.79487842600008,8.50679776100003],[124.78466056600007,8.48069747200003],[124.80294577500003,8.464117050000025],[124.7888894550001,8.442748745000074],[124.79184968700007,8.425546736000056],[124.77101278400005,8.421980772000042],[124.62696749800011,8.41809568000002],[124.61330911000006,8.39789292100005],[124.60095435200004,8.341523851000034],[124.60475992700003,8.321158559000025],[124.5856981410001,8.289942023000037],[124.58276749000004,8.253760912000073],[124.5645021910001,8.220771256000035],[124.57141243000002,8.214811578000024],[124.57186996300005,8.174131533000034],[124.56705519500008,8.160145672000052],[124.55245870300007,8.14427602300003],[124.49892875400008,8.144089777000033],[124.49954956400006,8.140349524000044],[124.50229698200009,8.132810472000074],[124.5064735320001,8.129444895000063],[124.51071750300002,8.129269107000027],[124.51184742400007,8.128074017000074],[124.51332237100007,8.122123601000053],[124.51523717200008,8.12202695600007],[124.5171458530001,8.120021376000064],[124.51667038000005,8.118420640000068],[124.52037611600007,8.115529166000046],[124.52278638200005,8.115147712000068],[124.52422999000011,8.110482651000039],[124.52525032200003,8.106447821000073],[124.52699031900012,8.104922909000038],[124.52585988400006,8.103717025000039],[124.52814376000003,8.100916383000026],[124.52763388900006,8.09832169300006],[124.5302753310001,8.095766806000029],[124.53438357100003,8.093055084000069],[124.53716690600004,8.090485116000025],[124.53836938400002,8.083602114000032],[124.5362499900001,8.08310256100003],[124.53717972600008,8.079769341000029],[124.53931742000009,8.07690846200006],[124.5446132410001,8.070427614000039],[124.54444493200003,8.067919128000028],[124.54747900400004,8.064921644000039],[124.5466503240001,8.063227629000039],[124.54576299900009,8.058065760000032],[124.547323397,8.055283348000048],[124.54917112500004,8.050115521000064],[124.54765668900005,8.048029572000075],[124.549216471,8.047155632000054],[124.54992880100008,8.04476617700004],[124.54813244200011,8.039544761000059],[124.549628546,8.035517722000067],[124.54800408600009,8.029671450000023],[124.54939252500004,8.026153625000063],[124.54838404500002,8.024689860000025],[124.55236832000003,8.022608413000055],[124.55300530000011,8.019711751000044],[124.5550034360001,8.01685804400006],[124.5569546710001,8.016297141000054],[124.55677879500001,8.013411263000021],[124.55950889300004,8.011052249000045],[124.55993275200002,8.007036907000042],[124.55743717400003,8.00436503800006],[124.55895240000005,8.00291042200007],[124.55901982300007,8.000654721000046],[124.56146185500006,7.998974633000044],[124.56111454400003,7.996804028000044],[124.56301600100005,7.996236010000075],[124.56478764500004,7.994089863000054],[124.56415870500007,7.989789626000059],[124.56221142900006,7.988193516000022],[124.56361466900012,7.984699210000031],[124.56645263800011,7.97696876200007],[124.56636062700012,7.973640005000049],[124.60064500400006,7.912445279000053],[124.60192866200009,7.909914519000039],[124.60153227500008,7.907464980000042],[124.59943237400013,7.906457551000073],[124.59862211800008,7.908384271000044],[124.59662721300002,7.904640052000047],[124.59761010300008,7.902537395000025],[124.60079373800009,7.902243121000026],[124.60280530800004,7.899240262000034],[124.60549724900012,7.897277526000037],[124.61004050500004,7.898255950000023],[124.61191537700005,7.893318024000051],[124.61500789800003,7.891520700000056],[124.61878716900004,7.887981693000029],[124.62222208600008,7.888696393000031],[124.6231716650001,7.885475454000074],[124.62269223700001,7.879288808000071],[124.62038895700005,7.876562628000045],[124.61945390900007,7.873822774000076],[124.61808397400013,7.873841179000066],[124.61935016700012,7.868280750000054],[124.62114628200005,7.868913824000059],[124.62398786100005,7.868141113000036],[124.626582567,7.86831056400007],[124.62720036500002,7.864460103000056],[124.62893834600003,7.863436971000057],[124.62713086500003,7.861596275000067],[124.62841737500003,7.858267611000031],[124.63010764100011,7.850838155000075],[124.63220535800008,7.850453635000064],[124.63177669800007,7.84637240400002],[124.63579822600002,7.845092096000032],[124.63709261600002,7.842573648000042],[124.63947260000009,7.840855447000025],[124.65086506300008,7.835266005000051],[124.65183394400003,7.836828147000062],[124.65371044200002,7.835301766000042],[124.65741232700007,7.834119062000071],[124.65952919500012,7.836050505000059],[124.6638390280001,7.834204876000058],[124.66257665000013,7.832212366000019],[124.66505281200013,7.829846356000076],[124.6640373780001,7.826736659000063],[124.6671977640001,7.820347567000053],[124.67050893800001,7.817012287000065],[124.67337419000012,7.816804851000029],[124.6757388540001,7.812143792000025],[124.67440653200003,7.809337678000076],[124.67774069500003,7.804641508000031],[124.68144881900004,7.801941112000066],[124.68258011800003,7.795841077000033],[124.68731882300006,7.792811740000046],[124.68825885600008,7.79036404900006],[124.69173079400004,7.789742092000039],[124.69288956400011,7.788050468000053],[124.6972933950001,7.786429528000041],[124.70050678500003,7.784279493000045],[124.70212755800004,7.780975762000024],[124.70474013600005,7.780107457000041],[124.70504372500011,7.777210763000029],[124.70682901500004,7.773247022000021],[124.70870442600005,7.769875670000035],[124.70990987800009,7.76391429200004],[124.70886902400002,7.759855901000037],[124.71147050000003,7.754228533000057],[124.71498394500009,7.752534370000033],[124.71757067900012,7.753789221000032],[124.71939097400002,7.75237055700006],[124.718379561,7.749870567000073],[124.72156107600006,7.749902471000042],[124.72435845600013,7.748926465000068],[124.72740104700006,7.746635032000029],[124.7311052240001,7.737535588000071],[124.73260872600008,7.73462640500003],[124.73643543000003,7.733466180000049],[124.73719563200007,7.731139812000039],[124.73938922300012,7.730661784000064],[124.73583501400003,7.725286490000031],[124.73385485900009,7.722910451000073],[124.73167330100011,7.721483199000033],[124.72958638300007,7.722128118000055],[124.72852694100006,7.720516810000047],[124.72922016500003,7.717876637000074],[124.73139153500007,7.715704298000049],[124.7324501270001,7.712112801000043],[124.732623481,7.708031542000069],[124.73082101900002,7.703144971000029],[124.73265050500005,7.702471811000065],[124.73653283600005,7.702648050000049],[124.73646919500004,7.69990372500007],[124.73884707500007,7.70136637200005],[124.74000158600006,7.698347105000038],[124.74268404800011,7.69480369000007],[124.7432865740001,7.692498657000043],[124.74340388100006,7.68955636100003],[124.74509215000013,7.685550991000071],[124.74686095800007,7.685622732000069],[124.75009137100005,7.682928508000032],[124.75386167600006,7.68271724400006],[124.75642236000012,7.681573885000034],[124.75643435100005,7.678757307000068],[124.75892435100003,7.673912964000067],[124.75593958700007,7.669789671000045],[124.75660809800002,7.665886888000044],[124.75760901300008,7.663580144000037],[124.75733971800003,7.661822002000064],[124.75860115800002,7.658514709000029],[124.7557803420001,7.654909472000042],[124.75908477300004,7.650961614000035],[124.76936477500008,7.645368076000068],[124.7731614280001,7.644589514000073],[124.77423795600009,7.64210424500004],[124.77570078200007,7.64469315600007],[124.77720672300008,7.645090331000062],[124.77666753800008,7.640023085000053],[124.77526230100011,7.638311778000059],[124.7759462910001,7.636486596000055],[124.78006974100002,7.637068129000053],[124.7848648480001,7.635880752000047],[124.78467427400005,7.63318853100003],[124.78841594700009,7.634874726000019],[124.7926858840001,7.631385626000055],[124.7960826740001,7.631288174000076],[124.79580181300004,7.628098229000046],[124.80316051300008,7.62738066000003],[124.80028262200005,7.626179411000066],[124.79908250900007,7.623151185000041],[124.79967573700003,7.622200396000037],[124.80512258100009,7.622628351000059],[124.806675507,7.619207376000078],[124.80394518800007,7.617227774000068],[124.80202864600004,7.614737236000052],[124.80340378900007,7.61346213200005],[124.80599504300004,7.614775145000068],[124.80835845400007,7.613993315000072],[124.80879644100003,7.609798246000026],[124.81070418000002,7.605544263000072],[124.81012264900004,7.600824828000039],[124.8073990890001,7.597659137000049],[124.81021167200002,7.592957670000033],[124.81371126600003,7.59638852900002],[124.81842655400008,7.594076047000047],[124.81614505400012,7.590650457000035],[124.82002001900003,7.589276444000063],[124.815176274,7.582328378000057],[124.81543488000013,7.579995657000039],[124.81910911500006,7.577818123000043],[124.81608254500009,7.575483109000062],[124.81522701900008,7.572087255000043],[124.81664243800004,7.570084968000059],[124.82490455300001,7.571591221000062],[124.82414489400003,7.568485952000057],[124.82023363600003,7.568825235000077],[124.81849861400009,7.567571240000063],[124.81845938200001,7.564037232000034],[124.8219577550001,7.562040396000046],[124.82458273500002,7.558528790000024],[124.82739781400005,7.556690343000071],[124.82511184900012,7.555309251000041],[124.82563649300003,7.55366273800007],[124.82512564100011,7.548996626000076],[124.82850568300012,7.54698301900004],[124.82628901900013,7.541656422000072],[124.82295419200011,7.541888840000071],[124.82059567500005,7.540853710000021],[124.81986409900003,7.536019987000032],[124.81666881300008,7.537142727000059],[124.81460546300002,7.535275808000051],[124.81115463700007,7.533274005000067],[124.81148661500004,7.529202342000078],[124.80750271500006,7.522753107000028],[124.80533800600007,7.521360214000026],[124.80393602200002,7.522003652000025],[124.8009556930001,7.521530414000039],[124.80291892000002,7.507761808000053],[124.79867023400006,7.508677987000056],[124.79720599000008,7.496663584000033],[124.7906481120001,7.491001982000057],[124.79426618500008,7.484764239000072],[124.80325953300009,7.486678938000068],[124.8079931080001,7.494697471000052],[124.81800214600004,7.495697861000052],[124.82526904200006,7.493157002000034],[124.8339429770001,7.48107975800002],[124.84076430300001,7.475050844000064],[124.84318989000008,7.465195488000061],[124.83916392300011,7.456086250000056],[124.85407313400005,7.446381514000052],[124.85729539800002,7.440273016000049],[124.86504160700008,7.434955915000046],[124.88202764800008,7.433693065000057],[124.88368139500005,7.426800526000023],[124.88019498000006,7.421294085000055],[124.88997238300011,7.419385643000054],[124.8949491400001,7.414777261000041],[124.90844005800012,7.423424172000068],[124.91235414700009,7.423153858000033],[124.92982309,7.435701461000063],[124.93831374600005,7.429295490000071],[124.94312128100012,7.418386022000049],[124.95900089900009,7.409293117000061],[124.96857271700004,7.408564737000063],[124.97236416600003,7.401719751000033],[124.98305917300002,7.408461814000019],[124.99121615900003,7.402862606000044],[125.00744057400004,7.406819145000041],[125.02973395900005,7.403611927000042],[125.04254469400007,7.406692967000025],[125.04682822600013,7.404642533000072],[125.05377243200007,7.41197955900003],[125.06615378200001,7.433566849000047],[125.06695334500013,7.451181651000068],[125.12406894400011,7.453959513000028],[125.13041001600004,7.463113232000071],[125.15531106600008,7.465819585000075],[125.1639804040001,7.502166260000024],[125.16446866600006,7.509299815000074],[125.18972607600006,7.505808352000029],[125.22941389100005,7.491877260000024],[125.23062998900004,7.500939476000043],[125.26359983300007,7.506819022000058],[125.26559191100012,7.564791229000035],[125.32590265800002,7.565047433000073],[125.32432367400008,7.601914351000064],[125.30941261700004,7.629251290000071],[125.33536292100005,7.635943137000023],[125.35360549600011,7.623267940000063],[125.42456248600001,7.622786366000068],[125.4246658310001,7.644324136000024],[125.42437487600013,7.684201312000026],[125.43812369000011,7.719951453000022],[125.44083203100001,7.743106942000054],[125.43279844300002,7.76078411700007],[125.43209521600012,7.78720535900004],[125.41591435600003,7.824858037000069],[125.41674638100007,7.832860448000073],[125.41546448800013,7.864332150000053],[125.42010363000009,7.909866804000046],[125.41511766700012,7.938313313000037],[125.38635865800006,7.984359599000071],[125.37505743800013,8.01498092600002],[125.37992309200003,8.042899480000074],[125.3939170000001,8.051701],[125.39395800000011,8.056053],[125.39850400000013,8.057651],[125.402384,8.061324],[125.403878,8.064808],[125.405604,8.066601],[125.404489,8.06867],[125.405726,8.069987],[125.4056280000001,8.076177],[125.41388471400012,8.077258320000055],[125.41510265800002,8.079492222000056],[125.41703410200012,8.08016113700006],[125.41851145900011,8.078751717000046],[125.42241402100002,8.080009229000039],[125.42262625500007,8.081928900000037],[125.425320402,8.082553226000071],[125.43276351800012,8.084950141000036],[125.43694530500012,8.085885669000051],[125.435953229,8.087852515000066],[125.43700974100013,8.09141532500007],[125.436024298,8.093913815000066],[125.44021979400009,8.092841855000076],[125.4404356440001,8.095732142000031],[125.43824316700012,8.097974633000037],[125.44046773200013,8.101057686000049],[125.43730760500011,8.10256284600007],[125.43492530900004,8.104249123000047],[125.43515705400011,8.10919805800006],[125.43267610300005,8.109986977000064],[125.430602129,8.113869833000024],[125.43046213600006,8.116425180000023],[125.43170156000008,8.118058289000032],[125.4270308570001,8.120664484000029],[125.42237366100005,8.121272821000046],[125.42000215400003,8.120899889000041],[125.42001769400008,8.123493032000056],[125.41582372800006,8.123634087000028],[125.41689000500004,8.126569337000037],[125.41900730400003,8.129885374000025],[125.41617592000013,8.130560208000075],[125.41241883300007,8.132324269000035],[125.41469498700008,8.13621996300003],[125.41281426300009,8.139985546000046],[125.41286794000006,8.142462358000046],[125.41163613800006,8.144327532000032],[125.40658532800012,8.14412530100003],[125.4041299600001,8.149248975000035],[125.40399308900008,8.152346219000037],[125.39850831500006,8.164067795000053],[125.39598824900008,8.163435894000033],[125.39576879200001,8.16609448200006],[125.39442040600011,8.170166557000075],[125.3909743270001,8.171046662000036],[125.3875500810001,8.175599944000053],[125.38645032500007,8.175332895000054],[125.38380922100009,8.179686150000066],[125.38224183800003,8.179929867000055],[125.38017480700012,8.181895962000056],[125.37716135500011,8.183492964000038],[125.37198480500001,8.183116508000067],[125.36827841000002,8.18486486200004],[125.36609441300006,8.188543912000057],[125.36611311500006,8.19170916400003],[125.36461212000007,8.196563711000069],[125.365535,8.204133],[125.36500500000011,8.20847],[125.367014,8.214609],[125.34678330500005,8.232364682000021],[125.3398775820001,8.284365215000038],[125.308692973,8.311562027000036],[125.3005739550001,8.329203108000058],[125.2750800000001,8.354652],[125.274994,8.360718],[125.27404,8.362046],[125.275407,8.36868],[125.276948,8.374828],[125.27777816900006,8.37938658400003],[125.27659596800005,8.383451468000032],[125.27565480100009,8.38606565400005],[125.27558093800008,8.394803336000052],[125.27724730600005,8.402454320000059],[125.27833304100011,8.403234801000053],[125.27896291500008,8.406405689000053],[125.27634673700004,8.411077992000056],[125.27814369000009,8.412363484000025],[125.27799806400003,8.415280108000047],[125.28077843000007,8.41781528100006],[125.28189379600009,8.420765070000071],[125.28373433300011,8.42253622800007],[125.28727226700005,8.422475134000022],[125.284143,8.428397],[125.27811,8.435258],[125.274957,8.437308],[125.272712,8.436342],[125.27089400000013,8.438227],[125.264787,8.441368],[125.263402,8.447058],[125.261614,8.44993],[125.24756096900012,8.47806955300007],[125.25027245400008,8.501712316000065],[125.24996466500009,8.507868095000049],[125.25160620600003,8.512690123000027],[125.2500236620001,8.517092975000024],[125.251022927,8.518199044000028],[125.25059898800009,8.523513715000037],[125.25093569900002,8.524500081000042],[125.25089516800006,8.531706804000066],[125.25291385800006,8.53733672000004],[125.25199865500008,8.543519023000046],[125.2527931090001,8.544955696000045],[125.25254272100007,8.551628289000066],[125.2494712460001,8.556958372000054],[125.25201657200012,8.560649740000033],[125.25265165600001,8.563116828000034],[125.25436092300004,8.565330566000055],[125.2545513990001,8.569570970000031],[125.25547491100008,8.571830461000047],[125.25785104400006,8.57486386200003],[125.25786004400005,8.576387457000065],[125.26060613800007,8.579006867000032],[125.26025523700004,8.582632727000032],[125.26150883200013,8.584725532000052],[125.26144560400006,8.588020266000058],[125.25758076200009,8.587930134000034],[125.25793016700004,8.58521656600004],[125.25576663400011,8.584534821000034],[125.25714866400007,8.582278150000036],[125.2553720960001,8.57961008900003],[125.1711042160001,8.582282192000035]]]},"properties":{"adm1_psgc":1000000000,"adm2_psgc":1001300000,"adm2_en":"Bukidnon","geo_level":"Prov","len_crs":554303,"area_crs":9362441276,"len_km":554,"area_km2":9362},"id":1001300000},
{"type":"Feature","geometry":{"type":"Polygon","coordinates":[[[124.69874835600001,9.256861598000055],[124.66952629800005,9.250776520000047],[124.65050792600005,9.238173474000066],[124.63530827600005,9.21818149100005],[124.63392342200007,9.181202865000044],[124.64308451900003,9.152681581000024],[124.6748940430001,9.120553559000028],[124.71868264100009,9.103684390000069],[124.74451065500013,9.102719074000047],[124.76722549400006,9.078773625000055],[124.80632470400008,9.12231906000005],[124.77888893500005,9.203107051000071],[124.73080277800011,9.249153605000062],[124.69874835600001,9.256861598000055]]]},"properties":{"adm1_psgc":1000000000,"adm2_psgc":1001800000,"adm2_en":"Camiguin","geo_level":"Prov","len_crs":77319,"area_crs":242553035,"len_km":77,"area_km2":242},"id":1001800000},
{"type":"Feature","geometry":{"type":"Polygon","coordinates":[[[124.56705519500008,8.160145672000052],[124.5356971560001,8.160570492000033],[124.52011239600004,8.172480796000059],[124.50703357400006,8.239915808000035],[124.47745729200005,8.304272188000027],[124.4547307570001,8.320203159000071],[124.36637374500003,8.314602319000073],[124.32793174200003,8.327967434000069],[124.30343307400005,8.311831809000067],[124.28643547900003,8.330000745000062],[124.24745302700002,8.332102494000024],[124.25736608500007,8.28852634300006],[124.2644582060001,8.282714046000024],[124.24455750800006,8.25669906200005],[124.23174372900009,8.21978777000004],[124.20221165200007,8.210497205000024],[124.18911818900007,8.196432800000025],[124.16637644800007,8.186633762000042],[124.10842887800004,8.187208928000073],[124.1014611610001,8.192104517000073],[124.03342670100005,8.198024198000041],[124.01277525600005,8.19458664900003],[123.9807618420001,8.173433867000028],[123.96225346300004,8.17144981700005],[123.93148418200008,8.153215319000026],[123.91201801600003,8.123310021000067],[123.87429493700007,8.105583493000042],[123.849117137,8.111767395000072],[123.833992114,8.084924242000055],[123.81560111500005,8.079318967000061],[123.78099136600008,8.043769813000038],[123.77254932700009,8.024289364000026],[123.74722812900006,7.997052645000051],[123.69572456700008,7.979674270000032],[123.67482398200002,7.953178672000035],[123.64985195300005,7.959801629000025],[123.63503351900012,7.932721924000022],[123.65992692800012,7.923898119000056],[123.66354640300007,7.922497570000077],[123.66433762400004,7.91954433500007],[123.66376969200009,7.914782392000062],[123.66140412300001,7.91271820400004],[123.66140575800013,7.909478302000026],[123.65985029700005,7.907532050000042],[123.66543018100003,7.891538716000071],[123.64884718100006,7.877529908000044],[123.64857259700011,7.875101347000055],[123.6420930160001,7.873769926000022],[123.63365937400012,7.868724675000066],[123.63558857700002,7.866419041000027],[123.63483571800009,7.862748849000069],[123.63309472900005,7.861101968000073],[123.63238119200003,7.856142835000069],[123.62675638500004,7.85079264700005],[123.62337728000013,7.84693984800003],[123.62169428400013,7.84652154400004],[123.62287690300002,7.842200970000022],[123.62581575000002,7.839538665000019],[123.62413370100013,7.830433768000034],[123.69303398500004,7.812347868000074],[123.69445005700005,7.799537735000058],[123.71639900100001,7.793822040000063],[123.73980653900004,7.761868972000059],[123.7363079150001,7.733333275000062],[123.75534271500011,7.735959880000054],[123.77589725100006,7.714183635000039],[123.82860561100006,7.696532008000078],[123.850537335,7.69977059100006],[123.84965209300003,7.70708985600004],[123.8529570830001,7.710498432000065],[123.85594981200005,7.711326846000075],[123.85731266000005,7.712520361000031],[123.85769834500002,7.715328297000038],[123.86060628100006,7.718056680000076],[123.85989436800004,7.72053541400004],[123.85959943500006,7.724651773000058],[123.85997016100009,7.727529300000068],[123.85835929500001,7.727814220000028],[123.85495263400003,7.726183613000047],[123.85288119100004,7.72752534400007],[123.85317038100004,7.730323758000055],[123.85057305100007,7.734377462000055],[123.87027291100003,7.738132882000057],[123.90294426500009,7.729355503000024],[123.95932336000011,7.724984796000059],[124.00162475900004,7.742659211000047],[123.99551305900002,7.785322082000049],[124.02390819500012,7.828601493000061],[123.99573031600005,7.838661307000053],[123.97368923300009,7.874036868000074],[123.97742153800004,7.892975554000032],[124.00188328500008,7.912551852000035],[123.98784113600004,7.935095518000024],[124.03081920000012,7.952898652000045],[124.10163486000012,7.96445142400006],[124.10231617600006,7.968897865000031],[124.10355187200001,7.972682266000049],[124.10217630400008,7.975056195000034],[124.09856618900005,7.978283065000027],[124.09693629500009,7.980997563000073],[124.09703980000008,7.985363481000038],[124.1143295060001,7.985754760000019],[124.11135055800004,8.021062870000035],[124.10883464400003,8.029945532000056],[124.1576227700001,8.033463527000038],[124.19412436100004,8.021356720000028],[124.19983534800008,8.042684118000066],[124.20099001400001,8.04498724600006],[124.19914510900004,8.04594719700003],[124.20079366000004,8.047726688000068],[124.21195258600004,8.048658225000056],[124.21087441800013,8.051223760000028],[124.21134505300006,8.056939356000042],[124.21049733000007,8.06146637300003],[124.21303287700006,8.065042869000022],[124.21234011800006,8.067705201000024],[124.21402398200006,8.069949968000058],[124.21675105200006,8.070671152000044],[124.22019024400004,8.06807835400002],[124.24688280200009,8.070378140000058],[124.24950018100004,8.06906251300006],[124.2520901690001,8.064774683000053],[124.2512266220001,8.063097405000066],[124.2531621710001,8.055727981000073],[124.25577013600004,8.055173368000055],[124.2710008780001,8.055116248000047],[124.27609531600002,8.057790393000062],[124.28842639200002,8.056473836000064],[124.3318176910001,8.073890680000034],[124.33603955800004,8.085551316000021],[124.33467847000009,8.09143978700007],[124.33770848200002,8.10247530300006],[124.34148048300005,8.10466609400004],[124.34257100700006,8.106904291000033],[124.34559443800005,8.106119776000071],[124.34645435300001,8.108785327000021],[124.34914519800009,8.109872677000057],[124.35054011800003,8.111545548000036],[124.35102228800008,8.114811684000076],[124.36438228500003,8.11554489300005],[124.36801546900006,8.116234302000066],[124.37075230900007,8.120671706000051],[124.37013901300008,8.12291144100004],[124.36832942800005,8.124975243000051],[124.37347789400009,8.12725930700003],[124.37231649000012,8.131049318000064],[124.36910534800006,8.141570363000026],[124.36768578500006,8.145419111000024],[124.36749275600005,8.147470209000064],[124.36887539100007,8.156649365000018],[124.37657102300012,8.158134573000043],[124.39575697900011,8.153384322000022],[124.40466894700012,8.141588292000051],[124.41393203700011,8.137323493000054],[124.42434456600006,8.133068508000065],[124.43277813100009,8.129124025000067],[124.43501488000004,8.128414759000064],[124.45554609600005,8.13293686700007],[124.48026881700002,8.162042287000075],[124.48542496300001,8.158723490000057],[124.48593303900007,8.157169235000026],[124.48426424600007,8.154716393000058],[124.48845093800003,8.153880645000072],[124.48853243100005,8.151465747000032],[124.49233314300011,8.151095891000068],[124.49305823400005,8.149550188000035],[124.4953237630001,8.149014575000022],[124.49892875400008,8.144089777000033],[124.55245870300007,8.14427602300003],[124.56705519500008,8.160145672000052]]]},"properties":{"adm1_psgc":1000000000,"adm2_psgc":1003500000,"adm2_en":"Lanao del Norte","geo_level":"Prov","len_crs":458248,"area_crs":2637532062,"len_km":458,"area_km2":2637},"id":1003500000},
{"type":"Feature","geometry":{"type":"Polygon","coordinates":[[[123.63310728800003,8.022003452000035],[123.64787110600003,8.020374760000037],[123.69263746100012,8.047725496000055],[123.72166107400005,8.045442757000046],[123.75740775600002,8.058852702000024],[123.78489137300005,8.080543299000055],[123.79019902400012,8.09957564700005],[123.80295484300008,8.10554189800007],[123.838435376,8.142206650000047],[123.84667178300005,8.137685934000048],[123.86886333600012,8.171613492000063],[123.86068267800009,8.236519101000058],[123.84886626,8.255254601000045],[123.84770710100008,8.311936256000024],[123.86303258800002,8.323309949000075],[123.84985969100002,8.340594121000034],[123.84488904300008,8.381623276000026],[123.83484291600007,8.40527785200004],[123.83619427100007,8.431295972000044],[123.81517418700004,8.456119415000042],[123.8177966510001,8.475291031000042],[123.78181930800008,8.50730002600005],[123.7834607870001,8.535465341000076],[123.74330885300002,8.579970411000032],[123.7475014810001,8.595565284000033],[123.7270602410001,8.602859820000049],[123.71244413700003,8.622072743000045],[123.68612932000009,8.641408583000043],[123.66569842400008,8.64523872600006],[123.65116912000008,8.634960857000065],[123.62108446600007,8.64838050000003],[123.61195903400007,8.669205422000061],[123.58018097700005,8.620813506000045],[123.57600543,8.588836525000032],[123.55660112700002,8.596665443000063],[123.55382672300004,8.61668256200005],[123.55500797000002,8.54618980500004],[123.55544989900011,8.528010728000027],[123.55647464900005,8.525687648000028],[123.55669766900007,8.501533075000054],[123.5595297530001,8.479864054000075],[123.55992607700011,8.418145149000056],[123.56012617100009,8.38488652600006],[123.56215758400005,8.350385730000026],[123.56326631800003,8.349367931000078],[123.56107968000003,8.34535582600006],[123.56652076700006,8.31217295600004],[123.5616897880001,8.296391554000026],[123.55831622200003,8.294802987000025],[123.55832580200001,8.28293743300003],[123.5587122930001,8.271139454000036],[123.5580271870001,8.24657892400006],[123.55807546900009,8.180193381000038],[123.55886134500008,8.158614197000077],[123.55976167200004,8.137865592000027],[123.56132506500013,8.102916367000034],[123.562114887,8.080917875000068],[123.5595406880001,8.053254052000055],[123.56027367500008,8.039169724000033],[123.5601702040001,8.034115892000047],[123.55939709200004,8.031882808000034],[123.56116852100001,8.029425604000041],[123.55987046300002,8.027339406000069],[123.56117891200006,8.02504065200003],[123.56318736300013,8.024828112000021],[123.56578789800005,8.023297030000036],[123.57146419300011,8.024862185000075],[123.57419799700006,8.026322996000031],[123.58008636800002,8.027296160000047],[123.58296573000005,8.026046626000038],[123.58746999100003,8.02698160500006],[123.58901087500011,8.030548466000031],[123.590266411,8.032003746000042],[123.59346231800009,8.031347443000072],[123.59524514200007,8.02575493300003],[123.59733164000012,8.026460477000056],[123.60114335100002,8.026000753000062],[123.60417647200006,8.030854807000024],[123.60729083700005,8.031633398000055],[123.60905291300004,8.029379581000054],[123.6165929550001,8.033723301000064],[123.62052689100007,8.033354495000026],[123.6229856000001,8.034829721000047],[123.623518321,8.031100678000026],[123.62716540700002,8.028478054000061],[123.63027977200011,8.030199151000033],[123.63417272900006,8.033846237000033],[123.63708220200012,8.032985688000053],[123.63868036300005,8.03011719400007],[123.63839351400009,8.026715979000073],[123.63359903000004,8.024380205000059],[123.63310728800003,8.022003452000035]]]},"properties":{"adm1_psgc":1000000000,"adm2_psgc":1004200000,"adm2_en":"Misamis Occidental","geo_level":"Prov","len_crs":355134,"area_crs":1869827112,"len_km":355,"area_km2":1869},"id":1004200000},
{"type":"Feature","geometry":{"type":"Polygon","coordinates":[[[125.1711042160001,8.582282192000035],[125.16985191500011,8.583769988000029],[125.17668482300007,8.58621155000003],[125.17904030000011,8.590774823000059],[125.1788604960001,8.592787745000068],[125.18227003400013,8.594165664000057],[125.18266549700002,8.59681716000006],[125.18111032900005,8.599744589000068],[125.183287887,8.602609648000055],[125.18519825800003,8.603682342000068],[125.18461524100007,8.60595652500007],[125.18210105900003,8.610940667000023],[125.18503593800006,8.613313103000053],[125.18775357100004,8.611918783000021],[125.18995620600002,8.615213761000064],[125.19180848700012,8.61565093000007],[125.19338500500008,8.61971369400004],[125.19719352200003,8.619972001000065],[125.20305637600005,8.627596468000036],[125.20553166900005,8.63040334500005],[125.20856676500011,8.631595164000032],[125.21156038100003,8.63410287700003],[125.21637303000011,8.637778240000046],[125.2187711160001,8.637112944000021],[125.22147953000001,8.642158856000036],[125.22517867800002,8.644824621000055],[125.22517628200002,8.649731131000065],[125.22719352400009,8.653439213000066],[125.23232988200004,8.658317296000062],[125.23601200600001,8.658347739000021],[125.23816320300011,8.659969919000048],[125.23747148100006,8.66185523200005],[125.23818136800003,8.664388096000037],[125.23595836200002,8.664623206000043],[125.23688039600007,8.666791462000049],[125.23964481000007,8.719439959000058],[125.23803710900008,8.759579658000064],[125.23621368400008,8.784649849000061],[125.23854246500002,8.796791481000074],[125.23933931000012,8.80891261500005],[125.24062347400002,8.820469856000043],[125.24109649700007,8.840640068000027],[125.26137840400008,8.84450479500003],[125.2586191900001,8.846165959000075],[125.25926280400006,8.848927350000055],[125.25342421900007,8.852864638000028],[125.2517356830001,8.858796077000024],[125.25157829800004,8.862631544000065],[125.25071738000008,8.866362703000052],[125.25483600200005,8.869821854000064],[125.24880849800002,8.877186598000037],[125.25146424900004,8.877785498000037],[125.24952957500011,8.88033097300007],[125.247643615,8.879599035000068],[125.24578181900006,8.882697505000069],[125.24503277100006,8.885747643000057],[125.24817144400002,8.887317042000065],[125.24527599800001,8.889814596000063],[125.24143893800012,8.888430039000069],[125.23947811000006,8.886515058000045],[125.23878288200001,8.890328354000074],[125.23687278900002,8.892312037000066],[125.23349295700007,8.890567495000026],[125.23253829400005,8.891520280000066],[125.23291228600009,8.897235144000033],[125.23485439500006,8.89884126700002],[125.23314540200012,8.901526278000064],[125.23464939400002,8.905542015000036],[125.23561028700009,8.909373744000051],[125.23273651900001,8.910684684000046],[125.228870733,8.909620203000031],[125.22795688400004,8.913410817000056],[125.2256579020001,8.911536145000072],[125.22574754100003,8.916267045000042],[125.21964288500011,8.916732202000048],[125.21733739500009,8.918829743000058],[125.22140040500007,8.921750022000028],[125.22092441900007,8.925460491000022],[125.22136127500005,8.928228521000053],[125.22030354100004,8.930951493000064],[125.21793693300005,8.929700679000062],[125.22316041300009,8.933280272000045],[125.22667079800011,8.93462646300003],[125.22746073000008,8.936979375000021],[125.2300972590001,8.937161742000054],[125.23125226000002,8.938433713000054],[125.22898550100001,8.941164352000042],[125.225405367,8.94015099200004],[125.2276999080001,8.943506092000062],[125.23122286800003,8.944712414000037],[125.23077900100009,8.949739101000036],[125.22574061400007,8.950329533000057],[125.22943297000006,8.954703625000036],[125.22804010900006,8.95652685500005],[125.22398067000006,8.958106570000043],[125.22654697000007,8.962047632000065],[125.22444407900002,8.96754260100005],[125.22912893600005,8.968336393000072],[125.2292964200001,8.974241294000025],[125.22675146400003,8.974923469000032],[125.22509306500001,8.973701049000057],[125.22384577800004,8.975714221000032],[125.21821321000004,8.980418897000048],[125.2196394770001,8.982678796000073],[125.2381393180001,8.987511528000027],[125.23081512700001,9.01511431700004],[125.21767746800005,9.03047378100007],[125.20772470700001,9.093653081000067],[125.19003049100003,9.082751125000074],[125.18120554700009,9.039784141000041],[125.184678071,9.027007557000044],[125.17151219900005,9.011065247000035],[125.18719025900008,8.950950840000077],[125.18527237600007,8.896002586000064],[125.16825396600007,8.876223119000032],[125.16470603900007,8.857571328000063],[125.1398696750001,8.841374854000033],[125.10921870400013,8.83201380600002],[125.07836957000008,8.828634423000038],[125.06624686600003,8.85715848500007],[125.04288927700009,8.87688115100002],[125.02443239400009,8.90138330000002],[125.02419575700003,8.919037900000035],[124.99040858500008,8.930832249000048],[124.97169967600007,8.950774705000073],[124.94149504300003,8.969586464000031],[124.90643206600011,8.981717815000023],[124.86746723000012,9.007835158000034],[124.82186043700007,9.005507119000072],[124.8015558190001,8.99713790100003],[124.77188966600009,8.965366043000074],[124.78925825500005,8.881165839000063],[124.78492533400002,8.855721543000072],[124.78822348800009,8.81777744900006],[124.76648258800004,8.776706213000066],[124.763853057,8.758848570000056],[124.77840198500009,8.731994030000065],[124.74480331800008,8.70504771900005],[124.73887134700011,8.673376284000026],[124.74253195700011,8.650144054000066],[124.76219613300009,8.642226882000044],[124.76022382400004,8.61249224200003],[124.77153775800002,8.59495872800005],[124.74569397200003,8.56430647700006],[124.74356281300004,8.526872075000027],[124.75347494200001,8.514413716000037],[124.74335184200004,8.494763295000041],[124.69960417900006,8.472190669000042],[124.66362067300007,8.48904077100002],[124.6632084800001,8.506194964000032],[124.61437136400002,8.520985807000045],[124.57766572700005,8.519007008000074],[124.56648540300013,8.540298479000056],[124.54349714100009,8.540649056000063],[124.53002221200008,8.558347559000028],[124.48580816800006,8.58747267800004],[124.47135184400007,8.591104107000035],[124.47922071200003,8.617134157000066],[124.45720933600013,8.624893131000022],[124.43951886800006,8.619838636000054],[124.40654432900011,8.59758217800004],[124.38521952100007,8.592748829000069],[124.34034795100003,8.551211414000022],[124.31225759000006,8.536184357000021],[124.30620991400006,8.504882266000036],[124.2837065430001,8.462324231000023],[124.28780621700001,8.421436948000066],[124.2828712160001,8.396561614000063],[124.26220121600011,8.377003195000043],[124.25723744600009,8.339774497000064],[124.24745302700002,8.332102494000024],[124.28643547900003,8.330000745000062],[124.30343307400005,8.311831809000067],[124.32793174200003,8.327967434000069],[124.36637374500003,8.314602319000073],[124.4547307570001,8.320203159000071],[124.47745729200005,8.304272188000027],[124.50703357400006,8.239915808000035],[124.52011239600004,8.172480796000059],[124.5356971560001,8.160570492000033],[124.56705519500008,8.160145672000052],[124.57186996300005,8.174131533000034],[124.57141243000002,8.214811578000024],[124.5645021910001,8.220771256000035],[124.58276749000004,8.253760912000073],[124.5856981410001,8.289942023000037],[124.60475992700003,8.321158559000025],[124.60095435200004,8.341523851000034],[124.61330911000006,8.39789292100005],[124.62696749800011,8.41809568000002],[124.77101278400005,8.421980772000042],[124.79184968700007,8.425546736000056],[124.7888894550001,8.442748745000074],[124.80294577500003,8.464117050000025],[124.78466056600007,8.48069747200003],[124.79487842600008,8.50679776100003],[124.8326646160001,8.516467929000045],[124.84700197600012,8.53934502800007],[124.84556848500006,8.557733292000021],[124.85954455500007,8.587543229000064],[124.87082259400007,8.583962324000026],[124.9095479680001,8.599141823000025],[124.9577568630001,8.598802371000035],[125.02576683100004,8.609349439000026],[125.03110151400007,8.590509733000033],[125.091972703,8.583274949000044],[125.1711042160001,8.582282192000035]]]},"properties":{"adm1_psgc":1000000000,"adm2_psgc":1004300000,"adm2_en":"Misamis Oriental","geo_level":"Prov","len_crs":608569,"area_crs":3379113318,"len_km":608,"area_km2":3379},"id":1004300000},
{"type":"Feature","geometry":{"type":"MultiPolygon","coordinates":[[[[125.66104503500003,7.998152495000054],[125.37938892500007,8.003247176000059],[125.38635865800006,7.984359599000071],[125.41511766700012,7.938313313000037],[125.42010363000009,7.909866804000046],[125.41546448800013,7.864332150000053],[125.41674638100007,7.832860448000073],[125.41591435600003,7.824858037000069],[125.43209521600012,7.78720535900004],[125.43279844300002,7.76078411700007],[125.44083203100001,7.743106942000054],[125.43812369000011,7.719951453000022],[125.42437487600013,7.684201312000026],[125.4246658310001,7.644324136000024],[125.42456248600001,7.622786366000068],[125.35360549600011,7.623267940000063],[125.33536292100005,7.635943137000023],[125.30941261700004,7.629251290000071],[125.32432367400008,7.601914351000064],[125.32590265800002,7.565047433000073],[125.5436054380001,7.565447],[125.543806366,7.425852213000042],[125.55773789200008,7.412268592000032],[125.54633759300009,7.392154386000072],[125.54158155000006,7.362852275000023],[125.54851244200005,7.345220359000052],[125.5522667990001,7.242435550000036],[125.54917472900001,7.220802462000051],[125.58313921400008,7.223487898000031],[125.61649393300002,7.239081308000038],[125.623197376,7.264272240000025],[125.66284567100001,7.281553946000027],[125.68045380800005,7.262678134000055],[125.6970212550001,7.293895333000023],[125.7337292850001,7.310027279000054],[125.7424598360001,7.324189626000019],[125.7813045790001,7.341353128000036],[125.81150969200007,7.365261306000036],[125.83778830900009,7.363140017000034],[125.83422100900009,7.393685671000071],[125.84431742200002,7.407439726000061],[125.82785462400012,7.430695592000062],[125.83295698500002,7.46168665600004],[125.8642940950001,7.481977247000032],[125.84667442800003,7.521572582000033],[125.89306076600008,7.532479626000053],[125.90153882400013,7.594425029000034],[125.92995778500007,7.596336785000059],[125.93915253400007,7.647606342000074],[125.90295232700011,7.692085229000041],[125.92529739200006,7.723263263000035],[125.91480631700006,7.739919523000027],[125.89558431600007,7.745094677000053],[125.89587910200011,7.762153200000057],[125.85876282200003,7.742561555000067],[125.85030166000001,7.744294797000066],[125.81019544700005,7.681409558000042],[125.7850962220001,7.69076671700003],[125.76837781400003,7.727143002000047],[125.73018467700003,7.757185805000062],[125.72408119500005,7.814953669000033],[125.69132947800004,7.834972973000049],[125.66675715500003,7.841694446000075],[125.66708567500005,7.873370888000066],[125.65827984300007,7.964692333000071],[125.66104503500003,7.998152495000054]]],[[[125.76498552900011,6.892525891000046],[125.77711839400001,6.921018007000043],[125.79258688400012,6.936964027000045],[125.78654230800008,6.993453024000074],[125.7756050920001,7.033305506000032],[125.7826902390001,7.085211944000034],[125.79789622600002,7.114306319000036],[125.78636647000008,7.138773157000058],[125.75768096000003,7.165388940000072],[125.72956774300008,7.171475907000058],[125.71935055600011,7.194255590000069],[125.69313327800012,7.183835284000055],[125.68663956600005,7.136330145000046],[125.66350314700003,7.107207183000071],[125.67231217800007,7.070758029000044],[125.71250862700003,7.069018008000057],[125.72219294600006,7.042339422000055],[125.72821024400002,6.978933307000034],[125.72276218600008,6.964787366000051],[125.76498552900011,6.892525891000046]]],[[[125.71244108200007,6.897945551000022],[125.72459089300004,6.922144847000027],[125.70444989400006,6.959479605000069],[125.68182458,6.961800441000037],[125.66861877300005,6.949085142000058],[125.69164071400006,6.903923960000043],[125.71244108200007,6.897945551000022]]]]},"properties":{"adm1_psgc":1100000000,"adm2_psgc":1102300000,"adm2_en":"Davao del Norte","geo_level":"Prov","len_crs":539322,"area_crs":3249633408,"len_km":539,"area_km2":3249},"id":1102300000},
{"type":"Feature","geometry":{"type":"Polygon","coordinates":[[[125.68045380800005,7.262678134000055],[125.66284567100001,7.281553946000027],[125.623197376,7.264272240000025],[125.61649393300002,7.239081308000038],[125.58313921400008,7.223487898000031],[125.54917472900001,7.220802462000051],[125.5522667990001,7.242435550000036],[125.54851244200005,7.345220359000052],[125.54158155000006,7.362852275000023],[125.54633759300009,7.392154386000072],[125.55773789200008,7.412268592000032],[125.543806366,7.425852213000042],[125.5436054380001,7.565447],[125.32590265800002,7.565047433000073],[125.26559191100012,7.564791229000035],[125.26359983300007,7.506819022000058],[125.23062998900004,7.500939476000043],[125.22941389100005,7.491877260000024],[125.23077495300004,7.479554215000065],[125.22438033900005,7.470182109000064],[125.23276739200003,7.456921012000065],[125.23169320200007,7.445823070000078],[125.2325044490001,7.428194494000024],[125.23968463900007,7.422432509000035],[125.24066974300001,7.41405912500005],[125.23338329300009,7.404153070000062],[125.25465393400007,7.397672793000027],[125.25976009900012,7.386368182000068],[125.27315434800006,7.380178058000067],[125.27566577000005,7.374365237000062],[125.23120292600004,7.356423014000031],[125.2282078090001,7.350219352000066],[125.22968957400009,7.343004665000024],[125.23763548300009,7.335027373000059],[125.23898907600005,7.327812585000062],[125.23682435800004,7.319785068000046],[125.24400831100002,7.307018166000034],[125.24556450100009,7.290480540000034],[125.255211141,7.259347723000076],[125.24195590300008,7.24610506500005],[125.23823557000004,7.233013491000065],[125.22887153900001,7.227272042000038],[125.22347184200011,7.210867900000039],[125.22670455100003,7.196062693000043],[125.22876936500006,7.175858360000063],[125.2456706260001,7.157440583000038],[125.25840456700007,7.147365287000071],[125.28864640400002,7.115205566000043],[125.29163036900002,7.105673260000061],[125.28647233700009,7.091330333000029],[125.28837232100012,7.087305624000066],[125.28777727600004,7.071677779000026],[125.29225287600002,7.059210654000026],[125.28739518400005,7.047390270000049],[125.29176710700006,7.03411257700003],[125.28010864600003,7.032493347000071],[125.2747651840001,7.029092962000049],[125.25922056900002,7.029416808000065],[125.25841095300008,7.01694873100007],[125.25128633800011,7.015653347000068],[125.255658261,7.007557193000022],[125.23444384300002,6.966086493000033],[125.22693521800012,6.952875224000024],[125.21920787200007,6.946144954000031],[125.21895860300003,6.939663954000025],[125.212976141,6.936672724000061],[125.21272687200008,6.928197570000066],[125.20574733400007,6.92196583900005],[125.20624587200007,6.914986300000065],[125.1999536940001,6.910421119000034],[125.19937439800002,6.904489128000022],[125.18978125700006,6.897514404000049],[125.18526274900012,6.890238447000057],[125.1737695170001,6.883750332000035],[125.16494104600008,6.881363633000035],[125.1638983130001,6.872071726000058],[125.1511111110001,6.853430975000037],[125.12744797300003,6.857832247000032],[125.10797823900008,6.843703591000064],[125.0909345780001,6.83716444600003],[125.07512522800003,6.831541591000074],[125.07959534100007,6.824703394000039],[125.07380209900009,6.815527910000071],[125.07380070200009,6.805397108000022],[125.08494722300009,6.793714665000038],[125.05776012800006,6.784899115000029],[125.05165613700002,6.766668955000056],[125.07269549600005,6.760706457000026],[125.0613598220001,6.706818434000071],[125.0467900320001,6.668458753000038],[125.0620551310001,6.662469097000042],[125.06539627400002,6.613306554000077],[125.09180406200004,6.567451061000043],[125.11338512300007,6.545767720000072],[125.12126067600002,6.547711038000045],[125.14043474600011,6.520380430000044],[125.11874252500003,6.501291276000075],[125.09799452200002,6.498286680000035],[125.10826968200001,6.451471095000045],[125.10770072100001,6.43610916700004],[125.13301945500005,6.431130764000045],[125.16662019500005,6.447406933000024],[125.22126480300007,6.465624483000056],[125.22740243600003,6.461980236000044],[125.23690544200008,6.438149188000068],[125.24867405900012,6.434868996000035],[125.25815475200012,6.446142059000067],[125.27615682900012,6.447886938000067],[125.27951313700011,6.45456173100007],[125.30691262300002,6.454622409000024],[125.305002607,6.462712376000069],[125.30705058400007,6.470638149000024],[125.31773737900006,6.478059776000065],[125.3269444440001,6.490361111000027],[125.33333333300004,6.488472222000041],[125.34045833300003,6.49375],[125.34486111100011,6.507361111000023],[125.34560552000005,6.523879788000044],[125.33738888900007,6.536666667000078],[125.34416666700008,6.537638889000049],[125.3616805910001,6.535020209000038],[125.36483333300009,6.524861111000063],[125.37786111100002,6.513361111000052],[125.39320607100002,6.503467441000057],[125.40581366500008,6.480592692000072],[125.4346633470001,6.511950780000064],[125.41969444400002,6.518777778000072],[125.42193480900006,6.536709744000063],[125.45336111100005,6.548694444000033],[125.44089168800008,6.578166558000019],[125.41227193600002,6.598595941000042],[125.38750600900005,6.605690275000029],[125.38151545700008,6.651226914000063],[125.38373581800012,6.678842401000053],[125.37276643300004,6.724317836000067],[125.39094663700008,6.756689004000064],[125.39076747800003,6.802989452000078],[125.41934151000008,6.833297333000075],[125.4184285560001,6.846591540000078],[125.43947244700007,6.86730815900006],[125.45193417200004,6.870429259000047],[125.45563166900001,6.894710296000027],[125.48428446600009,6.911791173000038],[125.49027346100002,6.934586987000046],[125.48382665900012,6.964834743000041],[125.48904228300012,6.984360566000021],[125.53634369500003,7.039341186000057],[125.55877940800009,7.046239184000057],[125.57989949700004,7.040490185000067],[125.60752460900005,7.045080675000065],[125.62658334000002,7.081537714000033],[125.65002447600013,7.097458451000023],[125.66294121700003,7.121591885000043],[125.66253606100008,7.154801451000025],[125.6465141000001,7.212164260000065],[125.64773308000008,7.237239483000055],[125.68045380800005,7.262678134000055]]]},"properties":{"adm1_psgc":1100000000,"adm2_psgc":1102400000,"adm2_en":"Davao del Sur","geo_level":"Prov","len_crs":536861,"area_crs":4266229746,"len_km":536,"area_km2":4266},"id":1102400000},
{"type":"Feature","geometry":{"type":"Polygon","coordinates":[[[125.94416025200007,7.074209494000057],[125.94730005600002,7.057712949000063],[125.98186920800005,7.029746305000058],[125.98856673700004,7.001279776000048],[125.972405277,6.950752799000041],[125.97700497500011,6.927888108000047],[125.99731551800006,6.899009205000026],[126.0236589200001,6.874838374000034],[126.05834408500006,6.865787070000067],[126.07794165300004,6.851106154000035],[126.07718881200003,6.830345021000029],[126.08583664600009,6.804613563000034],[126.07933704500012,6.751908714000023],[126.09750583100003,6.737817301000063],[126.06934339700001,6.650251584000045],[126.0876793960001,6.590970937000066],[126.08980167100005,6.555457553000053],[126.08368159500002,6.531449433000033],[126.10107533100006,6.48329439100007],[126.11728033200006,6.457279799000047],[126.15064535900002,6.419124764000061],[126.14103329300008,6.388855590000047],[126.16040673700003,6.371421561000033],[126.1886107040001,6.333341176000033],[126.19950775900008,6.338505962000055],[126.19942983700003,6.39650066200005],[126.21275321400005,6.425550161000047],[126.22571853900003,6.43626030200005],[126.21501622900006,6.465685872000051],[126.21264260700003,6.513795],[126.22888808200004,6.53096305500003],[126.22896558100001,6.572348308000074],[126.22031676700011,6.633980877000056],[126.22954328100003,6.670272906000037],[126.2469066430001,6.707280043000026],[126.25927703600006,6.756330677000052],[126.21159198600003,6.813486022000063],[126.18574903100013,6.848331759000075],[126.16771237800005,6.886854116000054],[126.18602943400003,6.913437614000031],[126.18660308100004,6.938958797000055],[126.21045153500008,6.953778710000051],[126.23989834600002,6.938060834000055],[126.26993657400011,6.91116792300005],[126.27784770400002,6.883718679000026],[126.30100434900011,6.862788090000036],[126.2880989780001,6.822156808000044],[126.30138753100003,6.806892362000042],[126.33845791400006,6.798632217000033],[126.35231460400007,6.807147201000022],[126.34507157900009,6.822898883000051],[126.34657269500009,6.854129308000039],[126.32353677900005,6.880647128000022],[126.29017270900012,6.904024326000068],[126.28281170600006,6.929769794000036],[126.30737103700005,6.939542729000038],[126.31390373100011,6.97304640300007],[126.33660481700008,7.004884472000072],[126.36577311600003,6.99245402200006],[126.3957120110001,6.991226700000027],[126.4461697160001,7.01532088600004],[126.45517778700003,7.060106697000039],[126.46949852000013,7.06897340200004],[126.48416399200006,7.114489955000066],[126.51665641700004,7.125736692000033],[126.53386538400002,7.206263027000035],[126.56274366100001,7.211265379000054],[126.56443365300005,7.233821045000069],[126.58068932600008,7.245519928000019],[126.59877445500003,7.270336419000045],[126.5958162610001,7.295391891000065],[126.56661609800005,7.287531385000023],[126.55143929200007,7.314989901000047],[126.56897137800001,7.326725988000022],[126.55435183100008,7.348944388000064],[126.55649618200005,7.399984193000024],[126.54814016800005,7.423811857000035],[126.557638547,7.446586709000033],[126.59472396700005,7.448869468000056],[126.598498134,7.507820792000075],[126.58413824000002,7.550743822000072],[126.55955280400008,7.577617847000056],[126.56537393700013,7.617633230000022],[126.55307112600009,7.638233220000077],[126.55117896500008,7.69375517800006],[126.55767698300008,7.718362968000066],[126.53232204500013,7.74035260200003],[126.50717745700001,7.735846406000065],[126.48852379000004,7.749952541000026],[126.44667438400008,7.80928870400004],[126.42584941100004,7.809918707000065],[126.414445235,7.827408155000058],[126.38423824900006,7.828845454000029],[126.3743404070001,7.854289967000056],[126.38179149600013,7.868069730000061],[126.35931863400005,7.886346029000036],[126.36550497400002,7.920009265000032],[126.35998800100002,7.920533934000047],[126.3557873630001,7.922215789000062],[126.35124641100005,7.933008011000028],[126.35158064300003,8.00206593700005],[126.22779055100011,8.000190630000077],[126.22592426400001,7.998747459000072],[126.22364725800004,7.995343111000067],[126.21589924800004,7.99306783000003],[126.21568229300011,7.990368455000064],[126.20801406400005,7.991323915000066],[126.20727459800003,7.988712683000075],[126.20766344900005,7.985745608000057],[126.19422643300004,7.978687492000061],[126.19292566500008,7.982601449000073],[126.19216454100001,7.986075784000035],[126.18511510500002,7.986301443000058],[126.17839152800003,7.987314421000065],[126.17304833200002,7.983161117000066],[126.16012241300008,7.983052126000072],[126.15861512400012,7.985128843000039],[126.15907559900006,7.987669895000067],[126.15782097100008,7.990592368000023],[126.14760207400003,7.971480866000034],[126.1828646560001,7.873750924000033],[126.20645035000007,7.799788283000054],[126.23069500500002,7.754527685000027],[126.30535911300002,7.605415887000051],[126.25783860800003,7.612799884000027],[126.28056005700013,7.521076920000042],[126.28090119500007,7.502053981000073],[126.29220999300003,7.447326987000054],[126.29403068900001,7.351496064000058],[126.29757143800008,7.272718882000049],[126.2978371910001,7.192100851000021],[126.27961001100006,7.216951832000062],[126.2065500000001,7.22558],[126.0940700000001,7.164266],[126.0594930000001,7.148784],[125.960878266,7.09757462300007],[125.94416025200007,7.074209494000057]]]},"properties":{"adm1_psgc":1100000000,"adm2_psgc":1102500000,"adm2_en":"Davao Oriental","geo_level":"Prov","len_crs":798352,"area_crs":5001466871,"len_km":798,"area_km2":5001},"id":1102500000},
{"type":"Feature","geometry":{"type":"Polygon","coordinates":[[[126.15782097100008,7.990592368000023],[126.15518239000005,7.99112492300003],[126.14890312400009,7.991932462000022],[126.1482745190001,7.995644436000021],[126.14326147700001,7.994951053000022],[126.13117717300008,7.988562668000043],[126.11269120100009,7.982457178000059],[126.09778320200009,7.971740013000044],[126.08314966400008,7.963567916000043],[126.08243618600012,7.96142553100003],[126.07656623700008,7.96007126400002],[126.07292436000012,7.957943758000056],[126.06821402600008,7.953160275000072],[126.06537465500001,7.952303697000048],[126.04489698100008,7.932641297000036],[126.03329698000005,7.931941297000035],[126.00489698100013,7.947741297000049],[125.9850969800001,7.977341296000077],[125.98004201000003,7.998677944000063],[125.911491,7.999984],[125.9175223090001,7.964770265000026],[125.90086608200012,7.930862946000047],[125.87623866000003,7.936216733000037],[125.85149226600005,7.96714972600006],[125.80568764200005,7.970124052000074],[125.78558119600008,7.948708904000059],[125.77558746000011,7.95192117500005],[125.7522891100001,7.983229664000022],[125.75254004100007,7.99848044400005],[125.66104503500003,7.998152495000054],[125.65827984300007,7.964692333000071],[125.66708567500005,7.873370888000066],[125.66675715500003,7.841694446000075],[125.69132947800004,7.834972973000049],[125.72408119500005,7.814953669000033],[125.73018467700003,7.757185805000062],[125.76837781400003,7.727143002000047],[125.7850962220001,7.69076671700003],[125.81019544700005,7.681409558000042],[125.85030166000001,7.744294797000066],[125.85876282200003,7.742561555000067],[125.89587910200011,7.762153200000057],[125.89558431600007,7.745094677000053],[125.91480631700006,7.739919523000027],[125.92529739200006,7.723263263000035],[125.90295232700011,7.692085229000041],[125.93915253400007,7.647606342000074],[125.92995778500007,7.596336785000059],[125.90153882400013,7.594425029000034],[125.89306076600008,7.532479626000053],[125.84667442800003,7.521572582000033],[125.8642940950001,7.481977247000032],[125.83295698500002,7.46168665600004],[125.82785462400012,7.430695592000062],[125.84431742200002,7.407439726000061],[125.83422100900009,7.393685671000071],[125.83778830900009,7.363140017000034],[125.85158768300005,7.361243749000039],[125.85582841500002,7.342198617000064],[125.84576017400002,7.321029299000029],[125.84773731300004,7.291566374000068],[125.84052844200004,7.28637475000005],[125.83778266200011,7.25455086900007],[125.85210659600011,7.229130933000022],[125.87308573100006,7.204925561000041],[125.87372264700002,7.182719443000053],[125.89265823700008,7.165371565000043],[125.8838858480001,7.126444627000069],[125.91277349400002,7.090637616000038],[125.94416025200007,7.074209494000057],[125.960878266,7.09757462300007],[126.0594930000001,7.148784],[126.0940700000001,7.164266],[126.2065500000001,7.22558],[126.27961001100006,7.216951832000062],[126.2978371910001,7.192100851000021],[126.29757143800008,7.272718882000049],[126.29403068900001,7.351496064000058],[126.29220999300003,7.447326987000054],[126.28090119500007,7.502053981000073],[126.28056005700013,7.521076920000042],[126.25783860800003,7.612799884000027],[126.30535911300002,7.605415887000051],[126.23069500500002,7.754527685000027],[126.20645035000007,7.799788283000054],[126.1828646560001,7.873750924000033],[126.14760207400003,7.971480866000034],[126.15782097100008,7.990592368000023]]]},"properties":{"adm1_psgc":1100000000,"adm2_psgc":1108200000,"adm2_en":"Davao de Oro","geo_level":"Prov","len_crs":448972,"area_crs":4360033862,"len_km":448,"area_km2":4360},"id":1108200000},
{"type":"Feature","geometry":{"type":"MultiPolygon","coordinates":[[[[125.40581366500008,6.480592692000072],[125.40146279600003,6.476566932000027],[125.40350141300007,6.418259113000034],[125.4220111390001,6.379773627000018],[125.42545114400004,6.32412265100004],[125.43311454100002,6.322054578000063],[125.44981394700007,6.321552420000047],[125.47366583400003,6.295944447000067],[125.47883417800006,6.275251228000058],[125.50458349500002,6.229850343000067],[125.50283964800009,6.208429661000025],[125.50715002400011,6.149780337000037],[125.52167634600004,6.117176565000022],[125.53308971000001,6.107229305000032],[125.53856638300012,6.070512974000053],[125.50364158400009,5.995895405000056],[125.4946353270001,5.938296137000066],[125.48104653300004,5.908264889000064],[125.48410896200005,5.897412860000031],[125.48305196200009,5.89050359600003],[125.4870950840001,5.878431175000058],[125.48620186100004,5.86137618500004],[125.48092489200006,5.847181909000028],[125.48315330700007,5.837673675000077],[125.4734340130001,5.818024695000075],[125.46687154500013,5.816125970000031],[125.45862436200004,5.784236301000021],[125.42715560500005,5.726884627000061],[125.39701450600013,5.679604112000049],[125.39418835800006,5.649428832000068],[125.37147116000004,5.632079210000027],[125.35610449100011,5.61690528500003],[125.34722164700008,5.611344183000027],[125.34213702800002,5.61147495900002],[125.33177563600009,5.606713653000043],[125.32531999900004,5.587923699000044],[125.32805954400008,5.585563828000033],[125.32272246600007,5.571626573000059],[125.31703192600003,5.568640287000051],[125.33281458800003,5.555971246000068],[125.35219830200003,5.567698441000059],[125.37572897700011,5.558642001000067],[125.41085334200011,5.572679852000021],[125.4310014900001,5.610886056000028],[125.47415259800005,5.667702097000074],[125.48402184600002,5.695694415000047],[125.49875272100007,5.716142570000043],[125.51289608600007,5.748675381000054],[125.52135121300012,5.752588500000059],[125.54726101400003,5.790722785000072],[125.56436583400013,5.802915965000068],[125.56933691700009,5.817814376000059],[125.59849818100008,5.845991628000035],[125.60236369700011,5.860074638000071],[125.6233730120001,5.871269813000026],[125.63467076300005,5.897902617000056],[125.66078136500005,5.920500364000021],[125.66555998000001,5.949469932000055],[125.68553295100003,5.97181318400004],[125.7016896560001,6.024004225000055],[125.70050470300009,6.067985257000031],[125.71411182700001,6.098545865000061],[125.70439270200008,6.119370658000038],[125.71137163100003,6.159463659000039],[125.6983104740001,6.220228052000037],[125.68491216600012,6.25237142900005],[125.6555851190001,6.297396827000056],[125.65327189700008,6.323578428000075],[125.63942391500007,6.360645023000074],[125.61925731300005,6.388425571000028],[125.62010442100008,6.404829689000052],[125.59848698800009,6.431701910000071],[125.58277645200009,6.438834792000021],[125.5892808320001,6.488884520000056],[125.56517487800011,6.502603265000061],[125.56718560200011,6.530091382000022],[125.55333604700002,6.533526847000076],[125.52132541800007,6.520707870000023],[125.51030212700006,6.555137063000075],[125.48139491200003,6.572665507000067],[125.47097109900007,6.592117026000039],[125.44915906400003,6.593265336000059],[125.44089168800008,6.578166558000019],[125.45336111100005,6.548694444000033],[125.42193480900006,6.536709744000063],[125.41969444400002,6.518777778000072],[125.4346633470001,6.511950780000064],[125.40581366500008,6.480592692000072]]],[[[125.45972254000002,5.43782902700002],[125.47860548200005,5.393207528000064],[125.49305703900006,5.42318787100004],[125.49934387900011,5.468342243000053],[125.49615391100008,5.482319788000041],[125.47828934100005,5.495731012000022],[125.4556433570001,5.463905495000063],[125.45972254000002,5.43782902700002]]],[[[125.33296302600002,5.386859765000053],[125.349276701,5.372178289000033],[125.37378352700011,5.366800480000051],[125.40274504500006,5.374645878000023],[125.42610150700013,5.374336642000059],[125.421079415,5.403002686000035],[125.42954045500005,5.419596745000035],[125.39263732200006,5.436203615000067],[125.36954804100003,5.429019107000045],[125.33296302600002,5.386859765000053]]]]},"properties":{"adm1_psgc":1100000000,"adm2_psgc":1108600000,"adm2_en":"Davao Occidental","geo_level":"Prov","len_crs":484381,"area_crs":1962772649,"len_km":484,"area_km2":1962},"id":1108600000},
{"type":"Feature","geometry":{"type":"Polygon","coordinates":[[[121.11067267300007,17.68489226900004],[121.07739161500001,17.84277529200006],[121.00246603900007,17.853323841000076],[120.9312599850001,17.973635974000043],[120.82604262300005,17.95475861500006],[120.69086868800002,17.83457964200005],[120.6022255060001,17.809284779000055],[120.49781832400004,17.625130266000042],[120.47441593400005,17.484247811000042],[120.56549074100006,17.50175551600006],[120.56675985500011,17.30715998400006],[120.67840099500005,17.25683886900003],[120.68144676200005,17.18662150900008],[120.80474638400005,17.17126978500005],[120.91189962700004,17.24891692500006],[120.9993776120001,17.432616061000033],[120.99977919000003,17.49486090800007],[121.10902357500004,17.553992790000052],[121.11067267300007,17.68489226900004]]]},"properties":{"adm1_psgc":1400000000,"adm2_psgc":1400100000,"adm2_en":"Abra","geo_level":"Prov","len_crs":286954,"area_crs":3928807754,"len_km":286,"area_km2":3928},"id":1400100000},
{"type":"Feature","geometry":{"type":"Polygon","coordinates":[[[120.78527385300004,16.92133500700004],[120.669563,16.911981],[120.58601613200004,16.836661373000027],[120.57452221100006,16.67126486700004],[120.4673463900001,16.502706239000076],[120.4690371590001,16.37975687500005],[120.52020294500007,16.23344136100007],[120.628418151,16.18062420900003],[120.76896590800004,16.19803365700005],[120.84552298100004,16.319500078000026],[120.92950614800007,16.600053544000048],[120.89301445400008,16.821064410000073],[120.78527385300004,16.92133500700004]]]},"properties":{"adm1_psgc":1400000000,"adm2_psgc":1401100000,"adm2_en":"Benguet","geo_level":"Prov","len_crs":239663,"area_crs":2834910329,"len_km":239,"area_km2":2834},"id":1401100000},
{"type":"Feature","geometry":{"type":"Polygon","coordinates":[[[121.567500181,17.07905657500004],[121.3732209000001,17.073493161000048],[121.24493761800012,17.00585070000005],[121.07499735600004,17.00294048700004],[120.97198735700012,16.968866439000067],[120.89301445400008,16.821064410000073],[120.92950614800007,16.600053544000048],[120.98371653300002,16.56947082300007],[121.1354977630001,16.644747052000074],[121.25928948300007,16.65178447000005],[121.3317466100001,16.76486086100004],[121.52132234000011,16.838934767000065],[121.56822243500005,16.909511535000032],[121.567500181,17.07905657500004]]]},"properties":{"adm1_psgc":1400000000,"adm2_psgc":1402700000,"adm2_en":"Ifugao","geo_level":"Prov","len_crs":241017,"area_crs":2506937851,"len_km":241,"area_km2":2506},"id":1402700000},
{"type":"Feature","geometry":{"type":"Polygon","coordinates":[[[121.53451524700006,17.269512453000065],[121.64723067800004,17.50048373000004],[121.43655489200012,17.693226160000044],[121.37117822500011,17.64169464300005],[121.26614798600009,17.683203898000045],[121.2177268370001,17.635887005000026],[121.11067267300007,17.68489226900004],[121.10902357500004,17.553992790000052],[120.99977919000003,17.49486090800007],[120.9993776120001,17.432616061000033],[120.91189962700004,17.24891692500006],[121.06882539600008,17.22944478000005],[121.19969630500009,17.174169696000032],[121.40660645200002,17.285513354000045],[121.53451524700006,17.269512453000065]]]},"properties":{"adm1_psgc":1400000000,"adm2_psgc":1403200000,"adm2_en":"Kalinga","geo_level":"Prov","len_crs":271958,"area_crs":2825184043,"len_km":271,"area_km2":2825},"id":1403200000},
{"type":"Feature","geometry":{"type":"Polygon","coordinates":[[[121.53451524700006,17.269512453000065],[121.40660645200002,17.285513354000045],[121.19969630500009,17.174169696000032],[121.06882539600008,17.22944478000005],[120.91189962700004,17.24891692500006],[120.80474638400005,17.17126978500005],[120.76761284700002,17.066790583000053],[120.78527385300004,16.92133500700004],[120.89301445400008,16.821064410000073],[120.97198735700012,16.968866439000067],[121.07499735600004,17.00294048700004],[121.24493761800012,17.00585070000005],[121.3732209000001,17.073493161000048],[121.567500181,17.07905657500004],[121.53451524700006,17.269512453000065]]]},"properties":{"adm1_psgc":1400000000,"adm2_psgc":1404400000,"adm2_en":"Mountain Province","geo_level":"Prov","len_crs":260383,"area_crs":2112907213,"len_km":260,"area_km2":2112},"id":1404400000},
{"type":"Feature","geometry":{"type":"Polygon","coordinates":[[[121.43655489200012,17.693226160000044],[121.35745211900009,17.922368543000058],[121.31511820900005,17.97078315600004],[121.36446941600003,18.061619119000056],[121.46035909600005,18.049410337000037],[121.48948360700003,18.23884498300003],[121.4023827430001,18.340896047000054],[121.22654139600003,18.43647132900003],[121.15600338400009,18.543774998000064],[121.06136538900012,18.539197991000037],[120.95867309800006,18.46320241200004],[120.91666636100001,18.28456025600007],[120.97006946800002,18.18186392000007],[120.92814130400008,18.088193385000068],[120.9312599850001,17.973635974000043],[121.00246603900007,17.853323841000076],[121.07739161500001,17.84277529200006],[121.11067267300007,17.68489226900004],[121.2177268370001,17.635887005000026],[121.26614798600009,17.683203898000045],[121.37117822500011,17.64169464300005],[121.43655489200012,17.693226160000044]]]},"properties":{"adm1_psgc":1400000000,"adm2_psgc":1408100000,"adm2_en":"Apayao","geo_level":"Prov","len_crs":348199,"area_crs":3989271372,"len_km":348,"area_km2":3989},"id":1408100000},
{"type":"Feature","geometry":{"type":"Polygon","coordinates":[[[120.99197344400011,14.636527028000048],[120.95779251100011,14.633909253000073],[120.95903865900003,14.584665776000065],[120.97942024000008,14.575287630000043],[120.98589039800005,14.560101142000061],[121.01761120300011,14.579408116000026],[121.02346203800005,14.599584719000067],[120.98988594100001,14.62564046500006],[120.99197344400011,14.636527028000048]]]},"properties":{"adm1_psgc":1300000000,"adm2_psgc":1303900000,"adm2_en":"NCR","geo_level":"Dist","len_crs":65456,"area_crs":41975413,"len_km":65,"area_km2":41},"id":1303900000},
{"type":"Feature","geometry":{"type":"Polygon","coordinates":[[[121.1033378410001,14.531997657000032],[121.10700168300002,14.545701014000032],[121.10564045200012,14.550432530000025],[121.09812230000013,14.554700033000076],[121.09808476800005,14.562368499000058],[121.0968965510001,14.569254547000074],[121.1009745340001,14.574820267000064],[121.10905753300005,14.580946777000065],[121.10864271800007,14.587715427000031],[121.10495984200008,14.621358134000042],[121.10383662500008,14.626708193000074],[121.10549838300007,14.632654354000065],[121.11207000800005,14.63616927600003],[121.11583293700004,14.638273890000052],[121.1190631940001,14.635478176000046],[121.12376552,14.637800583000056],[121.13011307700005,14.635690105000036],[121.13120663300003,14.66783240300003],[121.1261471470001,14.66997417700003],[121.1218227620001,14.666384891000062],[121.11938816800013,14.67146036300005],[121.11188912900003,14.671163089000059],[121.10676618800005,14.675521389000039],[121.1121687010001,14.684747919000074],[121.11146916300005,14.69566768200002],[121.1188702610001,14.69748591500007],[121.1204377690001,14.701429566000058],[121.11640583700012,14.705626875000062],[121.11791254900004,14.712185830000061],[121.12461778900001,14.70874460200002],[121.1258152700001,14.72139937300005],[121.13098795500002,14.722917543000053],[121.12926705300002,14.728125032000037],[121.12169877500003,14.725227084000041],[121.11802297800013,14.729928850000022],[121.12234659300009,14.738127089000043],[121.11763655500012,14.740768134000062],[121.11822157000006,14.749419337000065],[121.12049246400011,14.751638564000077],[121.12163560400006,14.757725479000044],[121.12537554800008,14.760804572000037],[121.12478007000006,14.766289029000061],[121.1321174950001,14.776390408000054],[121.12119922200007,14.776029560000044],[121.114652653,14.77216348600007],[121.10968224500004,14.763837527000021],[121.10491462400012,14.762656063000062],[121.09972917900006,14.765222305000064],[121.0750391780001,14.74019406700006],[121.04083690900006,14.742111187000035],[121.01443080000003,14.719158309000022],[121.02265398600002,14.687140174000033],[121.00549789400009,14.67190995900006],[120.99197344400011,14.636527028000048],[120.98988594100001,14.62564046500006],[121.02346203800005,14.599584719000067],[121.01761120300011,14.579408116000026],[121.0332202510001,14.568020304000068],[121.05041966400006,14.568402103000038],[121.1033378410001,14.531997657000032]]]},"properties":{"adm1_psgc":1300000000,"adm2_psgc":1307400000,"adm2_en":"NCR","geo_level":"Dist","len_crs":103620,"area_crs":233830886,"len_km":103,"area_km2":233},"id":1307400000},
{"type":"Feature","geometry":{"type":"Polygon","coordinates":[[[121.09972917900006,14.765222305000064],[121.09759307400009,14.768762164000071],[121.09064479400001,14.767453811000047],[121.08710074800001,14.767972939000064],[121.085874998,14.773785710000029],[121.07389394100005,14.77327141100005],[121.0701767710001,14.774535296000067],[121.06298962200002,14.774852559000065],[121.06281189200001,14.778688669000076],[121.05542050700002,14.782563240000059],[121.04825023900004,14.782252495000023],[121.04394383900002,14.780403640000033],[121.03890663000006,14.78503162200007],[121.03017164600011,14.782975645000022],[121.02796889500009,14.781271736000066],[121.02385302800008,14.77264812900006],[121.02402399100004,14.763034879000028],[121.00890606500003,14.756751727000054],[120.9901370550001,14.75706363100005],[120.98338951500011,14.725953012000048],[120.97778801200002,14.724137507000021],[120.97632849300008,14.725414858000024],[120.96950173200003,14.722038837000069],[120.96768144600001,14.72386791200006],[120.95955042400011,14.719873626000034],[120.95424924100008,14.728546895000022],[120.9492786620001,14.73419668900004],[120.9430263180001,14.734198211000033],[120.93633694300001,14.736818515000042],[120.93407246800008,14.733149373000058],[120.92596146500011,14.734299748000069],[120.92993598600002,14.723804501000075],[120.93571315800011,14.714871993000035],[120.95312750500011,14.694240067000067],[120.94315945500011,14.68961009700007],[120.92712730400001,14.704270054000059],[120.91841488700004,14.712960826000025],[120.914869177,14.708719852000064],[120.92536221600005,14.683986922000035],[120.95779251100011,14.633909253000073],[120.99197344400011,14.636527028000048],[121.00549789400009,14.67190995900006],[121.02265398600002,14.687140174000033],[121.01443080000003,14.719158309000022],[121.04083690900006,14.742111187000035],[121.0750391780001,14.74019406700006],[121.09972917900006,14.765222305000064]]]},"properties":{"adm1_psgc":1300000000,"adm2_psgc":1307500000,"adm2_en":"NCR","geo_level":"Dist","len_crs":103619,"area_crs":126134749,"len_km":103,"area_km2":126},"id":1307500000},
{"type":"Feature","geometry":{"type":"Polygon","coordinates":[[[121.1033378410001,14.531997657000032],[121.05041966400006,14.568402103000038],[121.0332202510001,14.568020304000068],[121.01761120300011,14.579408116000026],[120.98589039800005,14.560101142000061],[120.97848884800011,14.555839239000022],[120.98145922900007,14.48827595700004],[120.9660033990001,14.465722366000023],[120.97045243900004,14.454728424000054],[120.96992547900005,14.446625819000072],[120.97409510600004,14.439106137000072],[120.97915620900005,14.435105431000066],[120.98377063700002,14.433689059000075],[120.98449536800001,14.429663197000027],[120.98922629800006,14.422662464000043],[120.99160112900007,14.415558140000027],[120.99500452300002,14.410570512000046],[120.99448670900004,14.407610540000064],[121.00082376400007,14.401403554000069],[121.00173473400002,14.39424325900006],[121.00785481900004,14.390869810000028],[121.00666103300011,14.38711555200007],[121.00673784700005,14.36120978200006],[121.00759085400011,14.355170370000051],[121.01336353000012,14.351973628000051],[121.01945223300004,14.353054343000053],[121.02591499100004,14.359451931000022],[121.0298758130001,14.365980729000055],[121.03292930300005,14.365607391000022],[121.04169287800006,14.369776447000048],[121.04546609300007,14.367266193000034],[121.05150154700004,14.369658617000026],[121.05255455200007,14.374777004000064],[121.0533802880001,14.454051363000076],[121.06932934800011,14.50668639300005],[121.08271470000011,14.505055543000026],[121.1033378410001,14.531997657000032]]]},"properties":{"adm1_psgc":1300000000,"adm2_psgc":1307600000,"adm2_en":"NCR","geo_level":"Dist","len_crs":102146,"area_crs":196785340,"len_km":102,"area_km2":196},"id":1307600000},
{"type":"Feature","geometry":{"type":"MultiPolygon","coordinates":[[[[125.05218985600004,6.771758358000057],[125.05776012800006,6.784899115000029],[125.08494722300009,6.793714665000038],[125.07380070200009,6.805397108000022],[125.07380209900009,6.815527910000071],[125.07959534100007,6.824703394000039],[125.07512522800003,6.831541591000074],[125.0909345780001,6.83716444600003],[125.10797823900008,6.843703591000064],[125.12744797300003,6.857832247000032],[125.1511111110001,6.853430975000037],[125.1638983130001,6.872071726000058],[125.16494104600008,6.881363633000035],[125.1737695170001,6.883750332000035],[125.18526274900012,6.890238447000057],[125.18978125700006,6.897514404000049],[125.19937439800002,6.904489128000022],[125.1999536940001,6.910421119000034],[125.20624587200007,6.914986300000065],[125.20574733400007,6.92196583900005],[125.21272687200008,6.928197570000066],[125.212976141,6.936672724000061],[125.21895860300003,6.939663954000025],[125.21920787200007,6.946144954000031],[125.22693521800012,6.952875224000024],[125.23444384300002,6.966086493000033],[125.255658261,7.007557193000022],[125.25128633800011,7.015653347000068],[125.25841095300008,7.01694873100007],[125.25922056900002,7.029416808000065],[125.2747651840001,7.029092962000049],[125.28010864600003,7.032493347000071],[125.29176710700006,7.03411257700003],[125.28739518400005,7.047390270000049],[125.29225287600002,7.059210654000026],[125.28777727600004,7.071677779000026],[125.28837232100012,7.087305624000066],[125.28647233700009,7.091330333000029],[125.29163036900002,7.105673260000061],[125.28864640400002,7.115205566000043],[125.25840456700007,7.147365287000071],[125.2456706260001,7.157440583000038],[125.22876936500006,7.175858360000063],[125.22670455100003,7.196062693000043],[125.22347184200011,7.210867900000039],[125.22887153900001,7.227272042000038],[125.23823557000004,7.233013491000065],[125.24195590300008,7.24610506500005],[125.255211141,7.259347723000076],[125.24556450100009,7.290480540000034],[125.24400831100002,7.307018166000034],[125.23682435800004,7.319785068000046],[125.23898907600005,7.327812585000062],[125.23763548300009,7.335027373000059],[125.22968957400009,7.343004665000024],[125.2282078090001,7.350219352000066],[125.23120292600004,7.356423014000031],[125.27566577000005,7.374365237000062],[125.27315434800006,7.380178058000067],[125.25976009900012,7.386368182000068],[125.25465393400007,7.397672793000027],[125.23338329300009,7.404153070000062],[125.24066974300001,7.41405912500005],[125.23968463900007,7.422432509000035],[125.2325044490001,7.428194494000024],[125.23169320200007,7.445823070000078],[125.23276739200003,7.456921012000065],[125.22438033900005,7.470182109000064],[125.23077495300004,7.479554215000065],[125.22941389100005,7.491877260000024],[125.18972607600006,7.505808352000029],[125.16446866600006,7.509299815000074],[125.1639804040001,7.502166260000024],[125.15531106600008,7.465819585000075],[125.13041001600004,7.463113232000071],[125.12406894400011,7.453959513000028],[125.06695334500013,7.451181651000068],[125.06615378200001,7.433566849000047],[125.05377243200007,7.41197955900003],[125.04682822600013,7.404642533000072],[125.04254469400007,7.406692967000025],[125.02973395900005,7.403611927000042],[125.00744057400004,7.406819145000041],[124.99121615900003,7.402862606000044],[124.98305917300002,7.408461814000019],[124.97236416600003,7.401719751000033],[124.96857271700004,7.408564737000063],[124.95900089900009,7.409293117000061],[124.94312128100012,7.418386022000049],[124.93831374600005,7.429295490000071],[124.92982309,7.435701461000063],[124.91235414700009,7.423153858000033],[124.90844005800012,7.423424172000068],[124.8949491400001,7.414777261000041],[124.88997238300011,7.419385643000054],[124.88019498000006,7.421294085000055],[124.88368139500005,7.426800526000023],[124.88202764800008,7.433693065000057],[124.86504160700008,7.434955915000046],[124.85729539800002,7.440273016000049],[124.85407313400005,7.446381514000052],[124.83916392300011,7.456086250000056],[124.84318989000008,7.465195488000061],[124.84076430300001,7.475050844000064],[124.8339429770001,7.48107975800002],[124.82526904200006,7.493157002000034],[124.81800214600004,7.495697861000052],[124.8079931080001,7.494697471000052],[124.80325953300009,7.486678938000068],[124.79426618500008,7.484764239000072],[124.7906481120001,7.491001982000057],[124.79720599000008,7.496663584000033],[124.79867023400006,7.508677987000056],[124.80291892000002,7.507761808000053],[124.8009556930001,7.521530414000039],[124.79119638100009,7.536129237000068],[124.79089464000003,7.542728348000025],[124.77217215500002,7.546048830000075],[124.76616345600006,7.560586482000076],[124.75524140100005,7.575518485000034],[124.75054724400002,7.575149550000047],[124.74806263900007,7.583610197000041],[124.7402921920001,7.591068371000062],[124.73340095100004,7.590107226000042],[124.71462806200009,7.593475539000051],[124.70868831300005,7.590968216000024],[124.6921723580001,7.590113846000065],[124.67786816300008,7.594194518000053],[124.67259318800008,7.599251294000056],[124.6516624940001,7.600821096000062],[124.64598135000006,7.603575178000028],[124.59036584400009,7.609324928000033],[124.52804919700009,7.638289207000071],[124.49092222900003,7.505225852000024],[124.48528910200002,7.438605069000062],[124.46325442800003,7.437708507000025],[124.45200512000007,7.423535557000035],[124.44759852600009,7.365182608000055],[124.41715019500009,7.361829480000043],[124.40575238200006,7.363209477000053],[124.39602007500004,7.355388001000049],[124.37667433,7.296937708000031],[124.37757367600013,7.286177091000071],[124.37455967100006,7.275411526000028],[124.36626343700006,7.235560970000052],[124.40280910000001,7.234923149000053],[124.41539658400008,7.235743985000055],[124.41797896400011,7.221785431000058],[124.41668186700008,7.22884503800003],[124.42441128700011,7.230259086000049],[124.4265988080001,7.22616047400004],[124.436402197,7.227333650000048],[124.44353478800008,7.236254315000055],[124.44663737000009,7.231068867000035],[124.45356539500006,7.228009739000072],[124.46756777700011,7.228463736000037],[124.47444547000009,7.216184728000031],[124.47451455500006,7.207256223000055],[124.48961885200005,7.207222989000059],[124.48927706500001,7.19790874000006],[124.4743464620001,7.189169511000046],[124.46492467300006,7.171735246000027],[124.4815991690001,7.170506233000026],[124.48209256800008,7.150595595000027],[124.49914233200002,7.145891729000025],[124.50761817800003,7.142089077000037],[124.50760380900012,7.137283683000021],[124.51952133100008,7.137542698000061],[124.52191661700012,7.099576377000062],[124.53774377800005,7.088158932000056],[124.51945193300003,7.044227015000047],[124.51962315300013,7.032248510000045],[124.53252661100011,7.040411460000031],[124.54002112,7.051938963000054],[124.56830131700006,7.059610789000033],[124.58571335300007,7.071131540000067],[124.58076324500006,7.083439091000058],[124.56165952000003,7.083302147000039],[124.56387328400001,7.099388055000077],[124.56032861800009,7.099547869000048],[124.56094382300013,7.121408170000053],[124.57346688800011,7.119293407000042],[124.57293732100005,7.096565168000041],[124.58479903800003,7.091482318000033],[124.58973309500004,7.084123812000029],[124.61031446700008,7.078884297000058],[124.61461043600002,7.089431201000026],[124.61169385700009,7.108136129000059],[124.61719935000006,7.123848531000022],[124.62549733300013,7.122446055000069],[124.63061377300004,7.125661692000052],[124.635415328,7.116957269000066],[124.62850827800003,7.108372670000052],[124.62677081700008,7.096792449000077],[124.632344815,7.083217999000055],[124.63873329500007,7.080324944000039],[124.64514868600008,7.072321585000053],[124.6471812850001,7.063937114000056],[124.62493449500006,7.064025092000066],[124.625323449,7.050060449000056],[124.63428973000009,7.041836913000055],[124.63783972000012,7.034306416000049],[124.66701543100011,7.034358027000053],[124.6670030670001,7.049059172000056],[124.67066556700001,7.049032415000056],[124.68706672800012,7.034327589000042],[124.6815747390001,7.026917395000057],[124.68164999500006,7.01214174200004],[124.69281365600013,7.011922805000039],[124.69271773900006,7.01940432300006],[124.71027223300007,7.021666191000064],[124.70998247700004,7.034920075000059],[124.70112553800003,7.038646862000063],[124.7034545570001,7.050546035000023],[124.69392674900007,7.050418998000055],[124.67481795600008,7.057302976000073],[124.67230182800006,7.063597287000051],[124.68597760700003,7.080635022000022],[124.69010008700002,7.073352400000035],[124.69914147200005,7.068544088000066],[124.68428289200006,7.094783801000063],[124.66457708100006,7.100798032000057],[124.66745627900004,7.118520611000064],[124.67193571200006,7.123897774000057],[124.67581631100006,7.134801803000072],[124.70112335400005,7.12179337400005],[124.70744357700005,7.116904495000028],[124.72048664800002,7.112390309000033],[124.72756153100012,7.116862104000064],[124.72527241700004,7.123729446000026],[124.72718001200008,7.131325142000037],[124.71649748100003,7.133059319000041],[124.71556102500006,7.139996028000041],[124.70834684800002,7.141279319000034],[124.6990837730001,7.148217526000051],[124.69882942700008,7.151824615000066],[124.67920084800005,7.152254865000032],[124.68342779300008,7.171674949000019],[124.67866116000005,7.17355728000007],[124.67208638900001,7.183711299000039],[124.66593319600008,7.188216315000035],[124.66838714800008,7.194955526000058],[124.67889885200009,7.192281817000037],[124.67641302200002,7.203366879000043],[124.68140644100004,7.205703430000028],[124.69208040900003,7.204922408000074],[124.70394435400011,7.197747157000036],[124.70555872600005,7.204204649000076],[124.69654186300012,7.212119014000052],[124.69025499600002,7.22084056600005],[124.68304938000006,7.219501817000037],[124.68005688400001,7.224778061000051],[124.669381756,7.229566050000075],[124.66756101100009,7.235391182000058],[124.68401904600013,7.241696090000058],[124.70973377500003,7.253636102000029],[124.71792721900009,7.253321087000074],[124.72014038200005,7.248157042000059],[124.72012885800007,7.233952703000057],[124.72637843400003,7.22277051100002],[124.72058380800001,7.217311110000024],[124.71885978700003,7.210941810000064],[124.72477413700005,7.205913415000054],[124.72151765300009,7.198107431000037],[124.71000023400008,7.187547801000049],[124.7117969520001,7.182737162000024],[124.72775840100007,7.176641707000043],[124.73443598300003,7.192919635000065],[124.73513468500005,7.200217182000074],[124.74227696500007,7.203477788000043],[124.7459257380001,7.209533199000021],[124.78445446500007,7.202298681000056],[124.78564919400004,7.18553325800002],[124.78935738200006,7.16678630700005],[124.77436011000009,7.157974799000043],[124.7775035740001,7.147930917000052],[124.78665612600003,7.144260107000036],[124.78841792000001,7.139205776000039],[124.7974664310001,7.133542762000048],[124.79752798600008,7.125971558000059],[124.79131098100004,7.124001814000054],[124.78687905700009,7.131326800000067],[124.78196495600004,7.131593536000024],[124.7849616640001,7.118717377000052],[124.7855462550001,7.101408897000056],[124.7719886320001,7.075949368000067],[124.80227421300002,7.071194877000037],[124.8252119780001,7.062747508000031],[124.82196366300003,7.044487835000041],[124.82383263900012,6.949087778000034],[124.80347215400003,6.948885853000035],[124.80410640700006,6.882344935000048],[124.82063490200005,6.866329458000052],[124.82655994800008,6.866405456000053],[124.82764072200007,6.859570552000037],[124.81199162100005,6.841965313000059],[124.80548632600005,6.841646872000068],[124.804196208,6.816775648000032],[124.82364160400004,6.815535639000076],[124.82964481100008,6.791900495000049],[124.85390046400005,6.790241958000023],[124.87122930400005,6.79764153900004],[124.88884483400011,6.796141742000031],[124.89134847900004,6.786620320000054],[124.93739725400006,6.790939251000054],[124.94599269700008,6.783555795000041],[124.95268549500008,6.784597325000049],[124.94623289100002,6.757353504000036],[124.95035051100002,6.755037343000026],[124.958628642,6.736979865000023],[124.96742147600003,6.739896512000031],[124.98352425400005,6.727055452000058],[125.00774339400006,6.734105528000044],[125.00716397800012,6.757473903000061],[125.05218985600004,6.771758358000057]],[[124.88441261400011,7.311216527000054],[124.8933047270001,7.311574992000032],[124.91047971500006,7.303419765000058],[124.90907547400002,7.259712844000037],[124.90956944600009,7.215872876000048],[124.8840229750001,7.227516506000029],[124.86061636400007,7.240718134000076],[124.8490054120001,7.191669795000052],[124.85148364300005,7.175899235000034],[124.858385192,7.168437985000025],[124.848628157,7.147523283000055],[124.8384160180001,7.145646646000046],[124.82625265500009,7.147714204000066],[124.81779737400007,7.151771031000066],[124.81300914000009,7.150770839000073],[124.8085286790001,7.142279847000053],[124.8031502990001,7.142669423000029],[124.82007659900012,7.183707934000039],[124.82090561000007,7.187797631000023],[124.81478803500012,7.199279236000055],[124.81366256000001,7.206219660000043],[124.81972791400005,7.218369812000049],[124.80898859300008,7.230850477000048],[124.80035678900003,7.23306136900004],[124.78704807400004,7.232075695000049],[124.77275483000007,7.228227808000041],[124.76258045100008,7.232668790000048],[124.77089086400008,7.23820708100004],[124.76985738400003,7.253726558000037],[124.7625422540001,7.260401665000074],[124.76364497600002,7.270072764000077],[124.77388098200005,7.278857088000052],[124.79594694400011,7.280700886000034],[124.80486592000013,7.278593013000034],[124.81545188000007,7.272749409000029],[124.84027179800013,7.270744900000069],[124.8379499230001,7.280971162000073],[124.84704916100009,7.280649634000042],[124.85460506500011,7.283768454000039],[124.85965305200011,7.292931997000036],[124.86579546400003,7.29564582000006],[124.86111296900005,7.302697771000056],[124.87070362200006,7.307549513000026],[124.87713500100006,7.313698814000077],[124.88441261400011,7.311216527000054]],[[124.8872492910001,7.146881429000074],[124.88906826800007,7.133762352000075],[124.87524892500007,7.130486499000028],[124.86789944100008,7.131724458000065],[124.87265656000012,7.14311367600004],[124.8872492910001,7.146881429000074]]],[[[124.45674244800011,7.07967992500005],[124.47159402600005,7.086087509000038],[124.44505001100002,7.110413201000029],[124.43257323100012,7.094453882000038],[124.43988882300006,7.09196477200004],[124.45674244800011,7.07967992500005]]],[[[124.55896135400009,7.017508071000066],[124.56594044700013,7.015494871000045],[124.573959693,7.004791358000036],[124.57602387800011,6.993941117000077],[124.60947618800004,6.994183876000021],[124.60760923200009,7.024153445000023],[124.61374856400005,7.036584363000031],[124.59768883200003,7.040690047000055],[124.59526733400001,7.049137330000064],[124.5666275220001,7.051214263000078],[124.55594492200008,7.024276149000058],[124.55896135400009,7.017508071000066]]]]},"properties":{"adm1_psgc":1200000000,"adm2_psgc":1204700000,"adm2_en":"North Cotabato","geo_level":"Prov","len_crs":767279,"area_crs":5318333358,"len_km":767,"area_km2":5318},"id":1204700000},
{"type":"Feature","geometry":{"type":"Polygon","coordinates":[[[125.10553101800008,6.553659048000043],[125.09539730600012,6.532885993000036],[125.002097305,6.534317616000066],[124.96562704400002,6.554706194000062],[124.95040559800009,6.557693580000033],[124.91629619800007,6.577296666000053],[124.89439369700007,6.56676857000002],[124.86005515700002,6.538028619000043],[124.84102072400003,6.539709844000073],[124.76987000100006,6.591636409000045],[124.75572416800004,6.650891156000056],[124.72807405000005,6.665111523000062],[124.70481449300007,6.626893436000045],[124.70419699900005,6.614005726000074],[124.71950729800005,6.581370485000035],[124.67777484300007,6.569670260000065],[124.65207910700008,6.57568610800007],[124.62085504900007,6.573320038000076],[124.61392695400004,6.558790609000027],[124.616871736,6.468714344000036],[124.63452403400004,6.435347308000074],[124.66454693200002,6.433140192000053],[124.68695713800003,6.407831392000047],[124.68366636300004,6.388543648000053],[124.66158096700009,6.388889744000039],[124.6331832300001,6.399346561000072],[124.61041637100006,6.375020861000052],[124.58369021000011,6.372193624000033],[124.57705243400005,6.356716961000075],[124.53281171500011,6.388598426000044],[124.45941220600004,6.363368418000048],[124.4594253360001,6.350923175000047],[124.40700939500006,6.350098604000038],[124.38826816100006,6.342868329000057],[124.4055576840001,6.326359249000062],[124.40645356900005,6.207580064000069],[124.42737955200006,6.203605516000039],[124.47221333700008,6.185371538000026],[124.687744359,6.080597101000023],[124.70027607700001,6.07714545500005],[124.81489955000006,6.025714151000045],[124.84607298500009,6.013338533000023],[125.00603333200002,6.01072849600007],[125.005444774,6.039237685000045],[125.0567438920001,6.039972278000051],[125.05591612,5.96162328400004],[125.0855300390001,5.964666808000061],[125.10392874900003,5.955319112000039],[125.11408355100002,5.97820359800005],[125.14070977100005,6.019418408000035],[125.14299522300007,6.042017633000058],[125.15630892300011,6.066123659000026],[125.15351947700002,6.091182949000029],[125.170109442,6.10629712900004],[125.23695430400005,6.095554413000058],[125.24097938800004,6.115854387000069],[125.2342588680001,6.135676700000033],[125.23994433400003,6.160402744000065],[125.2370621970001,6.188531860000067],[125.25856635500008,6.232013767000068],[125.24666173900005,6.263597311000069],[125.22072038200008,6.269213576000027],[125.19142855000005,6.292915984000047],[125.17812921100007,6.324000882000064],[125.16472306000001,6.339224147000039],[125.12454911500002,6.361280430000021],[125.07620906500006,6.359238639000068],[125.11303874600003,6.435048629000049],[125.10770072100001,6.43610916700004],[125.10826968200001,6.451471095000045],[125.09799452200002,6.498286680000035],[125.11874252500003,6.501291276000075],[125.14043474600011,6.520380430000044],[125.12126067600002,6.547711038000045],[125.11338512300007,6.545767720000072],[125.10553101800008,6.553659048000043]]]},"properties":{"adm1_psgc":1200000000,"adm2_psgc":1206300000,"adm2_en":"South Cotabato","geo_level":"Prov","len_crs":399409,"area_crs":4120449292,"len_km":399,"area_km2":4120},"id":1206300000},
{"type":"Feature","geometry":{"type":"Polygon","coordinates":[[[125.00774339400006,6.734105528000044],[125.00681249200011,6.711873362000063],[124.96918503100005,6.709965978000071],[124.93130363100012,6.695667085000023],[124.88680814300004,6.677562946000023],[124.90200884800004,6.655854541000053],[124.86844955800007,6.643072075000019],[124.86828614,6.622645562000057],[124.87210866700003,6.617488596000043],[124.86302203700006,6.60862987300004],[124.8417958870001,6.607867359000068],[124.83825857700002,6.601456701000074],[124.82934209300005,6.604715895000028],[124.8202402070001,6.612889153000027],[124.81001733300002,6.61240035000003],[124.78550368600008,6.606117920000031],[124.78433936000009,6.613167108000027],[124.77892310100003,6.623288442000046],[124.78446518700002,6.637758798000049],[124.77517095100006,6.642719262000069],[124.78699595000013,6.649396808000063],[124.76099799200007,6.664839584000049],[124.76927305900006,6.676178916000027],[124.78709570600004,6.67697144300007],[124.7948975260001,6.683738603000053],[124.78363741700004,6.693444130000046],[124.782319302,6.706576478000044],[124.7761729450001,6.712117040000066],[124.77008903,6.727039460000071],[124.76194836000003,6.726858888000038],[124.74325513100007,6.747772360000055],[124.72493643100007,6.784795319000067],[124.71708527800003,6.810847400000056],[124.70441524900004,6.801785485000038],[124.69821664100006,6.799680297000065],[124.69065190300012,6.804071660000034],[124.66909662700004,6.855363229000033],[124.67048987800001,6.864012997000031],[124.66680578800002,6.869075349000069],[124.63756809600012,6.880305613000074],[124.63372708500003,6.887706705000027],[124.6265366660001,6.885147745000039],[124.60523736900006,6.871936180000033],[124.60295171500002,6.850612088000048],[124.58028927100008,6.850143099000037],[124.58358343900011,6.819577176000052],[124.57864301900008,6.815662274000033],[124.58572981500004,6.809829827000045],[124.58385058100008,6.800190842000064],[124.57702659400002,6.794578634000061],[124.57833560200004,6.783005277000029],[124.53749641900002,6.78112018300004],[124.53850747700007,6.773909106000075],[124.50931452600003,6.772891965000042],[124.516520827,6.743245528000045],[124.5132167060001,6.73654619000007],[124.51614574200006,6.727932620000047],[124.46527490600012,6.730109365000032],[124.41355869200004,6.727836713000043],[124.27895399600006,6.69617573000005],[124.2762655140001,6.736064673000042],[124.28391654000006,6.754070688000069],[124.24772433700004,6.756629778000047],[124.22832131900007,6.733910047000052],[124.21959601300011,6.739830347000065],[124.21014178100008,6.743249806000051],[124.14825644900009,6.746883796000019],[124.09690035600012,6.747260983000045],[124.05580729200007,6.742982931000029],[124.0333427710001,6.740810256000032],[124.01722537500005,6.727478657000062],[124.02235115800012,6.69896505500003],[124.03456520200007,6.678764325000033],[124.04935053200005,6.638744525000048],[124.05461363400003,6.606336272000021],[124.03495364200012,6.563147704000071],[124.06096317100004,6.540069992000042],[124.0211425650001,6.52400046200006],[124.0393031550001,6.483754265000073],[124.04179436500011,6.422815334000064],[124.04761814100003,6.398968457000022],[124.08177377600008,6.383491559000049],[124.08344681900009,6.363778957000022],[124.1012135080001,6.330210485000066],[124.154353494,6.273950247000072],[124.16797343400003,6.272304085000031],[124.17054494000001,6.252082465000058],[124.18475064300003,6.210645933000023],[124.2174144810001,6.191829520000054],[124.2437698550001,6.164205283000058],[124.2654302620001,6.152499357000067],[124.27680131100011,6.158547043000055],[124.32310957500009,6.114332851000028],[124.36398694800006,6.115464183000029],[124.36732596800005,6.141105060000029],[124.38950443700004,6.165488595000055],[124.40645356900005,6.207580064000069],[124.4055576840001,6.326359249000062],[124.38826816100006,6.342868329000057],[124.40700939500006,6.350098604000038],[124.4594253360001,6.350923175000047],[124.45941220600004,6.363368418000048],[124.53281171500011,6.388598426000044],[124.57705243400005,6.356716961000075],[124.58369021000011,6.372193624000033],[124.61041637100006,6.375020861000052],[124.6331832300001,6.399346561000072],[124.66158096700009,6.388889744000039],[124.68366636300004,6.388543648000053],[124.68695713800003,6.407831392000047],[124.66454693200002,6.433140192000053],[124.63452403400004,6.435347308000074],[124.616871736,6.468714344000036],[124.61392695400004,6.558790609000027],[124.62085504900007,6.573320038000076],[124.65207910700008,6.57568610800007],[124.67777484300007,6.569670260000065],[124.71950729800005,6.581370485000035],[124.70419699900005,6.614005726000074],[124.70481449300007,6.626893436000045],[124.72807405000005,6.665111523000062],[124.75572416800004,6.650891156000056],[124.76987000100006,6.591636409000045],[124.84102072400003,6.539709844000073],[124.86005515700002,6.538028619000043],[124.89439369700007,6.56676857000002],[124.91629619800007,6.577296666000053],[124.95040559800009,6.557693580000033],[124.96562704400002,6.554706194000062],[125.002097305,6.534317616000066],[125.09539730600012,6.532885993000036],[125.10553101800008,6.553659048000043],[125.09180406200004,6.567451061000043],[125.06539627400002,6.613306554000077],[125.0620551310001,6.662469097000042],[125.0467900320001,6.668458753000038],[125.0613598220001,6.706818434000071],[125.07269549600005,6.760706457000026],[125.05165613700002,6.766668955000056],[125.05218985600004,6.771758358000057],[125.00716397800012,6.757473903000061],[125.00774339400006,6.734105528000044]]]},"properties":{"adm1_psgc":1200000000,"adm2_psgc":1206500000,"adm2_en":"Sultan Kudarat","geo_level":"Prov","len_crs":555247,"area_crs":4224167311,"len_km":555,"area_km2":4224},"id":1206500000},
{"type":"Feature","geometry":{"type":"MultiPolygon","coordinates":[[[[125.23695430400005,6.095554413000058],[125.2715563260001,6.083907102000069],[125.27793130900011,6.026869135000026],[125.28719830000013,6.014542242000059],[125.2919848030001,5.982389793000038],[125.2590085920001,5.919222136000029],[125.22220301900005,5.891822793000072],[125.21931607700002,5.856980882000072],[125.20169039600012,5.82551378100004],[125.18271748000005,5.837641489000021],[125.17457028400008,5.826564768000025],[125.1746176480001,5.797777429000064],[125.18940311000004,5.778111370000031],[125.20927382400009,5.774416543000028],[125.22255557000005,5.757621583000059],[125.22887401300012,5.728831488000026],[125.24602617200003,5.711262547000047],[125.27792387900003,5.705713247000062],[125.29291802100012,5.678543115000025],[125.30839548500012,5.634113947000059],[125.2924922750001,5.595457164000037],[125.29364809000005,5.583196031000057],[125.31703192600003,5.568640287000051],[125.32272246600007,5.571626573000059],[125.32805954400008,5.585563828000033],[125.32531999900004,5.587923699000044],[125.33177563600009,5.606713653000043],[125.34213702800002,5.61147495900002],[125.34722164700008,5.611344183000027],[125.35610449100011,5.61690528500003],[125.37147116000004,5.632079210000027],[125.39418835800006,5.649428832000068],[125.39701450600013,5.679604112000049],[125.42715560500005,5.726884627000061],[125.45862436200004,5.784236301000021],[125.46687154500013,5.816125970000031],[125.4734340130001,5.818024695000075],[125.48315330700007,5.837673675000077],[125.48092489200006,5.847181909000028],[125.48620186100004,5.86137618500004],[125.4870950840001,5.878431175000058],[125.48305196200009,5.89050359600003],[125.48410896200005,5.897412860000031],[125.48104653300004,5.908264889000064],[125.4946353270001,5.938296137000066],[125.50364158400009,5.995895405000056],[125.53856638300012,6.070512974000053],[125.53308971000001,6.107229305000032],[125.52167634600004,6.117176565000022],[125.50715002400011,6.149780337000037],[125.50283964800009,6.208429661000025],[125.50458349500002,6.229850343000067],[125.47883417800006,6.275251228000058],[125.47366583400003,6.295944447000067],[125.44981394700007,6.321552420000047],[125.43311454100002,6.322054578000063],[125.42545114400004,6.32412265100004],[125.4220111390001,6.379773627000018],[125.40350141300007,6.418259113000034],[125.40146279600003,6.476566932000027],[125.40581366500008,6.480592692000072],[125.39320607100002,6.503467441000057],[125.37786111100002,6.513361111000052],[125.36483333300009,6.524861111000063],[125.3616805910001,6.535020209000038],[125.34416666700008,6.537638889000049],[125.33738888900007,6.536666667000078],[125.34560552000005,6.523879788000044],[125.34486111100011,6.507361111000023],[125.34045833300003,6.49375],[125.33333333300004,6.488472222000041],[125.3269444440001,6.490361111000027],[125.31773737900006,6.478059776000065],[125.30705058400007,6.470638149000024],[125.305002607,6.462712376000069],[125.30691262300002,6.454622409000024],[125.27951313700011,6.45456173100007],[125.27615682900012,6.447886938000067],[125.25815475200012,6.446142059000067],[125.24867405900012,6.434868996000035],[125.23690544200008,6.438149188000068],[125.22740243600003,6.461980236000044],[125.22126480300007,6.465624483000056],[125.16662019500005,6.447406933000024],[125.13301945500005,6.431130764000045],[125.11303874600003,6.435048629000049],[125.07620906500006,6.359238639000068],[125.12454911500002,6.361280430000021],[125.16472306000001,6.339224147000039],[125.17812921100007,6.324000882000064],[125.19142855000005,6.292915984000047],[125.22072038200008,6.269213576000027],[125.24666173900005,6.263597311000069],[125.25856635500008,6.232013767000068],[125.2370621970001,6.188531860000067],[125.23994433400003,6.160402744000065],[125.2342588680001,6.135676700000033],[125.24097938800004,6.115854387000069],[125.23695430400005,6.095554413000058]]],[[[125.10392874900003,5.955319112000039],[125.0855300390001,5.964666808000061],[125.05591612,5.96162328400004],[125.0567438920001,6.039972278000051],[125.005444774,6.039237685000045],[125.00603333200002,6.01072849600007],[124.84607298500009,6.013338533000023],[124.81489955000006,6.025714151000045],[124.70027607700001,6.07714545500005],[124.687744359,6.080597101000023],[124.47221333700008,6.185371538000026],[124.42737955200006,6.203605516000039],[124.40645356900005,6.207580064000069],[124.38950443700004,6.165488595000055],[124.36732596800005,6.141105060000029],[124.36398694800006,6.115464183000029],[124.39254189200007,6.092487201000039],[124.42544034100003,6.087491588000034],[124.45615823000003,6.060548252000046],[124.47641595000005,6.052315161000023],[124.52080870600001,6.022002271000074],[124.5783063040001,6.015129963000049],[124.60425451400012,5.986506385000039],[124.63753308300011,5.985302205000038],[124.65304491300003,5.969866184000068],[124.69102743200006,5.95441236800002],[124.73227695900005,5.931010227000059],[124.75492527200002,5.927190359000065],[124.80250439800011,5.907764460000068],[124.82317743800003,5.889556564000032],[124.87883007700007,5.879635881000068],[124.9237710650001,5.860094512000045],[124.95739054500008,5.855661417000023],[124.97798651200003,5.862115830000051],[125.0369857940001,5.851049595000063],[125.07134147000009,5.857381504000045],[125.088123879,5.874011277000022],[125.07606028600003,5.888249643000051],[125.09689270000001,5.911723151000047],[125.09367000200007,5.932998032000055],[125.10392874900003,5.955319112000039]]]]},"properties":{"adm1_psgc":1200000000,"adm2_psgc":1208000000,"adm2_en":"Sarangani","geo_level":"Prov","len_crs":572464,"area_crs":3702298201,"len_km":572,"area_km2":3702},"id":1208000000},
{"type":"Feature","geometry":{"type":"Polygon","coordinates":[[[125.74861908000004,9.32604026800004],[125.74294281000005,9.38656997700002],[125.7239608760001,9.41349029600002],[125.70017242400002,9.429679871000076],[125.55367266100006,9.46576910300007],[125.55014838800001,9.436342868000056],[125.55752910900003,9.426048927000068],[125.5450214010001,9.405621],[125.55973122500008,9.389508291000029],[125.55561902000012,9.372964102000022],[125.53567153200004,9.358360498000025],[125.52212907900001,9.329396087000019],[125.50340056800009,9.384902241000075],[125.49860786900003,9.414133424000054],[125.48573591200012,9.454060698000035],[125.45334763300004,9.439441353000063],[125.46067176600002,9.417070761000044],[125.4699401900001,9.361103569000022],[125.48265834100005,9.353040664000048],[125.50911288300004,9.270294852000061],[125.50511006700005,9.244153610000069],[125.52179647100003,9.218582927000057],[125.5286813570001,9.179242346000022],[125.51932406600008,9.161508927000057],[125.52254059400003,9.119630142000062],[125.53595553400011,9.078500067000046],[125.5323571450001,9.061472468000035],[125.50318563900011,9.010501992000059],[125.42981770300004,8.975898016000029],[125.40451587300005,8.983337365000066],[125.3749889270001,8.982295481000053],[125.35877984900003,8.992606230000034],[125.33862736000005,8.989532028000042],[125.2787188530001,8.993020672000059],[125.25541461300008,9.02049106800007],[125.23683806800013,9.031212351000024],[125.22173433700006,9.065759543000071],[125.21806796400006,9.089728010000044],[125.20772470700001,9.093653081000067],[125.21767746800005,9.03047378100007],[125.23081512700001,9.01511431700004],[125.2381393180001,8.987511528000027],[125.2196394770001,8.982678796000073],[125.21821321000004,8.980418897000048],[125.22384577800004,8.975714221000032],[125.22509306500001,8.973701049000057],[125.22675146400003,8.974923469000032],[125.2292964200001,8.974241294000025],[125.22912893600005,8.968336393000072],[125.22444407900002,8.96754260100005],[125.22654697000007,8.962047632000065],[125.22398067000006,8.958106570000043],[125.22804010900006,8.95652685500005],[125.22943297000006,8.954703625000036],[125.22574061400007,8.950329533000057],[125.23077900100009,8.949739101000036],[125.23122286800003,8.944712414000037],[125.2276999080001,8.943506092000062],[125.225405367,8.94015099200004],[125.22898550100001,8.941164352000042],[125.23125226000002,8.938433713000054],[125.2300972590001,8.937161742000054],[125.22746073000008,8.936979375000021],[125.22667079800011,8.93462646300003],[125.22316041300009,8.933280272000045],[125.21793693300005,8.929700679000062],[125.22030354100004,8.930951493000064],[125.22136127500005,8.928228521000053],[125.22092441900007,8.925460491000022],[125.22140040500007,8.921750022000028],[125.21733739500009,8.918829743000058],[125.21964288500011,8.916732202000048],[125.22574754100003,8.916267045000042],[125.2256579020001,8.911536145000072],[125.22795688400004,8.913410817000056],[125.228870733,8.909620203000031],[125.23273651900001,8.910684684000046],[125.23561028700009,8.909373744000051],[125.23464939400002,8.905542015000036],[125.23314540200012,8.901526278000064],[125.23485439500006,8.89884126700002],[125.23291228600009,8.897235144000033],[125.23253829400005,8.891520280000066],[125.23349295700007,8.890567495000026],[125.23687278900002,8.892312037000066],[125.23878288200001,8.890328354000074],[125.23947811000006,8.886515058000045],[125.24143893800012,8.888430039000069],[125.24527599800001,8.889814596000063],[125.24817144400002,8.887317042000065],[125.24503277100006,8.885747643000057],[125.24578181900006,8.882697505000069],[125.247643615,8.879599035000068],[125.24952957500011,8.88033097300007],[125.25146424900004,8.877785498000037],[125.24880849800002,8.877186598000037],[125.25483600200005,8.869821854000064],[125.25071738000008,8.866362703000052],[125.25157829800004,8.862631544000065],[125.2517356830001,8.858796077000024],[125.25342421900007,8.852864638000028],[125.25926280400006,8.848927350000055],[125.2586191900001,8.846165959000075],[125.26137840400008,8.84450479500003],[125.24109649700007,8.840640068000027],[125.24062347400002,8.820469856000043],[125.23933931000012,8.80891261500005],[125.23854246500002,8.796791481000074],[125.23621368400008,8.784649849000061],[125.23803710900008,8.759579658000064],[125.23964481000007,8.719439959000058],[125.28176417000009,8.74074273600007],[125.29130413000007,8.733330907000036],[125.31529888400009,8.74233553400006],[125.45696542300006,8.740408046000027],[125.48702008400005,8.710197468000045],[125.51534802600007,8.698628262000055],[125.63369676800005,8.699603330000059],[125.66941123000004,8.701482917000021],[125.66239171400004,8.757395218000056],[125.64828626400005,8.82101682100006],[125.63876141100002,8.847520701000064],[125.63598734500012,8.897580467000068],[125.66214174100001,8.924599879000027],[125.69409436,8.948006512000063],[125.69400024400011,8.978969574000077],[125.73561859100005,9.048310280000065],[125.74514418800004,9.072183168000038],[125.76750946100005,9.163619995000033],[125.75605011000003,9.23001003300004],[125.75296437800013,9.26828224600007],[125.74492488300007,9.285805789000051],[125.74861908000004,9.32604026800004]]]},"properties":{"adm1_psgc":1600000000,"adm2_psgc":1600200000,"adm2_en":"Agusan del Norte","geo_level":"Prov","len_crs":405631,"area_crs":2679091880,"len_km":405,"area_km2":2679},"id":1600200000},
{"type":"Feature","geometry":{"type":"Polygon","coordinates":[[[126.22779055100011,8.000190630000077],[126.23299212300002,8.011785454000062],[126.257053,8.027617],[126.23662103900007,8.05897903300007],[126.23722187400006,8.131953570000062],[126.21280728800004,8.16916810300006],[126.16731886100001,8.203217556000023],[126.15496704700001,8.223461438000072],[126.18316727100012,8.244580477000055],[126.16505058500002,8.25959883400003],[126.19962461600007,8.288008542000059],[126.12482541400004,8.323033751000025],[126.12906638200002,8.362670479000032],[126.1138136100001,8.39063531000005],[126.08158939500005,8.406980075000035],[126.0550898780001,8.447828533000061],[126.01648076700008,8.499474956000027],[126.02193997800009,8.532173914000056],[126.03343986000003,8.539190849000024],[126.02744243000006,8.56862774900003],[126.0001168980001,8.571312676000046],[126.00024613600009,8.599765467000054],[126.03465087000006,8.633442209000064],[125.98869603300012,8.712595272000042],[125.97028863500007,8.739795165000032],[125.9492966570001,8.814098076000048],[125.91146134400002,8.850662670000075],[125.89875851600004,8.869284020000066],[125.88880682000001,8.962539272000072],[125.8911233230001,8.997496070000068],[125.88502861000008,9.04740326700005],[125.86615462700001,9.093480370000067],[125.84052430800013,9.139607128000025],[125.77549790800003,9.209048868000023],[125.77479362200008,9.223129173000071],[125.75605011000003,9.23001003300004],[125.76750946100005,9.163619995000033],[125.74514418800004,9.072183168000038],[125.73561859100005,9.048310280000065],[125.69400024400011,8.978969574000077],[125.69409436,8.948006512000063],[125.66214174100001,8.924599879000027],[125.63598734500012,8.897580467000068],[125.63876141100002,8.847520701000064],[125.64828626400005,8.82101682100006],[125.66239171400004,8.757395218000056],[125.66941123000004,8.701482917000021],[125.63369676800005,8.699603330000059],[125.51534802600007,8.698628262000055],[125.48702008400005,8.710197468000045],[125.45696542300006,8.740408046000027],[125.31529888400009,8.74233553400006],[125.29130413000007,8.733330907000036],[125.28176417000009,8.74074273600007],[125.23964481000007,8.719439959000058],[125.23688039600007,8.666791462000049],[125.23595836200002,8.664623206000043],[125.23818136800003,8.664388096000037],[125.23747148100006,8.66185523200005],[125.23816320300011,8.659969919000048],[125.23601200600001,8.658347739000021],[125.23232988200004,8.658317296000062],[125.22719352400009,8.653439213000066],[125.22517628200002,8.649731131000065],[125.22517867800002,8.644824621000055],[125.22147953000001,8.642158856000036],[125.2187711160001,8.637112944000021],[125.21637303000011,8.637778240000046],[125.21156038100003,8.63410287700003],[125.20856676500011,8.631595164000032],[125.20553166900005,8.63040334500005],[125.20305637600005,8.627596468000036],[125.19719352200003,8.619972001000065],[125.19338500500008,8.61971369400004],[125.19180848700012,8.61565093000007],[125.18995620600002,8.615213761000064],[125.18775357100004,8.611918783000021],[125.18503593800006,8.613313103000053],[125.18210105900003,8.610940667000023],[125.18461524100007,8.60595652500007],[125.18519825800003,8.603682342000068],[125.183287887,8.602609648000055],[125.18111032900005,8.599744589000068],[125.18266549700002,8.59681716000006],[125.18227003400013,8.594165664000057],[125.1788604960001,8.592787745000068],[125.17904030000011,8.590774823000059],[125.17668482300007,8.58621155000003],[125.16985191500011,8.583769988000029],[125.1711042160001,8.582282192000035],[125.2553720960001,8.57961008900003],[125.25714866400007,8.582278150000036],[125.25576663400011,8.584534821000034],[125.25793016700004,8.58521656600004],[125.25758076200009,8.587930134000034],[125.26144560400006,8.588020266000058],[125.26150883200013,8.584725532000052],[125.26025523700004,8.582632727000032],[125.26060613800007,8.579006867000032],[125.25786004400005,8.576387457000065],[125.25785104400006,8.57486386200003],[125.25547491100008,8.571830461000047],[125.2545513990001,8.569570970000031],[125.25436092300004,8.565330566000055],[125.25265165600001,8.563116828000034],[125.25201657200012,8.560649740000033],[125.2494712460001,8.556958372000054],[125.25254272100007,8.551628289000066],[125.2527931090001,8.544955696000045],[125.25199865500008,8.543519023000046],[125.25291385800006,8.53733672000004],[125.25089516800006,8.531706804000066],[125.25093569900002,8.524500081000042],[125.25059898800009,8.523513715000037],[125.251022927,8.518199044000028],[125.2500236620001,8.517092975000024],[125.25160620600003,8.512690123000027],[125.24996466500009,8.507868095000049],[125.25027245400008,8.501712316000065],[125.24756096900012,8.47806955300007],[125.261614,8.44993],[125.263402,8.447058],[125.264787,8.441368],[125.27089400000013,8.438227],[125.272712,8.436342],[125.274957,8.437308],[125.27811,8.435258],[125.284143,8.428397],[125.28727226700005,8.422475134000022],[125.28373433300011,8.42253622800007],[125.28189379600009,8.420765070000071],[125.28077843000007,8.41781528100006],[125.27799806400003,8.415280108000047],[125.27814369000009,8.412363484000025],[125.27634673700004,8.411077992000056],[125.27896291500008,8.406405689000053],[125.27833304100011,8.403234801000053],[125.27724730600005,8.402454320000059],[125.27558093800008,8.394803336000052],[125.27565480100009,8.38606565400005],[125.27659596800005,8.383451468000032],[125.27777816900006,8.37938658400003],[125.276948,8.374828],[125.275407,8.36868],[125.27404,8.362046],[125.274994,8.360718],[125.2750800000001,8.354652],[125.3005739550001,8.329203108000058],[125.308692973,8.311562027000036],[125.3398775820001,8.284365215000038],[125.34678330500005,8.232364682000021],[125.367014,8.214609],[125.36500500000011,8.20847],[125.365535,8.204133],[125.36461212000007,8.196563711000069],[125.36611311500006,8.19170916400003],[125.36609441300006,8.188543912000057],[125.36827841000002,8.18486486200004],[125.37198480500001,8.183116508000067],[125.37716135500011,8.183492964000038],[125.38017480700012,8.181895962000056],[125.38224183800003,8.179929867000055],[125.38380922100009,8.179686150000066],[125.38645032500007,8.175332895000054],[125.3875500810001,8.175599944000053],[125.3909743270001,8.171046662000036],[125.39442040600011,8.170166557000075],[125.39576879200001,8.16609448200006],[125.39598824900008,8.163435894000033],[125.39850831500006,8.164067795000053],[125.40399308900008,8.152346219000037],[125.4041299600001,8.149248975000035],[125.40658532800012,8.14412530100003],[125.41163613800006,8.144327532000032],[125.41286794000006,8.142462358000046],[125.41281426300009,8.139985546000046],[125.41469498700008,8.13621996300003],[125.41241883300007,8.132324269000035],[125.41617592000013,8.130560208000075],[125.41900730400003,8.129885374000025],[125.41689000500004,8.126569337000037],[125.41582372800006,8.123634087000028],[125.42001769400008,8.123493032000056],[125.42000215400003,8.120899889000041],[125.42237366100005,8.121272821000046],[125.4270308570001,8.120664484000029],[125.43170156000008,8.118058289000032],[125.43046213600006,8.116425180000023],[125.430602129,8.113869833000024],[125.43267610300005,8.109986977000064],[125.43515705400011,8.10919805800006],[125.43492530900004,8.104249123000047],[125.43730760500011,8.10256284600007],[125.44046773200013,8.101057686000049],[125.43824316700012,8.097974633000037],[125.4404356440001,8.095732142000031],[125.44021979400009,8.092841855000076],[125.436024298,8.093913815000066],[125.43700974100013,8.09141532500007],[125.435953229,8.087852515000066],[125.43694530500012,8.085885669000051],[125.43276351800012,8.084950141000036],[125.425320402,8.082553226000071],[125.42262625500007,8.081928900000037],[125.42241402100002,8.080009229000039],[125.41851145900011,8.078751717000046],[125.41703410200012,8.08016113700006],[125.41510265800002,8.079492222000056],[125.41388471400012,8.077258320000055],[125.4056280000001,8.076177],[125.405726,8.069987],[125.404489,8.06867],[125.405604,8.066601],[125.403878,8.064808],[125.402384,8.061324],[125.39850400000013,8.057651],[125.39395800000011,8.056053],[125.3939170000001,8.051701],[125.37992309200003,8.042899480000074],[125.37505743800013,8.01498092600002],[125.37938892500007,8.003247176000059],[125.66104503500003,7.998152495000054],[125.75254004100007,7.99848044400005],[125.7522891100001,7.983229664000022],[125.77558746000011,7.95192117500005],[125.78558119600008,7.948708904000059],[125.80568764200005,7.970124052000074],[125.85149226600005,7.96714972600006],[125.87623866000003,7.936216733000037],[125.90086608200012,7.930862946000047],[125.9175223090001,7.964770265000026],[125.911491,7.999984],[125.98004201000003,7.998677944000063],[125.9850969800001,7.977341296000077],[126.00489698100013,7.947741297000049],[126.03329698000005,7.931941297000035],[126.04489698100008,7.932641297000036],[126.06537465500001,7.952303697000048],[126.06821402600008,7.953160275000072],[126.07292436000012,7.957943758000056],[126.07656623700008,7.96007126400002],[126.08243618600012,7.96142553100003],[126.08314966400008,7.963567916000043],[126.09778320200009,7.971740013000044],[126.11269120100009,7.982457178000059],[126.13117717300008,7.988562668000043],[126.14326147700001,7.994951053000022],[126.1482745190001,7.995644436000021],[126.14890312400009,7.991932462000022],[126.15518239000005,7.99112492300003],[126.15782097100008,7.990592368000023],[126.15907559900006,7.987669895000067],[126.15861512400012,7.985128843000039],[126.16012241300008,7.983052126000072],[126.17304833200002,7.983161117000066],[126.17839152800003,7.987314421000065],[126.18511510500002,7.986301443000058],[126.19216454100001,7.986075784000035],[126.19292566500008,7.982601449000073],[126.19422643300004,7.978687492000061],[126.20766344900005,7.985745608000057],[126.20727459800003,7.988712683000075],[126.20801406400005,7.991323915000066],[126.21568229300011,7.990368455000064],[126.21589924800004,7.99306783000003],[126.22364725800004,7.995343111000067],[126.22592426400001,7.998747459000072],[126.22779055100011,8.000190630000077]]]},"properties":{"adm1_psgc":1600000000,"adm2_psgc":1600300000,"adm2_en":"Agusan del Sur","geo_level":"Prov","len_crs":576894,"area_crs":8464560718,"len_km":576,"area_km2":8464},"id":1600300000},
{"type":"Feature","geometry":{"type":"MultiPolygon","coordinates":[[[[126.06177888900005,10.062321934000066],[126.02944236100006,10.027839631000061],[126.03164244000004,10.000240207000044],[126.021346535,9.975973198000075],[125.97330357700002,9.923113884000031],[125.9746629560001,9.904380753000053],[125.95957568000004,9.880955647000063],[125.97399074200008,9.863878218000023],[125.95206439100004,9.847666450000075],[125.96010331800005,9.825531969000053],[125.9746231910001,9.825546751000047],[126.0171723200001,9.753978619000067],[126.03160418500009,9.744955063000075],[126.05045555500008,9.754746990000056],[126.11311328500005,9.747588424000071],[126.12858990800011,9.76799970800005],[126.16362972600007,9.786971867000034],[126.16101368600005,9.80258279600002],[126.13428174000012,9.844772886000042],[126.11407494600009,9.849894701000038],[126.12061596900003,9.878558719000068],[126.11114430900011,9.895388338000032],[126.11224987100002,9.927138110000042],[126.09780505500011,9.953015952000047],[126.08297240600007,10.010190197000043],[126.07028565400003,10.023845159000075],[126.07145986700003,10.053915886000029],[126.06177888900005,10.062321934000066]]],[[[125.91975383500005,9.873073042000044],[125.93286263100003,9.884382407000032],[125.95091826000008,9.894649791000063],[125.97859351100011,9.931492520000063],[125.9662917720001,9.936476660000038],[125.9458704880001,9.924621531000072],[125.92407182600004,9.89501773200004],[125.91975383500005,9.873073042000044]]],[[[125.53651996400005,9.864112801000035],[125.53391917400006,9.889657896000074],[125.51014577400008,9.887669286000062],[125.53651996400005,9.864112801000035]]],[[[125.59508115100006,9.804519580000033],[125.62181087400008,9.82706395500003],[125.65328243700004,9.826242130000024],[125.65746504700007,9.849545574000047],[125.64248397000006,9.880611801000043],[125.64212491600006,9.916042788000029],[125.60241104800004,9.881145218000029],[125.58617734000008,9.811254393000072],[125.59508115100006,9.804519580000033]]],[[[125.61117309700013,9.912173333000055],[125.56489219000004,9.900358255000071],[125.58259755200004,9.859508926000043],[125.5954479300001,9.88957306000003],[125.60918050300005,9.887831796000057],[125.61117309700013,9.912173333000055]]],[[[125.93863963000001,9.856664746000035],[125.95399254400002,9.851303423000047],[125.96756148100008,9.865999842000065],[125.95794016600007,9.879420420000029],[125.9593460410001,9.887834244000032],[125.94558203000007,9.891135767000037],[125.92823904100011,9.87259328700003],[125.93863963000001,9.856664746000035]]],[[[125.88395799400008,9.496625582000036],[125.86085266400005,9.534326069000032],[125.8169668490001,9.545073840000043],[125.79007765300003,9.558362464000027],[125.76739412800009,9.552837961000023],[125.7400452710001,9.566558339000036],[125.73608998600004,9.58321500100004],[125.68741357500005,9.60302715100005],[125.665167515,9.600520911000048],[125.64479942000003,9.607502422000039],[125.60836038200011,9.633727516000022],[125.59767707000003,9.660568604000048],[125.60366050800008,9.676897017000043],[125.59057786900007,9.701284573000068],[125.60875122000006,9.708102918000066],[125.6187828100001,9.751011572000039],[125.59887583800003,9.754451532000076],[125.59459421200008,9.74052996900002],[125.55868703500005,9.751658879000045],[125.55568780800002,9.764166156000046],[125.50594656600003,9.766075104000038],[125.5016207010001,9.783952864000065],[125.43596495100007,9.823183909000024],[125.44006926600002,9.795624873000062],[125.40225687600002,9.76911619900005],[125.39467290700009,9.727385905000062],[125.39612835800004,9.691876239000067],[125.39166760300007,9.655114295000033],[125.408768086,9.585737762000067],[125.42777553300004,9.53429688400007],[125.43704597100009,9.48440778200006],[125.44771637500003,9.47424231200006],[125.45334763300004,9.439441353000063],[125.48573591200012,9.454060698000035],[125.47742439000002,9.476904586000044],[125.4737314150001,9.516137769000068],[125.48975379600006,9.537949530000049],[125.52739579700007,9.534750518000067],[125.56926766800007,9.511893455000063],[125.55367266100006,9.46576910300007],[125.70017242400002,9.429679871000076],[125.7239608760001,9.41349029600002],[125.74294281000005,9.38656997700002],[125.74861908000004,9.32604026800004],[125.83865007100007,9.43347602800003],[125.8790740160001,9.468664635000035],[125.88395799400008,9.496625582000036]]],[[[125.71440717100006,9.799334945000057],[125.69688780100013,9.786830416000043],[125.7011179760001,9.76397600200005],[125.71918671200002,9.755817181000054],[125.732596208,9.776732941000033],[125.71440717100006,9.799334945000057]]],[[[125.63002850100008,9.789207053000041],[125.63802539200003,9.769298363000075],[125.65718902700009,9.757701008000028],[125.66667894400007,9.767801322000025],[125.63002850100008,9.789207053000041]]],[[[125.98610961100009,9.682784087000071],[125.96213480800009,9.69080735500006],[125.95784162700011,9.735220516000027],[125.94172236600004,9.747741672000075],[125.9152761900001,9.75658503800003],[125.92071199000007,9.726891787000056],[125.90625318800004,9.720481022000056],[125.91941468300003,9.698777663000044],[125.9270763830001,9.65422393600005],[125.90879674300004,9.652887361000067],[125.89685007900006,9.616528002000052],[125.91370452900003,9.602707234000038],[125.91297239000005,9.583087488000045],[125.93593105000002,9.579213935000043],[125.93836555300004,9.560242774000072],[125.96290254500003,9.567885311000053],[125.9710053570001,9.585465707000024],[125.96529234,9.615343261000021],[125.9858858340001,9.640826025000022],[125.98610961100009,9.682784087000071]]],[[[126.02982585000008,9.734079203000023],[126.01292675700007,9.708943185000065],[126.02797719400009,9.704338157000054],[126.06784933500013,9.706764429000032],[126.05369785900007,9.732705442000054],[126.02982585000008,9.734079203000023]]],[[[125.98245015300007,9.736551761000046],[125.97397559700006,9.689705185000037],[126.00868368300009,9.702648321000026],[125.98245015300007,9.736551761000046]]],[[[125.65524744900006,9.663888575000046],[125.66063849000012,9.699297996000041],[125.63845812700004,9.706030990000043],[125.64486702800004,9.672365606000028],[125.65524744900006,9.663888575000046]]]]},"properties":{"adm1_psgc":1600000000,"adm2_psgc":1606700000,"adm2_en":"Surigao del Norte","geo_level":"Prov","len_crs":1416665,"area_crs":1976013491,"len_km":1416,"area_km2":1976},"id":1606700000},
{"type":"Feature","geometry":{"type":"Polygon","coordinates":[[[126.22779055100011,8.000190630000077],[126.35158064300003,8.00206593700005],[126.35124641100005,7.933008011000028],[126.3557873630001,7.922215789000062],[126.35998800100002,7.920533934000047],[126.36550497400002,7.920009265000032],[126.38607537000009,7.954048035000031],[126.40557898900012,7.953658860000074],[126.42314851300011,7.979269085000053],[126.40720801900011,8.002751257000057],[126.415152712,8.02103953100004],[126.42149817600011,8.06220821200003],[126.44148062500005,8.095238575000053],[126.42859757800011,8.108074956000054],[126.43980738500011,8.125608847000025],[126.433058629,8.154808430000058],[126.44432608700004,8.16544320600002],[126.43991926800004,8.202368218000059],[126.45602325300001,8.239442289000067],[126.43250766900007,8.235737746000042],[126.37707713400005,8.195595748000073],[126.35753794700008,8.194933872000034],[126.34083111000008,8.183835214000053],[126.31715181700008,8.223204985000052],[126.32045585000003,8.237832838000033],[126.34867771600013,8.252614802000041],[126.38296016700009,8.29242130800003],[126.37556499200004,8.307348247000048],[126.33049656300011,8.31373673500002],[126.32877467400012,8.341553005000037],[126.31874131100004,8.35226577100002],[126.37010529800013,8.391722444000038],[126.37415469200003,8.431572593000054],[126.34972690200006,8.434153403000039],[126.36170055300009,8.46651456600006],[126.38442419400009,8.481117309000071],[126.38825097500013,8.512406566000037],[126.35242935800012,8.518670024000071],[126.35869891100003,8.546583651000045],[126.33242537400008,8.535637304000034],[126.31303112000012,8.538635193000061],[126.28904278200004,8.529440495000072],[126.25924190100011,8.551523288000055],[126.24133816300002,8.548301017000027],[126.2113335340001,8.557393426000031],[126.19301720800001,8.526666205000026],[126.16498226400006,8.540144125000038],[126.1541477600001,8.527533145000065],[126.12301100900004,8.542569069000022],[126.11386880500004,8.568040163000033],[126.12515960500004,8.582516653000027],[126.08321086900003,8.609678001000077],[126.09603798000012,8.622409304000028],[126.09567614900006,8.642161533000035],[126.12689384900011,8.65428108700007],[126.13772147100009,8.67171512900006],[126.17658650100009,8.684491542000046],[126.18873111200004,8.698292148000066],[126.2131240870001,8.691465252000057],[126.21815486400011,8.73951145700005],[126.254568854,8.773354425000036],[126.29081400700011,8.773592643000029],[126.30322399400005,8.783755615000075],[126.30698122400008,8.813048818000027],[126.32238964300008,8.819247561000054],[126.33414753600005,8.840108694000039],[126.32348093500002,8.870113813000044],[126.30721725800005,8.880629320000025],[126.32510176200003,8.896571995000045],[126.31130432100008,8.91590837600006],[126.3066633430001,8.956143706000034],[126.26976770000012,8.984452894000071],[126.21718298800012,9.042277955000026],[126.19554935400004,9.081616952000047],[126.16919582000004,9.086647322000031],[126.15798473900009,9.10508573200002],[126.1786362580001,9.16552541500005],[126.17484314700005,9.202198470000043],[126.1832714310001,9.219692222000047],[126.18105646200002,9.243395920000069],[126.19703345500011,9.27184708900006],[126.19073736600002,9.28790004700005],[126.20301628400013,9.308551925000074],[126.16993668500005,9.309302893000051],[126.13723031900007,9.270253824000061],[126.09886021600006,9.24664081700007],[126.08139118000008,9.24569008000003],[126.056607073,9.233157799000026],[126.02850486400008,9.256715272000067],[125.99594463500013,9.301543573000059],[125.97266995800008,9.35482517500003],[125.96820335300004,9.379233445000068],[125.94912122900007,9.371227461000046],[125.89438632500004,9.413590823000046],[125.89632078300008,9.428915319000057],[125.94911246800008,9.439516175000051],[125.95091592900008,9.469983089000038],[125.93085224300012,9.456551080000054],[125.91715278600009,9.496015815000023],[125.88395799400008,9.496625582000036],[125.8790740160001,9.468664635000035],[125.83865007100007,9.43347602800003],[125.74861908000004,9.32604026800004],[125.74492488300007,9.285805789000051],[125.75296437800013,9.26828224600007],[125.75605011000003,9.23001003300004],[125.77479362200008,9.223129173000071],[125.77549790800003,9.209048868000023],[125.84052430800013,9.139607128000025],[125.86615462700001,9.093480370000067],[125.88502861000008,9.04740326700005],[125.8911233230001,8.997496070000068],[125.88880682000001,8.962539272000072],[125.89875851600004,8.869284020000066],[125.91146134400002,8.850662670000075],[125.9492966570001,8.814098076000048],[125.97028863500007,8.739795165000032],[125.98869603300012,8.712595272000042],[126.03465087000006,8.633442209000064],[126.00024613600009,8.599765467000054],[126.0001168980001,8.571312676000046],[126.02744243000006,8.56862774900003],[126.03343986000003,8.539190849000024],[126.02193997800009,8.532173914000056],[126.01648076700008,8.499474956000027],[126.0550898780001,8.447828533000061],[126.08158939500005,8.406980075000035],[126.1138136100001,8.39063531000005],[126.12906638200002,8.362670479000032],[126.12482541400004,8.323033751000025],[126.19962461600007,8.288008542000059],[126.16505058500002,8.25959883400003],[126.18316727100012,8.244580477000055],[126.15496704700001,8.223461438000072],[126.16731886100001,8.203217556000023],[126.21280728800004,8.16916810300006],[126.23722187400006,8.131953570000062],[126.23662103900007,8.05897903300007],[126.257053,8.027617],[126.23299212300002,8.011785454000062],[126.22779055100011,8.000190630000077]]]},"properties":{"adm1_psgc":1600000000,"adm2_psgc":1606800000,"adm2_en":"Surigao del Sur","geo_level":"Prov","len_crs":980894,"area_crs":4708184194,"len_km":980,"area_km2":4708},"id":1606800000},
{"type":"Feature","geometry":{"type":"MultiPolygon","coordinates":[[[[125.49896741500004,10.161806027000067],[125.49083527500012,10.134181841000045],[125.47671038600004,10.125423048000073],[125.48105318000013,10.104152954000028],[125.4979946420001,10.10059859100005],[125.49715033000007,10.078843271000038],[125.51047483500007,10.06217432100004],[125.52849983000009,10.06245102500003],[125.53925795500002,10.081084211000077],[125.58534326400002,10.081658503000027],[125.59960257500006,10.059171930000048],[125.58319761200006,10.050333925000073],[125.56862485400005,10.018106197000066],[125.58819281800004,9.989979711000043],[125.60840931200003,9.983625145000076],[125.60217406200002,9.965467646000036],[125.64560349700002,9.930891682000036],[125.64259,9.882170001000077],[125.66028,9.8525],[125.67677343800004,9.867633453000053],[125.70100355600006,9.866850264000051],[125.70677218100002,9.898652139000035],[125.65838497000004,9.951259023000034],[125.67899575800004,9.962199298000028],[125.67269702700003,9.990389494000054],[125.69523458700007,10.047548144000073],[125.69243939300009,10.080075816000035],[125.67271912800003,10.113259064000033],[125.66366948700012,10.114353303000032],[125.66321458700007,10.154010808000065],[125.64386418300012,10.185145067000061],[125.66189179100002,10.197223704000066],[125.65355021000005,10.229237628000023],[125.655340055,10.277127553000069],[125.64730039500012,10.306486660000074],[125.66308188300003,10.335054646000058],[125.67697708100003,10.395211271000052],[125.66553912200004,10.434238513000025],[125.64207125900009,10.471594696000066],[125.62293046900004,10.458857803000058],[125.60880191400008,10.43226278300005],[125.6121508220001,10.420914158000073],[125.60491927200007,10.379834500000072],[125.58192529300005,10.358801643000048],[125.55159009600004,10.385373169000045],[125.54769139300004,10.356592471000058],[125.55585741700008,10.339885769000034],[125.55163587500012,10.320284294000032],[125.51958110600003,10.324105334000024],[125.51439362800011,10.298536205000062],[125.52139023200004,10.277206387000033],[125.52114368100001,10.245742640000062],[125.54084135300002,10.209881218000021],[125.52302079100002,10.202449982000076],[125.49896741500004,10.161806027000067]]],[[[125.49016947400004,10.422058033000038],[125.50161776800007,10.445649912000022],[125.47165442800008,10.46217387400003],[125.46334023600002,10.457116167000036],[125.49016947400004,10.422058033000038]]]]},"properties":{"adm1_psgc":1600000000,"adm2_psgc":1608500000,"adm2_en":"Dinagat Islands","geo_level":"Prov","len_crs":578142,"area_crs":806269387,"len_km":578,"area_km2":806},"id":1608500000},
{"type":"Feature","geometry":{"type":"MultiPolygon","coordinates":[[[[122.025638834,13.198950266000056],[122.04296907700007,13.217362055000022],[122.05390473500006,13.255174827000076],[122.045663783,13.275119191000044],[122.06094261300007,13.283653204000071],[122.06854944000007,13.30601880200004],[122.12034826500009,13.339298628000053],[122.1281054420001,13.362364979000064],[122.15033096000002,13.37274405200003],[122.12263223200013,13.392369265000074],[122.11772728200005,13.42581905800006],[122.1282661460001,13.446885207000035],[122.10785701600004,13.476889477000041],[122.08253283400006,13.489447886000047],[122.06598900600011,13.476923832000068],[122.04142717800006,13.486037124000063],[122.04845108400002,13.51207870400003],[122.00885631500013,13.549470877000031],[121.99898888800008,13.52258892300006],[121.9790357600001,13.520964863000076],[121.93500686200004,13.54279518900006],[121.91834942600006,13.525369456000021],[121.89927871200005,13.532392582000055],[121.893003914,13.548434357000072],[121.86650869800009,13.570692178000057],[121.8570259070001,13.557961107000043],[121.86714063600004,13.526687078000068],[121.8507356130001,13.518809131000067],[121.83446406200005,13.47864757700006],[121.81098010900007,13.44682584000003],[121.82520813200006,13.400753111000029],[121.82191761600006,13.342776522000063],[121.83823354000003,13.33419367400006],[121.86182517300006,13.290177333000027],[121.8844050240001,13.275885698000025],[121.90740916100005,13.272423985000048],[121.92625949700006,13.256688515000063],[121.95043491600006,13.249266621000059],[121.96230032700008,13.22737350400007],[121.98242081,13.207542885000064],[122.025638834,13.198950266000056]]],[[[122.09942303900003,13.503894864000074],[122.06744828100013,13.525102970000034],[122.06808601800003,13.501783747000047],[122.08883528400008,13.495990049000058],[122.09942303900003,13.503894864000074]]]]},"properties":{"adm1_psgc":1700000000,"adm2_psgc":1704000000,"adm2_en":"Marinduque","geo_level":"Prov","len_crs":313105,"area_crs":922124336,"len_km":313,"area_km2":922},"id":1704000000},
{"type":"Feature","geometry":{"type":"MultiPolygon","coordinates":[[[[120.04541247400003,13.866463494000072],[120.0572684030001,13.872208980000039],[120.0459672920001,13.896655501000051],[120.0180315120001,13.888869304000025],[120.04541247400003,13.866463494000072]]],[[[120.26887019900003,13.670427757000027],[120.28690590100007,13.698434228000052],[120.25305381500004,13.716661677000046],[120.26831343000005,13.750945422000028],[120.26374010400002,13.777289721000049],[120.2232862820001,13.820672090000075],[120.16372692600011,13.83020353100005],[120.1325082830001,13.857781291000036],[120.09021436700004,13.864584576000027],[120.07679464100012,13.85016738200005],[120.09427551300008,13.835650970000074],[120.09088033500007,13.810024699000055],[120.0995642490001,13.785622679000028],[120.12897845600003,13.764820290000047],[120.15377221200004,13.758943768000053],[120.15617198300005,13.746355252000056],[120.18478645900007,13.740772915000036],[120.2098528800001,13.728197713000041],[120.21577379100006,13.71365380700007],[120.25391911500003,13.702342792000021],[120.26887019900003,13.670427757000027]]],[[[120.30505769400008,13.832022729000071],[120.27423348500008,13.806408271000066],[120.27706840300006,13.788082510000036],[120.31022625100002,13.775112397000044],[120.33004386100004,13.787211295000075],[120.33519881200006,13.806161148000058],[120.30505769400008,13.832022729000071]]],[[[120.42262117300004,13.627657895000027],[120.423194382,13.64075457800004],[120.40686980200007,13.65497876900002],[120.36109514400005,13.650138835000066],[120.40524104500001,13.628681298000062],[120.42262117300004,13.627657895000027]]],[[[120.88377781900009,13.500751612000043],[120.8551514090001,13.484727092000067],[120.84276594900007,13.486814472000045],[120.78582836700002,13.468433221000057],[120.76270750000003,13.464652527000053],[120.72162419300004,13.479308338000065],[120.67247906900003,13.491943779000053],[120.61419522200005,13.48910294500007],[120.60964990800005,13.494662037000067],[120.56043521700008,13.508323020000034],[120.52631248300008,13.504285680000066],[120.50545729300006,13.509846982000054],[120.47822040700011,13.50386135300005],[120.4537128410001,13.51813722700007],[120.41326832000004,13.53084025500004],[120.34544126500009,13.505214643000047],[120.31333364500004,13.47623647800003],[120.29917599000011,13.445166755000056],[120.3106495510001,13.42018476800007],[120.34508311500007,13.382094476000075],[120.36109817400006,13.384414676000063],[120.38673705500003,13.375043978000065],[120.38880181900004,13.403519739000048],[120.43568731500011,13.427135893000068],[120.45657850900011,13.418639173000033],[120.47422840600005,13.396813493000025],[120.46641339200006,13.379206900000042],[120.48640964800006,13.320106725000072],[120.48207239500005,13.293314112000074],[120.50488060900011,13.265128078000032],[120.52318650200003,13.266436541000076],[120.545179865,13.230839737000055],[120.57329242800006,13.221164849000045],[120.59369627700005,13.221072173000035],[120.6098776560001,13.198568678000072],[120.64790500700008,13.191938336000021],[120.67738559300005,13.151344281000036],[120.68324645000008,13.13373403600002],[120.70418807700003,13.106089063000068],[120.72510151100005,13.064967652000064],[120.73720078400002,13.055098485000029],[120.76067512800012,13.002569031000064],[120.7796215420001,12.917398886000058],[120.782458571,12.86918232600004],[120.77305419000004,12.845372235000069],[120.78393965600003,12.823705027000074],[120.78464413800008,12.784737781000048],[120.79251982300003,12.753259814000046],[120.78899065000009,12.734430004000048],[120.80423164600008,12.72022516800007],[120.83655768500012,12.727594016000069],[120.85945118000006,12.712935992000043],[120.87015031000011,12.68273848600006],[120.90146461900008,12.656961366000072],[120.91916307200006,12.619494609000068],[120.92824469900006,12.614455774000021],[120.93854947400007,12.58082537300004],[120.9343025170001,12.558834822000051],[120.91956621900009,12.532348773000022],[120.92460034300005,12.505793615000073],[120.9437958630001,12.487675544000071],[120.98010639300004,12.423448437000046],[121.00745252900003,12.411373962000026],[121.04147170100009,12.35966507200004],[121.06749464300003,12.339855598000039],[121.08755456400003,12.33742644700004],[121.1182147090001,12.320052118000037],[121.09320334000007,12.28893985600007],[121.11252697000008,12.266284247000042],[121.11416599100005,12.244523963000061],[121.1894971480001,12.244013404000043],[121.2323294580001,12.223635932000036],[121.24350371600008,12.207783105000033],[121.24089554400008,12.24314360300002],[121.24686917500003,12.291886716000018],[121.23585117000006,12.319666766000067],[121.22949510200012,12.411468316000027],[121.23873678200006,12.522414437000066],[121.24943248000011,12.545303128000057],[121.261273361,12.694725695000047],[121.2562867600001,12.728058734000056],[121.25874112900009,12.756897567000067],[121.24702429300011,12.826554369000064],[121.24354899100003,12.899506232000023],[121.24529862100007,12.923056417000057],[121.23957866800005,13.010270545000026],[121.24088143300004,13.065091710000045],[121.18545674800009,13.081633324000055],[121.16962748800006,13.093317855000066],[121.11848852900006,13.105488950000051],[121.00383125200007,13.180538426000057],[120.973278316,13.197198405000055],[120.80067606600007,13.280248262000041],[120.88701512500006,13.422209404000055],[120.888238235,13.477842442000053],[120.88377781900009,13.500751612000043]]],[[[121.10333763100006,12.208372861000042],[121.1058824800001,12.227924586000029],[121.0865930110001,12.276194684000073],[121.07421544600005,12.297520782000047],[121.04290208200007,12.289966467000058],[121.03506012300011,12.272325569000031],[121.03323711600002,12.243940328000061],[121.03919181300012,12.223300557000073],[121.06873986200004,12.21537058700005],[121.08813198800009,12.18992360800007],[121.08639337400007,12.173900804000025],[121.10512202500003,12.171322328000029],[121.11819863700009,12.153010055000037],[121.13343681400012,12.170207184000049],[121.10333763100006,12.208372861000042]]],[[[121.0276966460001,12.18542067900006],[121.02139019100002,12.229909659000041],[121.00159230100007,12.219654459000026],[121.00672925800008,12.201413520000076],[121.0276966460001,12.18542067900006]]]]},"properties":{"adm1_psgc":1700000000,"adm2_psgc":1705100000,"adm2_en":"Occidental Mindoro","geo_level":"Prov","len_crs":851154,"area_crs":5975358124,"len_km":851,"area_km2":5975},"id":1705100000},
{"type":"Feature","geometry":{"type":"Polygon","coordinates":[[[121.24350371600008,12.207783105000033],[121.26294614100006,12.238838823000036],[121.26389846600013,12.26722977600002],[121.27904720900005,12.287470806000043],[121.33193730100005,12.294139467000036],[121.34516088500003,12.325955426000062],[121.36178671100005,12.324090474000059],[121.36963684300008,12.289903053000044],[121.40115387800007,12.294745519000058],[121.386000641,12.318535017000045],[121.38407667800006,12.36253177900005],[121.41347500300003,12.36720887400003],[121.44370767900011,12.355286048000039],[121.4285587400001,12.385048640000035],[121.414447891,12.391851285000032],[121.40966251400005,12.444514043000027],[121.43985548100011,12.48158021300003],[121.44315023000001,12.521801367000023],[121.46643758800008,12.524508035000057],[121.50808458800009,12.551439806000074],[121.51597444700008,12.57734977600006],[121.5311622690001,12.59528798100007],[121.55695189700008,12.60440721100002],[121.54829623600006,12.642310922000036],[121.54817716100003,12.670486760000074],[121.53858612600004,12.69609292500007],[121.5174892770001,12.724783963000046],[121.48373512900002,12.756633674000057],[121.475935907,12.774380036000027],[121.48381367500008,12.827512775000057],[121.4945201380001,12.848849236000033],[121.48602638600003,12.870013973000027],[121.48302260000003,12.904741507000042],[121.49834281600012,12.939006966000022],[121.4860682320001,12.99869095100007],[121.48971430400003,13.028993634000074],[121.50507314800006,13.054728030000035],[121.54127613900005,13.074733316000046],[121.55833375500004,13.09583275600005],[121.54948303400012,13.121850763000053],[121.53545781600008,13.139913221000027],[121.48775644300008,13.14695341200007],[121.47518638400004,13.135852768000065],[121.43908012600002,13.149932461000047],[121.43537209600002,13.160066680000057],[121.44964697700004,13.189870744000075],[121.44449154000007,13.214681650000047],[121.41496520700004,13.237473138000041],[121.39506600700008,13.23706405000007],[121.370585935,13.257500579000068],[121.3551221990001,13.28541267500003],[121.31198979400004,13.329594243000031],[121.30427189000012,13.343813746000023],[121.2529241970001,13.372678608000058],[121.228124062,13.403561861000073],[121.1935514600001,13.423536272000035],[121.18064761100003,13.416046794000067],[121.13686785600008,13.410699704000024],[121.10268151100001,13.41832149000004],[121.06271574900006,13.403941213000051],[121.03652270300006,13.418454498000074],[121.01823722200005,13.442102721000024],[120.98633922700004,13.470611877000067],[120.97407608900005,13.469282908000025],[120.95517496100003,13.496466357000031],[120.98270434900006,13.51499602700005],[120.96447492900006,13.526339248000053],[120.95138102900012,13.502527110000074],[120.92562996000002,13.512368470000068],[120.88377781900009,13.500751612000043],[120.888238235,13.477842442000053],[120.88701512500006,13.422209404000055],[120.80067606600007,13.280248262000041],[120.973278316,13.197198405000055],[121.00383125200007,13.180538426000057],[121.11848852900006,13.105488950000051],[121.16962748800006,13.093317855000066],[121.18545674800009,13.081633324000055],[121.24088143300004,13.065091710000045],[121.23957866800005,13.010270545000026],[121.24529862100007,12.923056417000057],[121.24354899100003,12.899506232000023],[121.24702429300011,12.826554369000064],[121.25874112900009,12.756897567000067],[121.2562867600001,12.728058734000056],[121.261273361,12.694725695000047],[121.24943248000011,12.545303128000057],[121.23873678200006,12.522414437000066],[121.22949510200012,12.411468316000027],[121.23585117000006,12.319666766000067],[121.24686917500003,12.291886716000018],[121.24089554400008,12.24314360300002],[121.24350371600008,12.207783105000033]]]},"properties":{"adm1_psgc":1700000000,"adm2_psgc":1705200000,"adm2_en":"Oriental Mindoro","geo_level":"Prov","len_crs":605235,"area_crs":4198894631,"len_km":605,"area_km2":4198},"id":1705200000},
{"type":"Feature","geometry":{"type":"MultiPolygon","coordinates":[[[[120.01551806700002,12.000373056000056],[120.02068658100008,11.987890241000057],[120.04754629500006,11.994877947000074],[120.06148459100007,12.014430484000059],[120.08802929900003,11.99542166900005],[120.09251932500001,11.97247647100005],[120.11261634800009,11.975183364000031],[120.11424202700005,11.988812472000063],[120.13737151400005,12.00274010300006],[120.14020857100002,12.023673349000033],[120.17578698800004,12.02394091800005],[120.17728107600011,12.00847397500007],[120.20591460000004,11.99378818900004],[120.22704736800006,11.990252012000042],[120.25164249500006,12.006602833000047],[120.29131116900008,11.98340383400006],[120.309819833,11.997787322000022],[120.32872098000006,11.995762714000024],[120.3399108770001,12.012359020000076],[120.3241804280001,12.031050708000066],[120.34098486700009,12.057722276000051],[120.33589454800006,12.073636676000035],[120.28375518300004,12.128217824000044],[120.24586075600008,12.132455197000068],[120.25220358200012,12.145733807000056],[120.24192231100005,12.160448281000072],[120.24042686300004,12.194650336000048],[120.22544422100007,12.197516476000029],[120.20704872700003,12.154495023000035],[120.21319623600006,12.131518381000035],[120.17968353900005,12.133032541000032],[120.1621201710001,12.122399840000067],[120.14539091900008,12.142060978000076],[120.12834449700006,12.14823669900005],[120.10577655400006,12.171435981000057],[120.09354974700011,12.173577697000042],[120.09922474700011,12.200938834000054],[120.07601114000012,12.189712529000074],[120.06180787200005,12.191802779000056],[120.04817341500006,12.226660705000025],[120.02204103700002,12.23959656000005],[120.00999376000004,12.255177644000073],[119.98472402100003,12.259233021000057],[119.96616752200009,12.270793808000064],[119.94850794200012,12.26514704200002],[119.92313634700007,12.298673587000053],[119.92346293700008,12.319622195000022],[119.89429041100004,12.329635421000033],[119.88030076500003,12.327439257000037],[119.86801836100005,12.303638622000047],[119.87865662300011,12.289665048000076],[119.87823713600005,12.265373416000047],[119.85962396800005,12.249894397000048],[119.859092099,12.235269989000072],[119.87540651500002,12.223237448000077],[119.86432440300007,12.194159548000075],[119.84825736300002,12.174899865000045],[119.86175636400003,12.167452448000063],[119.87794549600007,12.199672156000075],[119.89662071900013,12.201441058000055],[119.90543026900004,12.181137303000071],[119.90017257500006,12.163333917000044],[119.914660345,12.156372844000028],[119.93478747000007,12.12170731200007],[119.93301786600013,12.087426987000072],[119.96920967400001,12.06283103000004],[119.97220210000012,12.024090578000028],[120.01551806700002,12.000373056000056]]],[[[120.06260869300002,11.986730575000024],[120.06691406200002,11.961323840000034],[120.082472175,11.96957818900006],[120.06260869300002,11.986730575000024]]],[[[120.19585456900006,11.979921098000036],[120.18095167700004,11.992001213000037],[120.16734326300002,11.982759234000069],[120.1352738810001,11.99190613500002],[120.1389133350001,11.970060239000077],[120.19585456900006,11.979921098000036]]],[[[120.25821579800004,11.891659313000048],[120.24903726200012,11.908548791000042],[120.27618261600003,11.92592229400003],[120.27205810500006,11.968468073000054],[120.24235949600006,11.974661295000029],[120.21592959700003,11.957255226000031],[120.19475718500007,11.933499636000022],[120.23083109700008,11.879588657000053],[120.23668757200004,11.846676940000066],[120.25892988200006,11.863853493000024],[120.25821579800004,11.891659313000048]]],[[[120.06045469600006,11.797445666000044],[120.03812098600008,11.80844030400004],[120.03515029200003,11.832450148000023],[120.06316848400002,11.856960758000072],[120.06205358700004,11.869953615000039],[120.02029468200011,11.882709019000059],[120.02238704700007,11.89288193600004],[119.98700704900013,11.899946112000066],[120.01703957800011,11.91487213800002],[119.99879324400003,11.934264075000044],[119.95851716200004,11.913784498000044],[119.94423639500009,11.93004158700006],[119.9415040890001,11.94974154400006],[119.92123271700005,11.957233199000028],[119.9004395720001,11.979113743000028],[119.87215840100009,11.969493285000054],[119.89435246700009,11.944231375000074],[119.87556315300003,11.93348344900005],[119.86947701800013,11.896553526000048],[119.89491204400008,11.861051845000075],[119.91525864500011,11.843903111000031],[119.90287525600002,11.83480879800004],[119.92857051300008,11.76029132900004],[119.96115233700004,11.763025809000055],[119.9590559930001,11.786599327000033],[119.99086888500007,11.796418731000074],[119.99188650100008,11.77587394900007],[119.97097787100006,11.762828557000034],[119.96394178100002,11.748552317000076],[119.93726507600002,11.723405445000024],[119.94631673900005,11.680562861000055],[119.96265286900008,11.662339356000075],[119.97195611500003,11.678650598000045],[120.00235994300009,11.67737309100005],[120.05544024900007,11.744546907000027],[120.04223706100004,11.76379610400005],[120.06564934300003,11.789089757000056],[120.06045469600006,11.797445666000044]]],[[[120.02280446000009,11.95473602100003],[119.99353563800004,11.97014023500003],[119.98572399600003,11.944828440000038],[120.02280446000009,11.95473602100003]]],[[[120.0716269950001,11.851468786000053],[120.08285741400005,11.826915774000042],[120.10073323200005,11.82457388900002],[120.10043881500008,11.846220201000051],[120.0716269950001,11.851468786000053]]],[[[119.7283840360001,11.445057691000045],[119.76082241600011,11.404332838000071],[119.78587038600007,11.42562575300008],[119.80119880000007,11.416683689000024],[119.81956498900003,11.37648725400004],[119.85131665400002,11.413571697000064],[119.86857325000005,11.45324181700005],[119.86234720000004,11.463749982000024],[119.87120564200006,11.491302556000049],[119.86842683500004,11.506232225000074],[119.84546947800004,11.515705513000057],[119.83023216200003,11.50925373800004],[119.84751581600005,11.486197678000053],[119.84413766400007,11.476135237000051],[119.80707968500009,11.464549107000039],[119.78595655800007,11.465407531000038],[119.76491052900009,11.451203013000056],[119.7390595380001,11.466399184000066],[119.71451666400003,11.46575689800005],[119.7283840360001,11.445057691000045]]],[[[120.82975960000009,11.44997782000007],[120.83453497200003,11.41759570200003],[120.85072765600013,11.428930088000069],[120.82975960000009,11.44997782000007]]],[[[117.19226196500006,8.330327765000048],[117.202590299,8.331071219000023],[117.24020061200008,8.370675104000043],[117.26485255000013,8.409419654000033],[117.28337692600007,8.41040791200004],[117.290443922,8.425353200000075],[117.3818652340001,8.492959833000043],[117.39743755400002,8.489272988000039],[117.4145658130001,8.499626009000051],[117.43946201200004,8.500584591000061],[117.46287670900006,8.509293355000064],[117.50114933200007,8.50105290500005],[117.5138412770001,8.533883933000027],[117.53814921400011,8.565440451000029],[117.5470894780001,8.596792179000035],[117.53085479400012,8.625196067000049],[117.5354078780001,8.639994851000042],[117.57093423300013,8.675832001000058],[117.62414865500013,8.657228287000066],[117.6454555360001,8.66603225700004],[117.67417916500004,8.669239590000075],[117.70130680400008,8.686733053000069],[117.74190526800011,8.686958493000075],[117.7592463520001,8.704731904000027],[117.77935209600001,8.71418490800005],[117.806993594,8.765912264000063],[117.82216568400007,8.77460043900004],[117.83955278900011,8.77087655400004],[117.87317721600006,8.817480891000061],[117.90788191800004,8.843055881000053],[117.92627028700008,8.843014529000072],[117.96346488700011,8.872436995000045],[117.98140920800007,8.869739090000055],[118.00351801800004,8.881273704000021],[118.08553305600003,9.030202554000025],[118.07722024500005,9.046680691000063],[118.10238962900007,9.052021484000019],[118.10503078100008,9.102799152000046],[118.12201352600006,9.142825825000044],[118.1816638040001,9.151713034000068],[118.20947744600004,9.168917547000035],[118.22033038900008,9.157519119000026],[118.29594307200011,9.18265554200002],[118.32945129200004,9.17387235800004],[118.34283907300006,9.17774418500005],[118.39808183000002,9.24320116200005],[118.4161984760001,9.245778345000074],[118.420519097,9.263820891000023],[118.4441314940001,9.277570173000072],[118.4600036170001,9.29853009200002],[118.48462151900003,9.298813873000027],[118.50576690000004,9.329889302000026],[118.516846879,9.331388662000053],[118.53613674500002,9.371558392000054],[118.53774696200003,9.388674387000037],[118.58643370000006,9.455351452000059],[118.6031325450001,9.462653548000047],[118.62207986300008,9.505238916000055],[118.637806392,9.504737924000038],[118.66074944800005,9.559793249000052],[118.67492726800003,9.561979798000038],[118.69531847500002,9.584766012000044],[118.70354834800004,9.61041701100004],[118.76059294900006,9.666600343000027],[118.7619447720001,9.687291197000034],[118.71961947000013,9.684603163000077],[118.72462465100011,9.70814524800005],[118.69944205600008,9.708872523000025],[118.70065522200004,9.728695593000053],[118.69166256000007,9.769642779000035],[118.7356848390001,9.773436901000025],[118.73354666000013,9.72971526200007],[118.7726911310001,9.728759030000049],[118.77197933100003,9.805950923000069],[118.741742604,9.844382341000028],[118.74740446900012,9.882567278000066],[118.74104554800012,9.896524113000055],[118.7578691100001,9.932005317000062],[118.7914317960001,9.94487657600007],[118.82255668800008,9.938104153000038],[118.85322624900004,9.971851993000028],[118.881859598,9.98126744500007],[118.91250193600001,9.974749907000046],[118.94965985400006,9.98369014900004],[118.9837852600001,9.986234675000048],[119.00321048400009,9.997265147000062],[119.07200837000006,10.01248470400003],[119.106767869,10.023440434000065],[119.14698617200008,10.025992009000051],[119.19711689400005,10.047823479000044],[119.21614630800002,10.074231174000033],[119.21877087200004,10.103269587000055],[119.22717710500001,10.118737873000045],[119.22886617200002,10.16737931500006],[119.2465550500001,10.181854460000068],[119.24990779600012,10.215711946000058],[119.28496190800003,10.255674724000073],[119.30040233800004,10.284735903000069],[119.33213536400001,10.314979052000067],[119.352461951,10.315052385000055],[119.36516760300005,10.340381293000066],[119.38031221900009,10.346187398000039],[119.42778439700011,10.352194394000037],[119.44538022500002,10.369933856000044],[119.46331728000007,10.375855618000056],[119.52151262000007,10.363264785000068],[119.57069413300007,10.37316712100005],[119.57592148800006,10.400685485000055],[119.58813523700007,10.419817453000064],[119.65292698400003,10.461074127000074],[119.67679518500005,10.49260724800007],[119.69592247000003,10.492989613000077],[119.71731490700004,10.509287198000036],[119.70796610000004,10.531972356000042],[119.69107371300004,10.544231349000027],[119.670950016,10.54710449000004],[119.66301853700008,10.573396084000024],[119.64532612000004,10.60674864400005],[119.63660424800003,10.641307187000052],[119.64553604600007,10.676468764000047],[119.6249274500001,10.669756419000066],[119.57043093600011,10.665955216000043],[119.60085634600011,10.725105513000074],[119.58701335800004,10.74583596600007],[119.59456570100008,10.759594743000036],[119.58285177000005,10.773384720000024],[119.59905537300006,10.813615302000072],[119.58645884300007,10.836754265000026],[119.57478886800003,10.838432822000074],[119.53309716700007,10.814521736000072],[119.51062670700003,10.82911582500003],[119.509123412,10.861163488000043],[119.48409554400007,10.873523718000056],[119.49894671800007,10.925129391000041],[119.49266304500009,10.990507415000023],[119.50231278000003,11.007514337000028],[119.52062031800006,11.016036023000026],[119.54628579300005,11.00038414000005],[119.56829796800004,11.000847316000032],[119.56615057200007,11.024220281000055],[119.55112284300004,11.062017360000029],[119.53096062600002,11.075731795000026],[119.512249988,11.098080246000054],[119.50051873100004,11.134188353000068],[119.53828922000004,11.17472606700005],[119.54055942200011,11.196939347000068],[119.55466389400009,11.21764250800004],[119.56792755600009,11.291647956000078],[119.55174762300011,11.336428626000043],[119.5367978920001,11.321802545000025],[119.508932,11.336583448000056],[119.50510230400006,11.379587309000042],[119.50855862800006,11.400642144000072],[119.4980125830001,11.418415164000065],[119.47423503800007,11.421907452000024],[119.46954280300008,11.403135621000047],[119.47719408300009,11.375326020000044],[119.46405297000001,11.352548877000059],[119.43672099300012,11.343454817000064],[119.41683906900005,11.311305275000048],[119.4221192130001,11.237674059000028],[119.41736813500007,11.21304838000003],[119.39615963800009,11.195872005000068],[119.39161362200004,11.182100640000046],[119.39670541100008,11.146682501000043],[119.42161331200009,11.14795888700007],[119.423951181,11.109443217000035],[119.41552192000007,11.077065922000031],[119.41440237500002,11.036481427000068],[119.39302337700008,11.034948279000048],[119.36623513600011,11.04913747100005],[119.32654965500002,11.094051558000046],[119.3280869260001,11.038975185000028],[119.34182586600002,11.033520278000024],[119.36366969800008,11.00612330700005],[119.3385118660001,10.995386488000067],[119.32965535200005,11.024628036000022],[119.32040017600002,11.03238162900004],[119.30431438300002,11.005697674000032],[119.30854690400008,10.96366537700004],[119.32742837800004,10.936742415000026],[119.33798590900007,10.945267361000047],[119.3611885890001,10.937914685000067],[119.3411454520001,10.902329592000056],[119.35925362600005,10.873101781000058],[119.37445840400007,10.861721478000046],[119.41298107400007,10.871940122000067],[119.4166137630001,10.857845788000077],[119.454472472,10.841341037000063],[119.43838870700007,10.823152996000033],[119.44512129400003,10.768751121000038],[119.46049434500003,10.722948317000034],[119.42894727600002,10.72191252300007],[119.41824838800007,10.758262872000046],[119.38554184600002,10.794142048000023],[119.32406259500009,10.817192555000076],[119.27005224600009,10.865317110000035],[119.28455483900008,10.912795158000051],[119.26345092900011,10.944628558000032],[119.24147711100011,10.907641076000061],[119.25905686400006,10.890284234000033],[119.24358643500011,10.882611518000033],[119.23609045400008,10.854274729000052],[119.26065234500005,10.81895021200006],[119.26716627300004,10.78032898300006],[119.27505004400008,10.764524035000024],[119.30312273100003,10.775435054000067],[119.31789121200006,10.769395168000075],[119.34266719200002,10.735804763000033],[119.34054743900003,10.697177284000079],[119.33006327500004,10.669267997000077],[119.32703406200007,10.640241666000062],[119.31760845100007,10.613846916000055],[119.3182603890001,10.590779605000023],[119.29237591900004,10.556569326000044],[119.2659595790001,10.538816828000048],[119.25540266400002,10.483593241000051],[119.22672492000004,10.486068938000074],[119.21283245300003,10.46000484500007],[119.19104870500009,10.452194615000053],[119.17880912800001,10.415834208000039],[119.16399442700003,10.413119779000056],[119.12920851,10.38393434100004],[119.1148190780001,10.406930153000076],[119.11912611300012,10.445115229000068],[119.10375665500011,10.467806337000066],[119.0731486000001,10.397333967000062],[119.05719964300012,10.386423664000061],[119.03635278900002,10.408833784000022],[119.00145875400004,10.40255034200004],[118.96829338600003,10.363481188000035],[118.9868166330001,10.351417200000068],[119.00686934900011,10.371563661000039],[119.0201714630001,10.350146848000064],[118.99657166100008,10.321872800000051],[118.99094380100007,10.301476283000056],[118.95889396300004,10.28303984100006],[118.9506964540001,10.241205104000075],[118.93648759500002,10.20577775300006],[118.89718570900004,10.196290431000023],[118.8807303970001,10.209037704000021],[118.86219267500006,10.209455679000026],[118.8445236780001,10.190085510000074],[118.80608380800004,10.192632269000057],[118.80470512800002,10.174015218000024],[118.81343952300006,10.132722936000048],[118.81022310600008,10.111396713000032],[118.83005717200001,10.102728695000053],[118.80647575900004,10.051868188000071],[118.80815629300002,10.028180729000038],[118.77451903400005,10.024450365000064],[118.77158316200007,10.102397881000059],[118.74659775900011,10.106350152000063],[118.745830866,10.08481192000005],[118.72529400600001,10.059316565000074],[118.72147976500003,10.035079865000059],[118.7039238430001,10.038383544000055],[118.68471928900011,10.013319010000034],[118.6731155780001,10.01206145800006],[118.652182175,9.982736477000058],[118.66336100400008,9.975446338000038],[118.64228142700006,9.947540803000036],[118.64598631600008,9.937721488000022],[118.60642985800007,9.90810842300004],[118.61417441200001,9.888184416000056],[118.588921808,9.855846730000053],[118.56918126800008,9.847500382000023],[118.56833757800008,9.834682202000065],[118.5217736210001,9.777284723000033],[118.4754326010001,9.732640199000059],[118.44867150500009,9.727814756000043],[118.40914953900005,9.686928297000065],[118.40707057500005,9.663829399000067],[118.39177124600008,9.66269153100006],[118.37340446500004,9.64493331500006],[118.35519467900008,9.656344344000047],[118.33095488100004,9.630659741000045],[118.34099109800003,9.615964035000047],[118.32835423600011,9.580321588000059],[118.29525114800003,9.559168667000053],[118.27136265200011,9.521310654000045],[118.21163184700005,9.486397431000055],[118.19934713700002,9.473107908000028],[118.18613211200011,9.411007157000025],[118.14278956800001,9.395497249000073],[118.12908577700011,9.398199158000068],[118.11644032100003,9.375141436000034],[118.12652813900003,9.342495458000025],[118.08786521700004,9.334086079000032],[118.08691778100001,9.31607291200004],[118.06588069700001,9.299690938000026],[118.04680516600001,9.295055982000063],[118.01286308400006,9.24172399100007],[117.99228157100005,9.238887359000046],[117.96234483800002,9.270334768000053],[117.94658352400006,9.252042559000074],[117.9059648860001,9.26118459600002],[117.88343862200009,9.244200973000032],[117.86550204500008,9.213941832000048],[117.85544343800005,9.217517641000027],[117.82701396300003,9.189176278000046],[117.77573074500003,9.164873870000065],[117.77705725600003,9.137018263000073],[117.76191598500009,9.128087795000054],[117.75881574200002,9.094789327000056],[117.74519197000006,9.067691352000052],[117.72149642200009,9.069459281000034],[117.7002937100001,9.079034635000026],[117.659342121,9.066254059000073],[117.62144068500004,9.030113454000059],[117.62146731700012,8.999535212000065],[117.59468196800003,8.98040647300007],[117.58348604000004,8.96229875600005],[117.54741453500003,8.956657273000076],[117.54422605000003,8.935368197000058],[117.4909206640001,8.888314330000071],[117.49366506300011,8.874796842000023],[117.4652388740001,8.838538213000048],[117.44883605700012,8.810820986000065],[117.41924218400005,8.785826771000075],[117.42090846100008,8.756777133000073],[117.3687807650001,8.746788163000074],[117.34894117200008,8.73153172700006],[117.3466231230001,8.713227608000066],[117.32650751100003,8.698176626000077],[117.32709681100005,8.673600590000033],[117.29430699000012,8.654547770000024],[117.27911163400007,8.628189809000046],[117.27712832000009,8.606765499000062],[117.25361097000008,8.605683134000062],[117.26518434700007,8.581025226000065],[117.24711728500004,8.568423316000061],[117.22093743800009,8.525858490000074],[117.2245765870001,8.514636097000052],[117.21118073600007,8.489097490000063],[117.21470898300004,8.430325159000063],[117.19564846300011,8.40892051700007],[117.17738698900007,8.368599954000047],[117.17424600900006,8.340622559000051],[117.19226196500006,8.330327765000048]]],[[[119.6748787460001,11.264503052000062],[119.67872084700002,11.281901288000029],[119.69607791100009,11.311991149000049],[119.65647060300012,11.29943255300003],[119.665889278,11.268924533000074],[119.6748787460001,11.264503052000062]]],[[[119.34640228300009,11.226392082000077],[119.34057976600002,11.216024331000028],[119.36688221000009,11.201415682000059],[119.37540600400007,11.217263030000025],[119.34640228300009,11.226392082000077]]],[[[119.27032266300012,11.188330152000047],[119.26651057000004,11.219605095000079],[119.25380214500002,11.214719518000038],[119.27032266300012,11.188330152000047]]],[[[119.5645321490001,11.137952776000079],[119.59249915200009,11.14146071700003],[119.62509588800003,11.162078350000057],[119.62493005300007,11.189003290000072],[119.59207451000009,11.19330825000003],[119.58195934700007,11.17936609000003],[119.55613454600007,11.173240365000026],[119.55557535000003,11.151696697000032],[119.5645321490001,11.137952776000079]]],[[[120.95483011400006,11.132120023000027],[120.98734085600006,11.154200958000045],[120.97851369100012,11.173862042000055],[120.94758436200004,11.160132171000045],[120.93849580900007,11.143839801000068],[120.95483011400006,11.132120023000027]]],[[[119.6761080760001,11.10128448100005],[119.697276825,11.093810118000022],[119.68653385100004,11.124764485000073],[119.66702198400002,11.12171313500005],[119.6761080760001,11.10128448100005]]],[[[119.63344957800008,10.994886948000044],[119.64262700700012,11.024870940000026],[119.62516920100006,11.036835061000032],[119.61701170800008,11.065960490000064],[119.62100082100007,11.088451242000076],[119.58066814500013,11.090742105000059],[119.56020757700001,11.062664794000057],[119.56170017000011,11.04311591900006],[119.5985351370001,11.031817194000041],[119.59746994700004,11.011752303000035],[119.61050786600003,11.004990422000049],[119.62222862300007,11.022440317000072],[119.63344957800008,10.994886948000044]]],[[[119.70782804500004,11.057490573000049],[119.69849972500003,11.031124086000032],[119.71809276200008,11.034469374000025],[119.70782804500004,11.057490573000049]]],[[[119.27979685000003,10.956905745000027],[119.30051666700001,10.956671465000058],[119.28902862900009,10.98349981800004],[119.29943250600002,10.99994360200003],[119.29356987400001,11.021963118000029],[119.27327652100008,11.014337073000037],[119.27406572100007,10.997249968000064],[119.26262756800008,10.984694335000025],[119.27979685000003,10.956905745000027]]],[[[121.00117496000007,10.83823986000004],[121.01266037700009,10.806054566000057],[121.03943435700012,10.798623529000052],[121.06545684700005,10.808134601000061],[121.05896726500009,10.840121420000058],[121.08103309500008,10.852314685000065],[121.06177175800008,10.883671389000028],[121.07550204400002,10.905791091000026],[121.0518662720001,10.90491398700004],[121.05312012500008,10.882755278000047],[121.00637703500003,10.855062665000048],[121.00117496000007,10.83823986000004]]],[[[119.80489726300004,10.441252330000053],[119.8765004070001,10.464247150000062],[119.86676003700006,10.485874715000023],[119.91260205800006,10.474648337000074],[119.92348747200003,10.483498770000041],[119.90903579200004,10.506595022000056],[119.913242544,10.517633364000062],[119.93571012800011,10.527794568000047],[119.95840995900005,10.517499832000052],[119.97091704600007,10.530932875000074],[119.983452972,10.599544904000027],[119.966098331,10.597860294000041],[119.93927177300009,10.607775547000074],[119.90545534400009,10.60081967800005],[119.86587431700002,10.631866104000038],[119.84132396300004,10.641009080000059],[119.83413739000002,10.612596143000074],[119.80469610500006,10.587453396000056],[119.80300030600006,10.569279541000071],[119.78137066300009,10.559018263000041],[119.75187019400003,10.560442991000059],[119.74421101700011,10.529701816000056],[119.76334143400003,10.531166504000055],[119.76863112900003,10.505889610000054],[119.76260460900006,10.463948583000045],[119.77400306100004,10.450589290000039],[119.79672772900007,10.451796175000029],[119.80489726300004,10.441252330000053]]],[[[119.12268406500006,10.548921970000036],[119.165973118,10.570651059000058],[119.1526993440001,10.589705128000046],[119.13952260900011,10.580417206000048],[119.12268406500006,10.548921970000036]]],[[[119.07600635400001,10.485220195000068],[119.07246573700002,10.511371212000029],[119.05609625400007,10.50432765000005],[119.07600635400001,10.485220195000068]]],[[[118.42688178200002,9.20763444800002],[118.45209871000009,9.213178658000059],[118.45294571200009,9.236072446000035],[118.4312181900001,9.239133106000054],[118.42688178200002,9.20763444800002]]],[[[117.17832861200009,8.254628404000075],[117.20917411900007,8.265771624000024],[117.22897900100008,8.266499295000072],[117.2567994440001,8.28826968000004],[117.26199471300004,8.30557838100003],[117.22299148800005,8.314568014000029],[117.19204962900005,8.289920795000059],[117.16439019500001,8.284267956000065],[117.17832861200009,8.254628404000075]]],[[[117.2880417360001,8.185057212000059],[117.2983847930001,8.181894387000055],[117.3369111720001,8.195634533000032],[117.34667132000006,8.211932746000059],[117.342360514,8.240450096000075],[117.35221260200002,8.290773534000037],[117.34340645100006,8.308028334000028],[117.31199228500009,8.330310464000034],[117.29491622600007,8.314979021000058],[117.27021292500001,8.312495434000027],[117.2666297180001,8.284736399000053],[117.271216116,8.244689854000056],[117.26281150900002,8.209508570000025],[117.2880417360001,8.185057212000059]]],[[[117.11774626700002,8.213655608000067],[117.11674196400007,8.239647683000042],[117.07990776600002,8.245009754000023],[117.08073703000002,8.221759640000073],[117.09056054500002,8.21398870100006],[117.11774626700002,8.213655608000067]]],[[[117.17280048700002,8.14854201700007],[117.20178052500012,8.151466583000055],[117.20384380400004,8.164180392000047],[117.18514197700004,8.177222358000051],[117.14015332200006,8.179950629000075],[117.14854163500003,8.15127003400005],[117.17280048700002,8.14854201700007]]],[[[117.02188882900009,8.070779860000073],[117.06265070800009,8.084966421000049],[117.05132800300011,8.116840387000025],[117.0243577540001,8.12874319900004],[116.99832402100002,8.10948686200004],[116.99077134900004,8.090394171000073],[117.02188882900009,8.070779860000073]]],[[[117.0194457360001,7.803709135000075],[117.06061554100008,7.842148720000067],[117.0788698450001,7.880177994000065],[117.07057648200009,7.900315486000066],[117.0865408430001,7.911597197000051],[117.08591886300006,7.933044318000045],[117.0750491130001,7.991416359000027],[117.08052469000008,8.046066218000021],[117.07193545800008,8.076373904000032],[117.042872396,8.066452435000032],[116.99819024600005,8.06256295000003],[116.99537337000004,8.034028306000039],[116.97523512500004,8.02026611700006],[116.96315022500006,8.030932918000074],[116.95222310900009,8.00100716000003],[116.96027999100012,7.990336164000043],[116.96561367900006,7.948248781000073],[116.942246585,7.929612115000055],[116.96756929700008,7.896531324000022],[116.98260237100011,7.853887833000045],[116.99420437100004,7.839183085000057],[116.993377484,7.814250108000065],[117.0194457360001,7.803709135000075]]]]},"properties":{"adm1_psgc":1700000000,"adm2_psgc":1705300000,"adm2_en":"Palawan","geo_level":"Prov","len_crs":6630994,"area_crs":14464840465,"len_km":6630,"area_km2":14464},"id":1705300000},
{"type":"Feature","geometry":{"type":"MultiPolygon","coordinates":[[[[122.03291565100004,12.94908815300005],[122.05561752300002,12.931094797000071],[122.06554910800003,12.909587133000059],[122.09105021200001,12.921665022000068],[122.09839941800008,12.957861781000076],[122.07587389700006,12.962783348000073],[122.04542578900009,12.961093972000068],[122.03291565100004,12.94908815300005]]],[[[121.71584623,12.895737388000043],[121.7361171560001,12.926856318000032],[121.72570178,12.943388110000056],[121.69532075600011,12.94769640000004],[121.68407759800006,12.931044955000061],[121.70136884900012,12.90079398000006],[121.71584623,12.895737388000043]]],[[[122.050894674,12.780681134000076],[122.060906251,12.784443026000076],[122.08962410600007,12.831527821000064],[122.0261654410001,12.806951565000075],[122.03136920200006,12.786825324000063],[122.050894674,12.780681134000076]]],[[[121.96607144100004,12.208991590000041],[121.96021269000006,12.174484884000035],[121.96904799600009,12.155102352000029],[122.0037689830001,12.12357355000006],[122.01706875200013,12.13768645600004],[122.04711161000013,12.19005972700006],[122.04584017300009,12.225281899000036],[122.06779518200007,12.276309833000026],[122.08090188400003,12.32080511000004],[122.09777636900004,12.356581894000042],[122.09481496100011,12.388359721000027],[122.10718481200001,12.424982553000063],[122.10641007600009,12.460137892000034],[122.11189114000001,12.497954015000062],[122.12374898000006,12.528857014000037],[122.13806633000003,12.536874889000046],[122.13181023800009,12.564058274000047],[122.13926223100009,12.58069527500004],[122.13085765000005,12.60723997300005],[122.13957589900008,12.627771087000044],[122.16241076900008,12.632170901000052],[122.15267752700004,12.660733486000026],[122.12870171600002,12.663363838000064],[122.098410252,12.645339457000032],[122.07209800200008,12.621033439000028],[122.03553017500008,12.618838461000054],[122.00174926200009,12.596791549000045],[121.99219192300005,12.570034564000023],[122.00974984400013,12.544909178000069],[122.00558962800005,12.52339505900005],[122.01657862700007,12.494458204000068],[121.99174947400002,12.41321444500005],[121.97300119300009,12.40167358000002],[121.95318142400004,12.404552839000075],[121.94287016700004,12.393420939000064],[121.93853168800003,12.339689538000071],[121.92227894500002,12.318436404000064],[121.96286158200007,12.262942477000024],[121.98141186700002,12.26274729700003],[122.01209887200002,12.241189658000051],[122.01543896300007,12.22231078200002],[121.99710160600013,12.213266393000023],[121.98864306400003,12.189520479000066],[121.96607144100004,12.208991590000041]]],[[[122.29577559300003,12.601945509000073],[122.27944318900008,12.623090820000073],[122.26880139000002,12.58352357900003],[122.24678453800004,12.56999862200007],[122.26168547600003,12.54316520800006],[122.26005279900005,12.51538617400007],[122.27118932900008,12.49098034700006],[122.30229985200002,12.478061281000066],[122.32672329900005,12.503459567000046],[122.32673840100006,12.541130532000066],[122.30854950800007,12.556130484000048],[122.309173901,12.571363976000045],[122.29528176000008,12.584753246000048],[122.29577559300003,12.601945509000073]]],[[[122.5444625,12.50563792200006],[122.51744472000009,12.492912183000044],[122.49401186000013,12.498618197000043],[122.45632522500011,12.482223764000022],[122.4293235350001,12.458090773000036],[122.42330962100004,12.442802437000068],[122.43383758300003,12.412760486000025],[122.45233277800004,12.395814121000056],[122.52697890900004,12.370952917000066],[122.55239349400007,12.348327835000076],[122.56374368100012,12.311459866000064],[122.59647202300005,12.304040943000073],[122.63406047700005,12.283697168000062],[122.66989734700007,12.310137503000021],[122.68637673100011,12.34072732900006],[122.69269709600009,12.364839897000023],[122.68595118800012,12.381244184000023],[122.6983129780001,12.39814877300006],[122.67511831500009,12.439496755000048],[122.65468045400007,12.483956369000056],[122.63490709300005,12.492198191000053],[122.5970015590001,12.489860632000045],[122.5444625,12.50563792200006]]],[[[121.93685991000007,12.096793871000045],[121.91575736100005,12.084459866000028],[121.91069489900009,12.063014281000049],[121.924225868,12.043435657000032],[121.95750141000008,12.032654130000026],[121.96138833300007,12.066209613000071],[121.94790395400003,12.09531698400002],[121.93685991000007,12.096793871000045]]]]},"properties":{"adm1_psgc":1700000000,"adm2_psgc":1705900000,"adm2_en":"Romblon","geo_level":"Prov","len_crs":625469,"area_crs":1308883380,"len_km":625,"area_km2":1308},"id":1705900000},
{"type":"Feature","geometry":{"type":"MultiPolygon","coordinates":[[[[121.91717787000006,6.674741475000076],[121.8845945390001,6.656578388000071],[121.86794334600006,6.673485680000055],[121.845685923,6.682524789000069],[121.81526328200005,6.665070295000022],[121.79499172900013,6.630069024000023],[121.79796654100004,6.598116452000056],[121.82434017000003,6.583890697000071],[121.84992507700007,6.586377525000046],[121.86750047100008,6.574842004000061],[121.87081993700006,6.552734873000077],[121.8647537170001,6.520263796000052],[121.87292402800006,6.500247977000072],[121.90077027800008,6.482444857000075],[121.91908180300004,6.447147104000066],[121.9536347940001,6.427697850000071],[121.95543057300007,6.407615672000076],[122.01411053900006,6.410612412000035],[122.06096095800001,6.417519916000061],[122.10668566200002,6.439649849000032],[122.1827472670001,6.456337921000058],[122.19619455000009,6.468195124000032],[122.19950668000001,6.492896344000029],[122.19061670500002,6.52134221600005],[122.19841487400004,6.526663640000039],[122.21212456100011,6.580898362000027],[122.24824620100003,6.59610361700004],[122.25621387700005,6.588402466000049],[122.28222029300002,6.594964443000038],[122.30147096600001,6.590380801000038],[122.32691199500005,6.616795145000026],[122.32168939000009,6.635486393000063],[122.29331535900008,6.64743129900006],[122.26609525800006,6.641381847000046],[122.23547423200012,6.665153211000074],[122.22234903100004,6.661244075000068],[122.18971196100006,6.669768977000046],[122.1738140440001,6.663139266000031],[122.13974362800002,6.676898204000055],[122.14121555100009,6.702040162000059],[122.13263396200013,6.719219906000034],[122.11435891400004,6.722105189000046],[122.0943917300001,6.714745652000031],[122.07483784500005,6.748915990000058],[122.04715818800001,6.749015081000039],[122.0325893050001,6.741121540000051],[122.0306218390001,6.701449177000029],[122.04429230000007,6.682791300000076],[122.0469141000001,6.681510900000034],[122.05049613300002,6.673644787000057],[122.04895763300011,6.671435657000074],[122.046853,6.66220370000002],[122.04753030000006,6.657513700000038],[122.03643280000007,6.651996800000062],[122.03796010000009,6.648463200000038],[122.03562980000004,6.645463400000039],[122.036241,6.642316900000025],[122.03002564800012,6.617820360000053],[122.04032610500006,6.595145655000066],[122.04289291400005,6.56481997900005],[121.94891890100007,6.563617649000036],[121.94738791200008,6.564494788000047],[121.93633663300011,6.576937155000053],[121.93689648000009,6.579941511000073],[121.94273645600005,6.601946423000071],[121.94396662300007,6.603170510000041],[121.91729957700011,6.63746050800006],[121.91717787000006,6.674741475000076]]],[[[121.61887155600004,6.558916965000035],[121.62290065000002,6.579315012000052],[121.61960040600003,6.62181938900005],[121.63204444000007,6.652973098000074],[121.61385228500002,6.661344291000035],[121.59299482100005,6.684631417000047],[121.58470914600002,6.66366269200006],[121.60124799200003,6.639448982000032],[121.59940129600012,6.624786198000037],[121.61896366100007,6.599535459000037],[121.61887155600004,6.558916965000035]]],[[[121.97550062100004,6.361906394000073],[121.95048239900007,6.350511751000055],[121.95860906000006,6.335781437000037],[121.98131095400004,6.336710992000063],[121.97550062100004,6.361906394000073]]],[[[121.99395764600001,6.29618041300006],[121.98858200100005,6.307981375000053],[121.96348379600012,6.313003210000034],[121.9630629840001,6.287772176000034],[121.99395764600001,6.29618041300006]]]]},"properties":{"adm1_psgc":1900000000,"adm2_psgc":1900700000,"adm2_en":"Basilan","geo_level":"Prov","len_crs":765775,"area_crs":1133551657,"len_km":765,"area_km2":1133},"id":1900700000},
{"type":"Feature","geometry":{"type":"Polygon","coordinates":[[[124.52804919700009,7.638289207000071],[124.59036584400009,7.609324928000033],[124.64598135000006,7.603575178000028],[124.6516624940001,7.600821096000062],[124.67259318800008,7.599251294000056],[124.67786816300008,7.594194518000053],[124.6921723580001,7.590113846000065],[124.70868831300005,7.590968216000024],[124.71462806200009,7.593475539000051],[124.73340095100004,7.590107226000042],[124.7402921920001,7.591068371000062],[124.74806263900007,7.583610197000041],[124.75054724400002,7.575149550000047],[124.75524140100005,7.575518485000034],[124.76616345600006,7.560586482000076],[124.77217215500002,7.546048830000075],[124.79089464000003,7.542728348000025],[124.79119638100009,7.536129237000068],[124.8009556930001,7.521530414000039],[124.80393602200002,7.522003652000025],[124.80533800600007,7.521360214000026],[124.80750271500006,7.522753107000028],[124.81148661500004,7.529202342000078],[124.81115463700007,7.533274005000067],[124.81460546300002,7.535275808000051],[124.81666881300008,7.537142727000059],[124.81986409900003,7.536019987000032],[124.82059567500005,7.540853710000021],[124.82295419200011,7.541888840000071],[124.82628901900013,7.541656422000072],[124.82850568300012,7.54698301900004],[124.82512564100011,7.548996626000076],[124.82563649300003,7.55366273800007],[124.82511184900012,7.555309251000041],[124.82739781400005,7.556690343000071],[124.82458273500002,7.558528790000024],[124.8219577550001,7.562040396000046],[124.81845938200001,7.564037232000034],[124.81849861400009,7.567571240000063],[124.82023363600003,7.568825235000077],[124.82414489400003,7.568485952000057],[124.82490455300001,7.571591221000062],[124.81664243800004,7.570084968000059],[124.81522701900008,7.572087255000043],[124.81608254500009,7.575483109000062],[124.81910911500006,7.577818123000043],[124.81543488000013,7.579995657000039],[124.815176274,7.582328378000057],[124.82002001900003,7.589276444000063],[124.81614505400012,7.590650457000035],[124.81842655400008,7.594076047000047],[124.81371126600003,7.59638852900002],[124.81021167200002,7.592957670000033],[124.8073990890001,7.597659137000049],[124.81012264900004,7.600824828000039],[124.81070418000002,7.605544263000072],[124.80879644100003,7.609798246000026],[124.80835845400007,7.613993315000072],[124.80599504300004,7.614775145000068],[124.80340378900007,7.61346213200005],[124.80202864600004,7.614737236000052],[124.80394518800007,7.617227774000068],[124.806675507,7.619207376000078],[124.80512258100009,7.622628351000059],[124.79967573700003,7.622200396000037],[124.79908250900007,7.623151185000041],[124.80028262200005,7.626179411000066],[124.80316051300008,7.62738066000003],[124.79580181300004,7.628098229000046],[124.7960826740001,7.631288174000076],[124.7926858840001,7.631385626000055],[124.78841594700009,7.634874726000019],[124.78467427400005,7.63318853100003],[124.7848648480001,7.635880752000047],[124.78006974100002,7.637068129000053],[124.7759462910001,7.636486596000055],[124.77526230100011,7.638311778000059],[124.77666753800008,7.640023085000053],[124.77720672300008,7.645090331000062],[124.77570078200007,7.64469315600007],[124.77423795600009,7.64210424500004],[124.7731614280001,7.644589514000073],[124.76936477500008,7.645368076000068],[124.75908477300004,7.650961614000035],[124.7557803420001,7.654909472000042],[124.75860115800002,7.658514709000029],[124.75733971800003,7.661822002000064],[124.75760901300008,7.663580144000037],[124.75660809800002,7.665886888000044],[124.75593958700007,7.669789671000045],[124.75892435100003,7.673912964000067],[124.75643435100005,7.678757307000068],[124.75642236000012,7.681573885000034],[124.75386167600006,7.68271724400006],[124.75009137100005,7.682928508000032],[124.74686095800007,7.685622732000069],[124.74509215000013,7.685550991000071],[124.74340388100006,7.68955636100003],[124.7432865740001,7.692498657000043],[124.74268404800011,7.69480369000007],[124.74000158600006,7.698347105000038],[124.73884707500007,7.70136637200005],[124.73646919500004,7.69990372500007],[124.73653283600005,7.702648050000049],[124.73265050500005,7.702471811000065],[124.73082101900002,7.703144971000029],[124.732623481,7.708031542000069],[124.7324501270001,7.712112801000043],[124.73139153500007,7.715704298000049],[124.72922016500003,7.717876637000074],[124.72852694100006,7.720516810000047],[124.72958638300007,7.722128118000055],[124.73167330100011,7.721483199000033],[124.73385485900009,7.722910451000073],[124.73583501400003,7.725286490000031],[124.73938922300012,7.730661784000064],[124.73719563200007,7.731139812000039],[124.73643543000003,7.733466180000049],[124.73260872600008,7.73462640500003],[124.7311052240001,7.737535588000071],[124.72740104700006,7.746635032000029],[124.72435845600013,7.748926465000068],[124.72156107600006,7.749902471000042],[124.718379561,7.749870567000073],[124.71939097400002,7.75237055700006],[124.71757067900012,7.753789221000032],[124.71498394500009,7.752534370000033],[124.71147050000003,7.754228533000057],[124.70886902400002,7.759855901000037],[124.70990987800009,7.76391429200004],[124.70870442600005,7.769875670000035],[124.70682901500004,7.773247022000021],[124.70504372500011,7.777210763000029],[124.70474013600005,7.780107457000041],[124.70212755800004,7.780975762000024],[124.70050678500003,7.784279493000045],[124.6972933950001,7.786429528000041],[124.69288956400011,7.788050468000053],[124.69173079400004,7.789742092000039],[124.68825885600008,7.79036404900006],[124.68731882300006,7.792811740000046],[124.68258011800003,7.795841077000033],[124.68144881900004,7.801941112000066],[124.67774069500003,7.804641508000031],[124.67440653200003,7.809337678000076],[124.6757388540001,7.812143792000025],[124.67337419000012,7.816804851000029],[124.67050893800001,7.817012287000065],[124.6671977640001,7.820347567000053],[124.6640373780001,7.826736659000063],[124.66505281200013,7.829846356000076],[124.66257665000013,7.832212366000019],[124.6638390280001,7.834204876000058],[124.65952919500012,7.836050505000059],[124.65741232700007,7.834119062000071],[124.65371044200002,7.835301766000042],[124.65183394400003,7.836828147000062],[124.65086506300008,7.835266005000051],[124.63947260000009,7.840855447000025],[124.63709261600002,7.842573648000042],[124.63579822600002,7.845092096000032],[124.63177669800007,7.84637240400002],[124.63220535800008,7.850453635000064],[124.63010764100011,7.850838155000075],[124.62841737500003,7.858267611000031],[124.62713086500003,7.861596275000067],[124.62893834600003,7.863436971000057],[124.62720036500002,7.864460103000056],[124.626582567,7.86831056400007],[124.62398786100005,7.868141113000036],[124.62114628200005,7.868913824000059],[124.61935016700012,7.868280750000054],[124.61808397400013,7.873841179000066],[124.61945390900007,7.873822774000076],[124.62038895700005,7.876562628000045],[124.62269223700001,7.879288808000071],[124.6231716650001,7.885475454000074],[124.62222208600008,7.888696393000031],[124.61878716900004,7.887981693000029],[124.61500789800003,7.891520700000056],[124.61191537700005,7.893318024000051],[124.61004050500004,7.898255950000023],[124.60549724900012,7.897277526000037],[124.60280530800004,7.899240262000034],[124.60079373800009,7.902243121000026],[124.59761010300008,7.902537395000025],[124.59662721300002,7.904640052000047],[124.59862211800008,7.908384271000044],[124.59943237400013,7.906457551000073],[124.60153227500008,7.907464980000042],[124.60192866200009,7.909914519000039],[124.60064500400006,7.912445279000053],[124.56636062700012,7.973640005000049],[124.56645263800011,7.97696876200007],[124.56361466900012,7.984699210000031],[124.56221142900006,7.988193516000022],[124.56415870500007,7.989789626000059],[124.56478764500004,7.994089863000054],[124.56301600100005,7.996236010000075],[124.56111454400003,7.996804028000044],[124.56146185500006,7.998974633000044],[124.55901982300007,8.000654721000046],[124.55895240000005,8.00291042200007],[124.55743717400003,8.00436503800006],[124.55993275200002,8.007036907000042],[124.55950889300004,8.011052249000045],[124.55677879500001,8.013411263000021],[124.5569546710001,8.016297141000054],[124.5550034360001,8.01685804400006],[124.55300530000011,8.019711751000044],[124.55236832000003,8.022608413000055],[124.54838404500002,8.024689860000025],[124.54939252500004,8.026153625000063],[124.54800408600009,8.029671450000023],[124.549628546,8.035517722000067],[124.54813244200011,8.039544761000059],[124.54992880100008,8.04476617700004],[124.549216471,8.047155632000054],[124.54765668900005,8.048029572000075],[124.54917112500004,8.050115521000064],[124.547323397,8.055283348000048],[124.54576299900009,8.058065760000032],[124.5466503240001,8.063227629000039],[124.54747900400004,8.064921644000039],[124.54444493200003,8.067919128000028],[124.5446132410001,8.070427614000039],[124.53931742000009,8.07690846200006],[124.53717972600008,8.079769341000029],[124.5362499900001,8.08310256100003],[124.53836938400002,8.083602114000032],[124.53716690600004,8.090485116000025],[124.53438357100003,8.093055084000069],[124.5302753310001,8.095766806000029],[124.52763388900006,8.09832169300006],[124.52814376000003,8.100916383000026],[124.52585988400006,8.103717025000039],[124.52699031900012,8.104922909000038],[124.52525032200003,8.106447821000073],[124.52422999000011,8.110482651000039],[124.52278638200005,8.115147712000068],[124.52037611600007,8.115529166000046],[124.51667038000005,8.118420640000068],[124.5171458530001,8.120021376000064],[124.51523717200008,8.12202695600007],[124.51332237100007,8.122123601000053],[124.51184742400007,8.128074017000074],[124.51071750300002,8.129269107000027],[124.5064735320001,8.129444895000063],[124.50229698200009,8.132810472000074],[124.49954956400006,8.140349524000044],[124.49892875400008,8.144089777000033],[124.4953237630001,8.149014575000022],[124.49305823400005,8.149550188000035],[124.49233314300011,8.151095891000068],[124.48853243100005,8.151465747000032],[124.48845093800003,8.153880645000072],[124.48426424600007,8.154716393000058],[124.48593303900007,8.157169235000026],[124.48542496300001,8.158723490000057],[124.48026881700002,8.162042287000075],[124.45554609600005,8.13293686700007],[124.43501488000004,8.128414759000064],[124.43277813100009,8.129124025000067],[124.42434456600006,8.133068508000065],[124.41393203700011,8.137323493000054],[124.40466894700012,8.141588292000051],[124.39575697900011,8.153384322000022],[124.37657102300012,8.158134573000043],[124.36887539100007,8.156649365000018],[124.36749275600005,8.147470209000064],[124.36768578500006,8.145419111000024],[124.36910534800006,8.141570363000026],[124.37231649000012,8.131049318000064],[124.37347789400009,8.12725930700003],[124.36832942800005,8.124975243000051],[124.37013901300008,8.12291144100004],[124.37075230900007,8.120671706000051],[124.36801546900006,8.116234302000066],[124.36438228500003,8.11554489300005],[124.35102228800008,8.114811684000076],[124.35054011800003,8.111545548000036],[124.34914519800009,8.109872677000057],[124.34645435300001,8.108785327000021],[124.34559443800005,8.106119776000071],[124.34257100700006,8.106904291000033],[124.34148048300005,8.10466609400004],[124.33770848200002,8.10247530300006],[124.33467847000009,8.09143978700007],[124.33603955800004,8.085551316000021],[124.3318176910001,8.073890680000034],[124.28842639200002,8.056473836000064],[124.27609531600002,8.057790393000062],[124.2710008780001,8.055116248000047],[124.25577013600004,8.055173368000055],[124.2531621710001,8.055727981000073],[124.2512266220001,8.063097405000066],[124.2520901690001,8.064774683000053],[124.24950018100004,8.06906251300006],[124.24688280200009,8.070378140000058],[124.22019024400004,8.06807835400002],[124.21675105200006,8.070671152000044],[124.21402398200006,8.069949968000058],[124.21234011800006,8.067705201000024],[124.21303287700006,8.065042869000022],[124.21049733000007,8.06146637300003],[124.21134505300006,8.056939356000042],[124.21087441800013,8.051223760000028],[124.21195258600004,8.048658225000056],[124.20079366000004,8.047726688000068],[124.19914510900004,8.04594719700003],[124.20099001400001,8.04498724600006],[124.19983534800008,8.042684118000066],[124.19412436100004,8.021356720000028],[124.1576227700001,8.033463527000038],[124.10883464400003,8.029945532000056],[124.11135055800004,8.021062870000035],[124.1143295060001,7.985754760000019],[124.09703980000008,7.985363481000038],[124.09693629500009,7.980997563000073],[124.09856618900005,7.978283065000027],[124.10217630400008,7.975056195000034],[124.10355187200001,7.972682266000049],[124.10231617600006,7.968897865000031],[124.10163486000012,7.96445142400006],[124.03081920000012,7.952898652000045],[123.98784113600004,7.935095518000024],[124.00188328500008,7.912551852000035],[123.97742153800004,7.892975554000032],[123.97368923300009,7.874036868000074],[123.99573031600005,7.838661307000053],[124.02390819500012,7.828601493000061],[123.99551305900002,7.785322082000049],[124.00162475900004,7.742659211000047],[123.95932336000011,7.724984796000059],[123.90294426500009,7.729355503000024],[123.87027291100003,7.738132882000057],[123.85057305100007,7.734377462000055],[123.85317038100004,7.730323758000055],[123.85288119100004,7.72752534400007],[123.85495263400003,7.726183613000047],[123.85835929500001,7.727814220000028],[123.85997016100009,7.727529300000068],[123.85959943500006,7.724651773000058],[123.85989436800004,7.72053541400004],[123.86060628100006,7.718056680000076],[123.85769834500002,7.715328297000038],[123.85731266000005,7.712520361000031],[123.85594981200005,7.711326846000075],[123.8529570830001,7.710498432000065],[123.84965209300003,7.70708985600004],[123.850537335,7.69977059100006],[123.87469031000012,7.700882147000073],[123.90323602800005,7.689907214000073],[123.91634912100005,7.692565918000069],[123.96340100900012,7.667121500000063],[123.97847985400007,7.646166093000032],[124.01195565400008,7.647784533000047],[124.04479199300009,7.611002333000044],[124.04379811900002,7.602555169000027],[124.06753896500004,7.582122168000069],[124.0961485050001,7.536760075000074],[124.11842905200002,7.509965929000031],[124.13183990800007,7.47179730600004],[124.14344085900007,7.465260268000066],[124.14509579600008,7.437125034000077],[124.1676454420001,7.42864557300004],[124.1867093530001,7.412033425000059],[124.19520726200007,7.43575265000004],[124.18676489700009,7.453050466000038],[124.20454548500005,7.49070031700006],[124.21521657500011,7.49334045300003],[124.23650557500002,7.520440906000031],[124.24034052900004,7.542860437000058],[124.25133853700005,7.557921067000053],[124.27868143500007,7.557954299000073],[124.35373087800008,7.58642368900007],[124.52804919700009,7.638289207000071]]]},"properties":{"adm1_psgc":1900000000,"adm2_psgc":1903600000,"adm2_en":"Lanao del Sur","geo_level":"Prov","len_crs":465505,"area_crs":4103447649,"len_km":465,"area_km2":4103},"id":1903600000},
{"type":"Feature","geometry":{"type":"MultiPolygon","coordinates":[[[[120.6989065350001,6.394618202000061],[120.7118126240001,6.398176271000067],[120.71130320000009,6.437399806000032],[120.66886959900013,6.416865078000056],[120.67052442000012,6.403467708000051],[120.6989065350001,6.394618202000061]]],[[[120.5344509460001,6.238920604000044],[120.57775249100006,6.250871606000033],[120.5850404700001,6.292272445000036],[120.588794129,6.34485965300007],[120.60174895100009,6.392399476000037],[120.5714349630001,6.385308012000054],[120.55669941300005,6.374330690000023],[120.54156041300008,6.341293950000023],[120.5348434450001,6.298635187000059],[120.50800559000005,6.260967538000044],[120.48774020900011,6.27260960600006],[120.48005844000011,6.252946573000032],[120.51142548400004,6.249433457000065],[120.5344509460001,6.238920604000044]]],[[[120.84248398400007,6.320552961000033],[120.8570348410001,6.308060411000042],[120.87098957800005,6.314235479000047],[120.874023394,6.336090657000056],[120.8469818440001,6.33783410500007],[120.84248398400007,6.320552961000033]]],[[[120.6629363630001,6.278954726000051],[120.66748438000003,6.305578222000063],[120.65184704700005,6.320002990000034],[120.64307553200001,6.291993748000038],[120.62113407500011,6.266866522000043],[120.63377556300009,6.250089613000056],[120.64867553400008,6.258209239000052],[120.6629363630001,6.278954726000051]]],[[[121.81735650800012,6.176415855000072],[121.80583370300008,6.171081484000069],[121.79600340600007,6.139642106000054],[121.80942605300005,6.130918570000063],[121.83026428000007,6.150883505000023],[121.81735650800012,6.176415855000072]]],[[[120.442778986,6.132996438000022],[120.45498962400006,6.136098403000062],[120.46457255200005,6.156899384000042],[120.456320708,6.171902336000073],[120.4276310670001,6.16584802400007],[120.4171250730001,6.150088844000037],[120.442778986,6.132996438000022]]],[[[121.84062454100001,6.147638086000028],[121.81284333000008,6.127500667000049],[121.8270081300001,6.115377369000044],[121.84622071000003,6.116664178000065],[121.85263551000003,6.139260789000047],[121.84062454100001,6.147638086000028]]],[[[121.76140461600005,6.09152301100005],[121.75641952600006,6.078358103000028],[121.77734917100008,6.053343659000062],[121.8020256100001,6.042449774000034],[121.80543149800009,6.028882872000054],[121.82888889900005,6.018887724000023],[121.8561343670001,5.998474002000022],[121.88263468700008,6.003245692000063],[121.90953312800004,6.018021103000023],[121.90514912700009,6.032784050000034],[121.8628085470001,6.019226812000057],[121.83983985100008,6.033971718000031],[121.817866459,6.03926029400003],[121.78731528300011,6.068214672000067],[121.77040724300002,6.092406302000027],[121.76140461600005,6.09152301100005]]],[[[121.28428908500007,5.859447009000062],[121.31103707500006,5.887585751000073],[121.35370959600004,5.918218852000052],[121.37526664600011,5.915519152000059],[121.38361151100004,5.936984752000057],[121.41392428900008,5.945591981000065],[121.42484095500005,5.958081092000042],[121.41836919400009,5.995711345000075],[121.39420768800005,6.010007735000043],[121.36893913700008,6.005279796000026],[121.34771018200003,6.010200627000074],[121.32691205900004,6.001728751000031],[121.27959852800007,6.018948006000073],[121.24429654200003,6.012873762000027],[121.21945399400009,5.995561008000038],[121.20498286200007,5.996685564000074],[121.18526276900002,6.021739016000025],[121.1811142240001,6.040402934000041],[121.16283393700009,6.05667625500007],[121.15397972900008,6.077723048000053],[121.13601926100011,6.078248676000043],[121.12156008700003,6.090422547000058],[121.0883898850001,6.085834515000043],[121.02710871500005,6.090094683000075],[121.01290655000004,6.069311765000066],[120.98349990100007,6.04467738900007],[120.9653210780001,6.043882847000019],[120.91797141500003,6.024838789000058],[120.89638812600005,6.001945233000071],[120.88465935200009,5.968851175000053],[120.8733066860001,5.954409310000072],[120.88004436200004,5.920293024000045],[120.91055868900003,5.909388673000022],[120.92275092500005,5.891672300000038],[120.94162287400003,5.890673684000034],[120.97599531900003,5.903575744000022],[121.00547406400005,5.922339821000037],[121.03612520700007,5.922747318000061],[121.0589756080001,5.88742490200002],[121.07438532700006,5.877613056000028],[121.09132289000001,5.897281324000062],[121.13429787500002,5.912225819000071],[121.14283915100009,5.925392921000026],[121.18220545000008,5.934443929000053],[121.19552644100007,5.952537750000035],[121.22315512700003,5.93737505100006],[121.24434189500005,5.918193900000063],[121.23296921600001,5.906954461000054],[121.24136085700003,5.888545644000033],[121.25490853300006,5.893257890000029],[121.27965702000007,5.872093548000066],[121.28428908500007,5.859447009000062]]],[[[121.69420168700002,5.998186941000029],[121.70308828500005,6.019459832000051],[121.7251252740001,6.03094599600007],[121.69117370200001,6.055014307000023],[121.67365111700009,6.05642679500005],[121.66945252700009,6.037368275000061],[121.68677796200008,6.029046803000028],[121.67588980300003,6.012505441000028],[121.65781468200011,6.004484687000058],[121.6705128110001,5.988901392000059],[121.69420168700002,5.998186941000029]]],[[[121.38018624300003,6.034094747000039],[121.38570335500005,6.01750084200006],[121.42652323100005,6.015449032000048],[121.43111925200003,6.042424214000049],[121.41224544600006,6.057112422000046],[121.39952347200007,6.054434032000073],[121.38018624300003,6.034094747000039]]],[[[121.53179291700008,5.995703121000077],[121.55415676200006,6.013511142000027],[121.55794944100012,6.036310847000038],[121.54075862000002,6.038161743000045],[121.52316308000002,6.001810669000065],[121.53179291700008,5.995703121000077]]],[[[121.57816295700003,5.979284256000027],[121.558112144,5.955211787000053],[121.56874337800004,5.933193117000029],[121.59604476100002,5.95231245900004],[121.59070756000006,5.973174194000022],[121.57816295700003,5.979284256000027]]],[[[121.13227049900001,5.807793567000032],[121.15088258800006,5.779838652000024],[121.19270371400012,5.789619451000021],[121.20825219500011,5.808720688000049],[121.19369551400008,5.835933462000071],[121.145900749,5.849640752000027],[121.13227049900001,5.807793567000032]]],[[[120.88028430000008,5.710216976000027],[120.89058576700006,5.69410581300002],[120.92452664100006,5.705726953000066],[120.93481607200009,5.718136884000046],[120.93117291200008,5.74622832800003],[120.91142956100009,5.759528117000059],[120.88596721400005,5.741871406000031],[120.88028430000008,5.710216976000027]]],[[[120.79485375600005,5.669885132000046],[120.8401293600001,5.664186599000061],[120.86262454200006,5.666274346000023],[120.88902600900008,5.693502243000069],[120.8530965000001,5.708472250000057],[120.83659246600007,5.710143162000064],[120.80347520900011,5.697835838000059],[120.79485375600005,5.669885132000046]]],[[[121.04546462500002,5.659222396000073],[121.06199728500007,5.666801188000023],[121.0729921410001,5.683744240000066],[121.05870752500005,5.693043366000041],[121.0306675700001,5.680754624000028],[121.02835546400001,5.665080904000035],[121.04546462500002,5.659222396000073]]],[[[120.82173141600003,5.56980427000002],[120.81229303400005,5.544657001000075],[120.81708713800005,5.52601624400006],[120.85691480200002,5.487558487000057],[120.8770141110001,5.493194308000056],[120.90794161500003,5.537873350000041],[120.86743124500005,5.585524930000076],[120.85048713100004,5.592233750000047],[120.82173141600003,5.56980427000002]]],[[[120.77157249500011,5.495540957000059],[120.80548038400002,5.530508321000069],[120.80896679700004,5.562581096000031],[120.79392859200006,5.569547785000054],[120.7647300870001,5.559690315000068],[120.7445033050001,5.517647001000056],[120.75878612500003,5.497786850000068],[120.77157249500011,5.495540957000059]]],[[[120.80064730100001,5.468054730000063],[120.80309555800012,5.510984489000065],[120.788484,5.511534173000029],[120.77281386500012,5.47715562700006],[120.79025066800011,5.455053231000022],[120.80064730100001,5.468054730000063]]]]},"properties":{"adm1_psgc":1900000000,"adm2_psgc":1906600000,"adm2_en":"Sulu","geo_level":"Prov","len_crs":2242590,"area_crs":1516335977,"len_km":2242,"area_km2":1516},"id":1906600000},
{"type":"Feature","geometry":{"type":"MultiPolygon","coordinates":[[[[118.53504843600003,6.963885141000047],[118.51516330000004,6.988365846000021],[118.52431616700007,7.039547209000034],[118.49945823200004,7.048461296000027],[118.47360398700005,7.028813235000029],[118.45368314000007,7.036151177000022],[118.41491767100001,7.017387832000054],[118.43046573900007,7.007217514000047],[118.42820392100009,6.990870747000031],[118.45100815700005,6.981334001000048],[118.48067365800013,6.98317397100004],[118.4852623060001,6.967340746000048],[118.53504843600003,6.963885141000047]]],[[[120.30604163200007,5.362543241000027],[120.3342187180001,5.373755472000027],[120.32201641000006,5.386575592000043],[120.29874795,5.38239151700003],[120.30604163200007,5.362543241000027]]],[[[119.81188366100001,5.122985683000024],[119.82542680000006,5.109521859000039],[119.81626301600011,5.081245457000023],[119.82029042900001,5.056220872000038],[119.83886625700006,5.047331857000074],[119.86180691400011,5.047170245000075],[119.86094188300002,5.06195698700003],[119.89386484900002,5.066732778000071],[119.92045158400003,5.084581087000061],[119.9436068120001,5.088298530000032],[119.96110686900009,5.07724598200002],[119.98318769200013,5.105027719000021],[120.00412739500008,5.144010725000044],[120.03476198100009,5.179053212000042],[120.05596634400001,5.176619298000048],[120.06047541100008,5.161463234000053],[120.09458689500002,5.150477088000059],[120.11505994000005,5.185721661000058],[120.12970749800003,5.196132133000049],[120.15369211800011,5.181133265000029],[120.16938864400004,5.187344548000056],[120.18309862600007,5.176229457000033],[120.1658534180001,5.147318793000068],[120.18645102100005,5.130871433000038],[120.21814267200013,5.147559659000024],[120.23959857800003,5.182833036000034],[120.23429162600007,5.202704870000047],[120.24746152600004,5.210222360000046],[120.254976499,5.256597223000028],[120.25016783600007,5.282975081000075],[120.21466491800004,5.302188240000021],[120.22126938000008,5.327108382000064],[120.20938479800009,5.348966045000054],[120.17592999400007,5.344557723000036],[120.14329304400007,5.319325485000036],[120.07519312900003,5.276771919000054],[120.04823055400004,5.251624839000043],[120.01615533200004,5.23114223500005],[119.97888421100004,5.236282030000039],[119.95837124000002,5.222730766000041],[119.9402415400001,5.18778700100006],[119.90487226800008,5.175171096000041],[119.88777682200009,5.157400996000034],[119.85755085000007,5.149996912000062],[119.83880690500008,5.154524282000068],[119.82224641700009,5.142761990000053],[119.81188366100001,5.122985683000024]]],[[[120.22977297900002,5.324069522000059],[120.21992288900005,5.302445111000053],[120.2402138770001,5.301763440000058],[120.22977297900002,5.324069522000059]]],[[[120.36009833600008,5.257462993000047],[120.33165139900007,5.224469938000028],[120.33291782300013,5.191378840000026],[120.35202265300006,5.202748413000052],[120.34708105300001,5.21571093500006],[120.36716349100003,5.250064218000034],[120.36009833600008,5.257462993000047]]],[[[120.26760483400005,5.173054326000055],[120.29686582700003,5.182784595000042],[120.31849272000011,5.204917514000045],[120.30685008600004,5.223294622000026],[120.270886603,5.256209807000062],[120.26047125800007,5.248934694000071],[120.25720933400011,5.217042161000051],[120.24361171300006,5.190569652000021],[120.26760483400005,5.173054326000055]]],[[[120.34512708000013,5.155915768000057],[120.32519250200004,5.153315790000023],[120.32029094200004,5.130878855000049],[120.3364469400001,5.117175381000036],[120.34871390800004,5.142935176000037],[120.34512708000013,5.155915768000057]]],[[[120.31895991300009,5.119418189000044],[120.27821429200004,5.10531424200002],[120.281764585,5.082738761000028],[120.31834390700011,5.103845010000043],[120.31895991300009,5.119418189000044]]],[[[119.74992761800002,5.034332815000027],[119.77557295400005,5.048110086000066],[119.78542253700003,5.041805842000029],[119.81777611200003,5.060974021000049],[119.80776779500003,5.078308286000037],[119.80661176900001,5.116848929000072],[119.77448514900003,5.104445547000069],[119.744922072,5.058546044000024],[119.74992761800002,5.034332815000027]]],[[[120.20942339300007,5.044875021000051],[120.19118072700009,5.028984168000021],[120.21464734900009,5.015194190000045],[120.22847102900006,5.033305343000051],[120.20942339300007,5.044875021000051]]],[[[119.74565060000009,5.006155368000065],[119.77250359000004,5.016203308000057],[119.77608017200009,5.030522262000034],[119.74110614200004,5.034094252000045],[119.74565060000009,5.006155368000065]]],[[[119.99474820300009,4.953309437000029],[120.01064072600003,4.96218570800005],[120.01343555900007,4.984114091000038],[120.02589836300001,5.006835968000075],[120.01666743100009,5.014363087000048],[119.99328031300003,5.00579404900003],[119.98930730900007,4.960299981000047],[119.99474820300009,4.953309437000029]]],[[[119.78945262700007,4.913931278000063],[119.80437343200003,4.854696837000063],[119.85350997200008,4.865624877000074],[119.85018122400004,4.894648149000033],[119.82099464900011,4.924024634000034],[119.7987415570001,4.924986617000059],[119.78945262700007,4.913931278000063]]],[[[119.45569542400006,4.651220240000043],[119.47666584500007,4.663082773000042],[119.50549259100002,4.744374354000057],[119.50697250000007,4.761184148000041],[119.49641195400011,4.828688458000047],[119.46833008600005,4.898371697000073],[119.44502694900007,4.903778768000051],[119.44658037000009,4.880109424000069],[119.45941159600011,4.832545706000074],[119.4660816920001,4.790027383000051],[119.46456046700007,4.732942055000024],[119.4561677270001,4.686136862000069],[119.45569542400006,4.651220240000043]]],[[[119.82630465700005,4.822648678000063],[119.80849447700008,4.817433610000024],[119.82299261500009,4.794100484000069],[119.8410393710001,4.790271220000021],[119.86699465600009,4.803739061000044],[119.82630465700005,4.822648678000063]]],[[[119.40188369500004,4.669034013000042],[119.41111971100007,4.69202176500005],[119.42109336600004,4.763935670000022],[119.41141694600005,4.764656560000049],[119.38932082100008,4.744614394000051],[119.40617672100007,4.725071138000033],[119.3931584390001,4.669656690000068],[119.40188369500004,4.669034013000042]]]]},"properties":{"adm1_psgc":1900000000,"adm2_psgc":1907000000,"adm2_en":"Tawi-Tawi","geo_level":"Prov","len_crs":1770217,"area_crs":1157107865,"len_km":1770,"area_km2":1157},"id":1907000000},
{"type":"Feature","geometry":{"type":"MultiPolygon","coordinates":[[[[124.45200512000007,7.423535557000035],[124.46325442800003,7.437708507000025],[124.48528910200002,7.438605069000062],[124.49092222900003,7.505225852000024],[124.52804919700009,7.638289207000071],[124.35373087800008,7.58642368900007],[124.27868143500007,7.557954299000073],[124.25133853700005,7.557921067000053],[124.24034052900004,7.542860437000058],[124.23650557500002,7.520440906000031],[124.21521657500011,7.49334045300003],[124.20454548500005,7.49070031700006],[124.18676489700009,7.453050466000038],[124.19520726200007,7.43575265000004],[124.1867093530001,7.412033425000059],[124.22372177500004,7.405602268000055],[124.2494883600001,7.406428100000024],[124.26071398000012,7.368132521000063],[124.25649511200004,7.347947489000035],[124.21507583200003,7.342712554000057],[124.21675891100006,7.308890440000027],[124.20729837300007,7.25052183300005],[124.19409900900007,7.25285743100005],[124.1712710060001,7.215521889000058],[124.15768450700013,7.175086849000025],[124.13223629600007,7.166226494000054],[124.11494267600007,7.150936274000058],[124.06742696100004,7.145391349000023],[124.03675816000009,7.10426396500003],[124.01250163300006,7.050464428000054],[123.99272356900009,7.021412233000034],[123.99521327300012,7.001625772000067],[123.96979993400011,6.963654424000025],[123.97065883900008,6.929882912000038],[123.95680852300005,6.910163674000046],[123.95685311500006,6.893879222000066],[123.97025622700005,6.883312497000075],[123.97262014300009,6.862136935000023],[123.95798552300005,6.855208523000044],[123.96319545000006,6.833606887000029],[123.95301474100006,6.819498804000032],[123.97570368000005,6.793831946000069],[123.96978309100008,6.775586197000053],[123.98750403000008,6.771464513000068],[123.99530735200007,6.79189629800004],[124.0103722760001,6.794074908000025],[124.02741406600002,6.782265267000072],[124.04082249700002,6.758219907000068],[124.0333427710001,6.740810256000032],[124.05580729200007,6.742982931000029],[124.09690035600012,6.747260983000045],[124.12713724600007,6.746921562000068],[124.12708933100011,6.752111149000029],[124.12372892700012,6.812812333000068],[124.12262076000002,6.838144271000032],[124.12287302100003,6.852899860000035],[124.14351930700002,6.936219677000055],[124.15839824600005,6.937772196000025],[124.18639361600003,6.923260995000021],[124.19881362500006,6.945695366000052],[124.22164342100007,6.968502340000042],[124.30678079500002,6.99211432100003],[124.33133438700008,7.025812093000069],[124.34081419600012,7.009131247000027],[124.36756000600008,7.000491819000046],[124.39513403300008,7.03769920600007],[124.40689582500012,7.06379753300007],[124.4200256700001,7.059656975000054],[124.43223825500002,7.088788390000047],[124.43257323100012,7.094453882000038],[124.44505001100002,7.110413201000029],[124.4606424540001,7.133282154000029],[124.46492467300006,7.171735246000027],[124.4743464620001,7.189169511000046],[124.48927706500001,7.19790874000006],[124.48961885200005,7.207222989000059],[124.47451455500006,7.207256223000055],[124.44998205200011,7.207310200000054],[124.45039416800013,7.221305623000035],[124.45056625000007,7.230499030000034],[124.44663737000009,7.231068867000035],[124.44353478800008,7.236254315000055],[124.436402197,7.227333650000048],[124.4265988080001,7.22616047400004],[124.42441128700011,7.230259086000049],[124.41668186700008,7.22884503800003],[124.41797896400011,7.221785431000058],[124.40711940300002,7.222196041000074],[124.3946495680001,7.224298599000065],[124.38450977200013,7.178378673000055],[124.35176481800012,7.165890603000037],[124.3390572300001,7.174352245000025],[124.36626343700006,7.235560970000052],[124.37455967100006,7.275411526000028],[124.37757367600013,7.286177091000071],[124.37667433,7.296937708000031],[124.39602007500004,7.355388001000049],[124.40575238200006,7.363209477000053],[124.45200512000007,7.423535557000035]]],[[[124.04697656800012,7.357487855000044],[124.0240270490001,7.337339007000026],[124.01457952200008,7.31914037500008],[124.02729442600001,7.294636294000042],[124.04465251200008,7.313304752000022],[124.04697656800012,7.357487855000044]]]]},"properties":{"adm1_psgc":1900000000,"adm2_psgc":1908700000,"adm2_en":"Maguindanao del Norte","geo_level":"Prov","len_crs":459520,"area_crs":2550339819,"len_km":459,"area_km2":2550},"id":1908700000},
{"type":"Feature","geometry":{"type":"Polygon","coordinates":[[[124.7117969520001,7.182737162000024],[124.69663665600002,7.171204794000061],[124.693927486,7.152287062000027],[124.69882942700008,7.151824615000066],[124.6990837730001,7.148217526000051],[124.70834684800002,7.141279319000034],[124.71556102500006,7.139996028000041],[124.71649748100003,7.133059319000041],[124.72718001200008,7.131325142000037],[124.72527241700004,7.123729446000026],[124.72756153100012,7.116862104000064],[124.73650988600004,7.113428433000024],[124.6996467130001,7.067440276000071],[124.69010008700002,7.073352400000035],[124.68813474700003,7.058526855000025],[124.69392674900007,7.050418998000055],[124.7034545570001,7.050546035000023],[124.70112553800003,7.038646862000063],[124.70998247700004,7.034920075000059],[124.71027223300007,7.021666191000064],[124.71662410500005,7.019548900000073],[124.67877487900012,6.94660172500005],[124.65675453500013,6.961356473000023],[124.58488102700005,6.970634080000026],[124.55808896800009,7.006636791000061],[124.55896135400009,7.017508071000066],[124.55571046600006,7.023554212000021],[124.5446676360001,7.019387057000073],[124.53324575500007,7.04038775300006],[124.53252661100011,7.040411460000031],[124.51915130700003,7.030999491000046],[124.50142558800009,7.030365309000046],[124.4594889980001,7.056220719000065],[124.45674244800011,7.07967992500005],[124.43988882300006,7.09196477200004],[124.43223825500002,7.088788390000047],[124.4200256700001,7.059656975000054],[124.40689582500012,7.06379753300007],[124.39513403300008,7.03769920600007],[124.36756000600008,7.000491819000046],[124.34081419600012,7.009131247000027],[124.33133438700008,7.025812093000069],[124.30678079500002,6.99211432100003],[124.22164342100007,6.968502340000042],[124.19881362500006,6.945695366000052],[124.18639361600003,6.923260995000021],[124.15839824600005,6.937772196000025],[124.14351930700002,6.936219677000055],[124.12287302100003,6.852899860000035],[124.12262076000002,6.838144271000032],[124.12372892700012,6.812812333000068],[124.12708933100011,6.752111149000029],[124.12713724600007,6.746921562000068],[124.14825644900009,6.746883796000019],[124.21014178100008,6.743249806000051],[124.21959601300011,6.739830347000065],[124.22832131900007,6.733910047000052],[124.24772433700004,6.756629778000047],[124.28391654000006,6.754070688000069],[124.2762655140001,6.736064673000042],[124.27895399600006,6.69617573000005],[124.41355869200004,6.727836713000043],[124.46527490600012,6.730109365000032],[124.51614574200006,6.727932620000047],[124.5132167060001,6.73654619000007],[124.516520827,6.743245528000045],[124.50931452600003,6.772891965000042],[124.53850747700007,6.773909106000075],[124.53749641900002,6.78112018300004],[124.57833560200004,6.783005277000029],[124.57702659400002,6.794578634000061],[124.58385058100008,6.800190842000064],[124.58572981500004,6.809829827000045],[124.57864301900008,6.815662274000033],[124.58358343900011,6.819577176000052],[124.58028927100008,6.850143099000037],[124.60295171500002,6.850612088000048],[124.60523736900006,6.871936180000033],[124.6265366660001,6.885147745000039],[124.63372708500003,6.887706705000027],[124.63756809600012,6.880305613000074],[124.66680578800002,6.869075349000069],[124.67048987800001,6.864012997000031],[124.66909662700004,6.855363229000033],[124.69065190300012,6.804071660000034],[124.69821664100006,6.799680297000065],[124.70441524900004,6.801785485000038],[124.71708527800003,6.810847400000056],[124.72493643100007,6.784795319000067],[124.74325513100007,6.747772360000055],[124.76194836000003,6.726858888000038],[124.77008903,6.727039460000071],[124.7761729450001,6.712117040000066],[124.782319302,6.706576478000044],[124.78363741700004,6.693444130000046],[124.7948975260001,6.683738603000053],[124.78709570600004,6.67697144300007],[124.76927305900006,6.676178916000027],[124.76099799200007,6.664839584000049],[124.78699595000013,6.649396808000063],[124.77517095100006,6.642719262000069],[124.78446518700002,6.637758798000049],[124.77892310100003,6.623288442000046],[124.78433936000009,6.613167108000027],[124.78550368600008,6.606117920000031],[124.81001733300002,6.61240035000003],[124.8202402070001,6.612889153000027],[124.82934209300005,6.604715895000028],[124.83825857700002,6.601456701000074],[124.8417958870001,6.607867359000068],[124.86302203700006,6.60862987300004],[124.87210866700003,6.617488596000043],[124.86828614,6.622645562000057],[124.86844955800007,6.643072075000019],[124.90200884800004,6.655854541000053],[124.88680814300004,6.677562946000023],[124.93130363100012,6.695667085000023],[124.96918503100005,6.709965978000071],[125.00681249200011,6.711873362000063],[125.00774339400006,6.734105528000044],[124.98352425400005,6.727055452000058],[124.96742147600003,6.739896512000031],[124.958628642,6.736979865000023],[124.95035051100002,6.755037343000026],[124.94623289100002,6.757353504000036],[124.95268549500008,6.784597325000049],[124.94599269700008,6.783555795000041],[124.93739725400006,6.790939251000054],[124.89134847900004,6.786620320000054],[124.88884483400011,6.796141742000031],[124.87122930400005,6.79764153900004],[124.85390046400005,6.790241958000023],[124.82964481100008,6.791900495000049],[124.82364160400004,6.815535639000076],[124.804196208,6.816775648000032],[124.80548632600005,6.841646872000068],[124.81199162100005,6.841965313000059],[124.82764072200007,6.859570552000037],[124.82655994800008,6.866405456000053],[124.82063490200005,6.866329458000052],[124.80410640700006,6.882344935000048],[124.80347215400003,6.948885853000035],[124.82383263900012,6.949087778000034],[124.82196366300003,7.044487835000041],[124.8252119780001,7.062747508000031],[124.80227421300002,7.071194877000037],[124.7719886320001,7.075949368000067],[124.7855462550001,7.101408897000056],[124.7849616640001,7.118717377000052],[124.78196495600004,7.131593536000024],[124.78687905700009,7.131326800000067],[124.79131098100004,7.124001814000054],[124.79752798600008,7.125971558000059],[124.7974664310001,7.133542762000048],[124.78841792000001,7.139205776000039],[124.78665612600003,7.144260107000036],[124.7775035740001,7.147930917000052],[124.77246232800009,7.156912165000051],[124.75934085700008,7.150634443000057],[124.72775840100007,7.176641707000043],[124.7117969520001,7.182737162000024]]]},"properties":{"adm1_psgc":1900000000,"adm2_psgc":1908800000,"adm2_en":"Maguindanao del Sur","geo_level":"Prov","len_crs":459919,"area_crs":2459987413,"len_km":459,"area_km2":2459},"id":1908800000},
{"type":"Feature","geometry":{"type":"MultiPolygon","coordinates":[[[[124.40575238200006,7.363209477000053],[124.41715019500009,7.361829480000043],[124.44759852600009,7.365182608000055],[124.45200512000007,7.423535557000035],[124.40575238200006,7.363209477000053]]],[[[124.88441261400011,7.311216527000054],[124.87713500100006,7.313698814000077],[124.87070362200006,7.307549513000026],[124.86111296900005,7.302697771000056],[124.86579546400003,7.29564582000006],[124.85965305200011,7.292931997000036],[124.85460506500011,7.283768454000039],[124.84704916100009,7.280649634000042],[124.8379499230001,7.280971162000073],[124.84027179800013,7.270744900000069],[124.81545188000007,7.272749409000029],[124.80486592000013,7.278593013000034],[124.79594694400011,7.280700886000034],[124.77388098200005,7.278857088000052],[124.76364497600002,7.270072764000077],[124.7625422540001,7.260401665000074],[124.76985738400003,7.253726558000037],[124.77089086400008,7.23820708100004],[124.76258045100008,7.232668790000048],[124.77275483000007,7.228227808000041],[124.78704807400004,7.232075695000049],[124.80035678900003,7.23306136900004],[124.80898859300008,7.230850477000048],[124.81972791400005,7.218369812000049],[124.81366256000001,7.206219660000043],[124.81478803500012,7.199279236000055],[124.82090561000007,7.187797631000023],[124.82007659900012,7.183707934000039],[124.8031502990001,7.142669423000029],[124.8085286790001,7.142279847000053],[124.81300914000009,7.150770839000073],[124.81779737400007,7.151771031000066],[124.82625265500009,7.147714204000066],[124.8384160180001,7.145646646000046],[124.848628157,7.147523283000055],[124.858385192,7.168437985000025],[124.85148364300005,7.175899235000034],[124.8490054120001,7.191669795000052],[124.86061636400007,7.240718134000076],[124.8840229750001,7.227516506000029],[124.90956944600009,7.215872876000048],[124.90907547400002,7.259712844000037],[124.91047971500006,7.303419765000058],[124.8933047270001,7.311574992000032],[124.88441261400011,7.311216527000054]]],[[[124.7117969520001,7.182737162000024],[124.71000023400008,7.187547801000049],[124.72151765300009,7.198107431000037],[124.72477413700005,7.205913415000054],[124.71885978700003,7.210941810000064],[124.72058380800001,7.217311110000024],[124.72637843400003,7.22277051100002],[124.72012885800007,7.233952703000057],[124.72014038200005,7.248157042000059],[124.71792721900009,7.253321087000074],[124.70973377500003,7.253636102000029],[124.68401904600013,7.241696090000058],[124.66756101100009,7.235391182000058],[124.669381756,7.229566050000075],[124.68005688400001,7.224778061000051],[124.68304938000006,7.219501817000037],[124.69025499600002,7.22084056600005],[124.69654186300012,7.212119014000052],[124.70555872600005,7.204204649000076],[124.70394435400011,7.197747157000036],[124.69208040900003,7.204922408000074],[124.68140644100004,7.205703430000028],[124.67641302200002,7.203366879000043],[124.67889885200009,7.192281817000037],[124.66838714800008,7.194955526000058],[124.66593319600008,7.188216315000035],[124.67208638900001,7.183711299000039],[124.67866116000005,7.17355728000007],[124.68342779300008,7.171674949000019],[124.67920084800005,7.152254865000032],[124.693927486,7.152287062000027],[124.69663665600002,7.171204794000061],[124.7117969520001,7.182737162000024]]],[[[124.40711940300002,7.222196041000074],[124.41539658400008,7.235743985000055],[124.40280910000001,7.234923149000053],[124.36626343700006,7.235560970000052],[124.3390572300001,7.174352245000025],[124.35176481800012,7.165890603000037],[124.38450977200013,7.178378673000055],[124.3946495680001,7.224298599000065],[124.40711940300002,7.222196041000074]]],[[[124.47451455500006,7.207256223000055],[124.47444547000009,7.216184728000031],[124.46756777700011,7.228463736000037],[124.45356539500006,7.228009739000072],[124.45056625000007,7.230499030000034],[124.45039416800013,7.221305623000035],[124.44998205200011,7.207310200000054],[124.47451455500006,7.207256223000055]]],[[[124.77246232800009,7.156912165000051],[124.77436011000009,7.157974799000043],[124.78935738200006,7.16678630700005],[124.78564919400004,7.18553325800002],[124.78445446500007,7.202298681000056],[124.7459257380001,7.209533199000021],[124.74227696500007,7.203477788000043],[124.73513468500005,7.200217182000074],[124.73443598300003,7.192919635000065],[124.72775840100007,7.176641707000043],[124.75934085700008,7.150634443000057],[124.77246232800009,7.156912165000051]]],[[[124.51915130700003,7.030999491000046],[124.51962315300013,7.032248510000045],[124.51945193300003,7.044227015000047],[124.53774377800005,7.088158932000056],[124.52191661700012,7.099576377000062],[124.51952133100008,7.137542698000061],[124.50760380900012,7.137283683000021],[124.50761817800003,7.142089077000037],[124.49914233200002,7.145891729000025],[124.48209256800008,7.150595595000027],[124.4815991690001,7.170506233000026],[124.46492467300006,7.171735246000027],[124.4606424540001,7.133282154000029],[124.44505001100002,7.110413201000029],[124.47159402600005,7.086087509000038],[124.45674244800011,7.07967992500005],[124.4594889980001,7.056220719000065],[124.50142558800009,7.030365309000046],[124.51915130700003,7.030999491000046]]],[[[124.8872492910001,7.146881429000074],[124.87265656000012,7.14311367600004],[124.86789944100008,7.131724458000065],[124.87524892500007,7.130486499000028],[124.88906826800007,7.133762352000075],[124.8872492910001,7.146881429000074]]],[[[124.73650988600004,7.113428433000024],[124.72048664800002,7.112390309000033],[124.70744357700005,7.116904495000028],[124.70112335400005,7.12179337400005],[124.67581631100006,7.134801803000072],[124.67193571200006,7.123897774000057],[124.66745627900004,7.118520611000064],[124.66457708100006,7.100798032000057],[124.68428289200006,7.094783801000063],[124.69914147200005,7.068544088000066],[124.6996467130001,7.067440276000071],[124.73650988600004,7.113428433000024]]],[[[124.71662410500005,7.019548900000073],[124.69271773900006,7.01940432300006],[124.69281365600013,7.011922805000039],[124.68164999500006,7.01214174200004],[124.6815747390001,7.026917395000057],[124.68706672800012,7.034327589000042],[124.67066556700001,7.049032415000056],[124.6670030670001,7.049059172000056],[124.66701543100011,7.034358027000053],[124.63783972000012,7.034306416000049],[124.63428973000009,7.041836913000055],[124.625323449,7.050060449000056],[124.62493449500006,7.064025092000066],[124.6471812850001,7.063937114000056],[124.64514868600008,7.072321585000053],[124.63873329500007,7.080324944000039],[124.632344815,7.083217999000055],[124.62677081700008,7.096792449000077],[124.62850827800003,7.108372670000052],[124.635415328,7.116957269000066],[124.63061377300004,7.125661692000052],[124.62549733300013,7.122446055000069],[124.61719935000006,7.123848531000022],[124.61169385700009,7.108136129000059],[124.61461043600002,7.089431201000026],[124.61031446700008,7.078884297000058],[124.58973309500004,7.084123812000029],[124.58479903800003,7.091482318000033],[124.57293732100005,7.096565168000041],[124.57346688800011,7.119293407000042],[124.56094382300013,7.121408170000053],[124.56032861800009,7.099547869000048],[124.56387328400001,7.099388055000077],[124.56165952000003,7.083302147000039],[124.58076324500006,7.083439091000058],[124.58571335300007,7.071131540000067],[124.56830131700006,7.059610789000033],[124.54002112,7.051938963000054],[124.53324575500007,7.04038775300006],[124.5446676360001,7.019387057000073],[124.55571046600006,7.023554212000021],[124.55594492200008,7.024276149000058],[124.5666275220001,7.051214263000078],[124.59526733400001,7.049137330000064],[124.59768883200003,7.040690047000055],[124.61374856400005,7.036584363000031],[124.60760923200009,7.024153445000023],[124.60947618800004,6.994183876000021],[124.57602387800011,6.993941117000077],[124.573959693,7.004791358000036],[124.56594044700013,7.015494871000045],[124.55896135400009,7.017508071000066],[124.55808896800009,7.006636791000061],[124.58488102700005,6.970634080000026],[124.65675453500013,6.961356473000023],[124.67877487900012,6.94660172500005],[124.71662410500005,7.019548900000073]]],[[[124.69010008700002,7.073352400000035],[124.68597760700003,7.080635022000022],[124.67230182800006,7.063597287000051],[124.67481795600008,7.057302976000073],[124.68813474700003,7.058526855000025],[124.69010008700002,7.073352400000035]]]]},"properties":{"adm1_psgc":1900000000,"adm2_psgc":1909900000,"adm2_en":"North Cotabato","geo_level":null,"len_crs":445919,"area_crs":542850232,"len_km":445,"area_km2":542},"id":1909900000}
]}